Event	Sample label (DSDP/ODP/IODP sample designation)	Depth sed [m] (mbsf)	Depth comp [mcd] (shipboard)	Depth comp [mcd] (Drury et al. (2017))	Age [ka BP]	Age unc [±]	UK'37	SST (1-12) [°C] (Calculated from UK'37 (Prahl ...)	SST (1-12) [°C] (Calculated from UK'37 (Müller...)	SST (1-12) [°C] (modern, extracted from the Wo...)	SST anomaly [°C] (relative to Modern)	SST anomaly [°C] (relative to Modern Corrected ...)
162-982A	162-982A-1H-1,0-2	0	0	0	0.1	5	0.493	13.35	13.61	10.8	2.72	2.76
162-982A	162-982A-1H-1,7.5-9.5	0.075	0.075	0.075	0.9	5	0.475	12.82	13.06		2.41	2.46
162-982A	162-982A-1H-1,15-17	0.15	0.15	0.15	2	5	0.512	13.91	14.18		3.32	3.37
162-982A	162-982A-1H-1,22.5-24.5	0.225	0.225	0.225	3.2	5	0.523	14.24	14.52		3.62	3.67
162-982A	162-982A-1H-1,37.5-39.5	0.375	0.375	0.375	5.5	5	0.503	13.65	13.91		3.02	3.06
162-982A	162-982A-1H-1,45-47	0.45	0.45	0.45	6.9	5	0.526	14.32	14.61		3.93	3.97
162-982A	162-982A-1H-1,52.5-54.5	0.525	0.525	0.525	8.5	5	0.545	14.88	15.18		4.53	4.58
162-982A	162-982A-1H-1,60-62	0.6	0.6	0.6	10.4	5	0.548	14.97	15.27		4.53	4.58
162-982A	162-982A-1H-1,67.5-69.5	0.675	0.675	0.675	12.3	5	0.467	12.59	12.82		2.11	2.15
162-982A	162-982A-1H-1,75-77	0.75	0.75	0.75	14.6	5	0.464	12.5	12.73		1.81	1.85
162-982A	162-982A-1H-1,82.5-84.5	0.825	0.825	0.825	17.2	5	0.509	13.82	14.09		3.32	3.37
162-982A	162-982A-1H-1,90-92	0.9	0.9	0.9	20.5	5	0.477	12.88	13.12		2.41	2.46
162-982A	162-982A-1H-1,97.5-99.5	0.975	0.975	0.975	23.8	5	0.514	13.97	14.24		3.62	3.67
162-982A	162-982A-1H-1,105-107	1.05	1.05	1.05	27.2	5	0.475	12.82	13.06		2.11	2.15
162-982A	162-982A-1H-1,112.5-114.5	1.125	1.125	1.125	30.7	5	0.423	11.29	11.48		0.59	0.64
162-982A	162-982A-1H-1,120-122	1.2	1.2	1.2	34.3	5	0.365	9.59	9.73		-0.92	-0.88
162-982A	162-982A-1H-1,127.5-129.5	1.275	1.275	1.275	38	5	0.345	9	9.12		-1.53	-1.48
162-982A	162-982A-1H-1,135-137	1.35	1.35	1.35	41.6	5	0.375	9.88	10.03		-0.62	-0.57
162-982A	162-982A-1H-1,142.5-144.5	1.425	1.425	1.425	45.3	5	0.441	11.82	12.03		1.2	1.24
162-982A	162-982A-1H-2,0-2	1.5	1.5	1.5	48.9	5	0.36	9.44	9.58		-1.22	-1.18
162-982A	162-982A-1H-2,7.5-9.5	1.575	1.575	1.575	52.6	5	0.359	9.41	9.55		-1.22	-1.18
162-982A	162-982A-1H-2,15-17	1.65	1.65	1.65	56.2	5	0.335	8.71	8.82		-2.13	-2.09
162-982A	162-982A-1H-2,22.5-24.5	1.725	1.725	1.725	60.1	5	0.36	9.44	9.58		-1.53	-1.48
162-982A	162-982A-1H-2,30-32	1.8	1.8	1.8	64.6	5	0.44	11.79	12		1.2	1.24
162-982A	162-982A-1H-2,37.5-39.5	1.875	1.875	1.875	69.3	5	0.424	11.32	11.52		0.59	0.64
162-982A	162-982A-1H-2,45-47	1.95	1.95	1.95	74.2	5	0.48	12.97	13.21		2.41	2.46
162-982A	162-982A-1H-2,52.5-54.5	2.025	2.025	2.025	79.1	5	0.495	13.41	13.67		2.72	2.76
162-982A	162-982A-1H-2,60-62	2.1	2.1	2.1	83.9	5	0.49	13.26	13.52		2.72	2.76
162-982A	162-982A-1H-2,67.5-69.5	2.175	2.175	2.175	88.8	5	0.443	11.88	12.09		1.2	1.24
162-982A	162-982A-1H-2,75-77	2.25	2.25	2.25	93	5	0.459	12.35	12.58		1.81	1.85
162-982A	162-982A-1H-2,82.5-84.5	2.325	2.325	2.325	96.8	5	0.47	12.68	12.91		2.11	2.15
162-982A	162-982A-1H-2,90-92	2.4	2.4	2.4	100.5	5	0.48	12.97	13.21		2.41	2.46
162-982A	162-982A-1H-2,97.5-99.5	2.475	2.475	2.475	104.1	5	0.589	16.18	16.52		5.75	5.79
162-982A	162-982A-1H-2,105-107	2.55	2.55	2.55	107.8	5	0.536	14.62	14.91		4.23	4.27
162-982A	162-982A-1H-2,112.5-114.5	2.625	2.625	2.625	111.5	5	0.389	10.29	10.45		-0.32	-0.27
162-982A	162-982A-1H-2,120-122	2.7	2.7	2.7	115.4	5	0.591	16.24	16.58		5.75	5.79
162-982A	162-982A-1H-2,127.5-129.5	2.775	2.775	2.775	119.3	5	0.583	16	16.33		5.44	5.49
162-982A	162-982A-1H-2,135-137	2.85	2.85	2.85	123.2	5	0.536	14.62	14.91		4.23	4.27
162-982A	162-982A-1H-2,142.5-144.5	2.925	2.925	2.925	128	5	0.492	13.32	13.58		2.72	2.76
162-982A	162-982A-1H-3,0-2	3	3	3	135.1	5	0.521	14.18	14.45		3.62	3.67
162-982A	162-982A-1H-3,7.5-9.5	3.075	3.075	3.075	142.4	5	0.427	11.41	11.61		0.9	0.94
162-982A	162-982A-1H-3,15-17	3.15	3.15	3.15	149.7	5	0.378	9.97	10.12		-0.62	-0.58
162-982A	162-982A-1H-3,22.5-24.5	3.225	3.225	3.225	157	5	0.48	12.97	13.21		2.41	2.45
162-982A	162-982A-1H-3,30-32	3.3	3.3	3.3	163.9	5	0.427	11.41	11.61		0.9	0.94
162-982A	162-982A-1H-3,37.5-39.5	3.375	3.375	3.375	169.2	5	0.423	11.29	11.48		0.59	0.64
162-982A	162-982A-1H-3,45-47	3.45	3.45	3.45	173.7	5	0.423	11.29	11.48		0.59	0.64
162-982A	162-982A-1H-3,52.5-54.5	3.525	3.525	3.525	178.1	5	0.506	13.74	14		3.32	3.36
162-982A	162-982A-1H-3,60-62	3.6	3.6	3.6	182.2	5	0.434	11.62	11.82		0.9	0.94
162-982A	162-982A-1H-3,67.5-69.5	3.675	3.675	3.675	185.9	5	0.451	12.12	12.33		1.5	1.55
162-982A	162-982A-1H-3,75-77	3.75	3.75	3.75	189.5	5	0.432	11.56	11.76		0.9	0.94
162-982A	162-982A-1H-3,82.5-84.5	3.825	3.825	3.825	193	5	0.455	12.24	12.45		1.5	1.55
162-982A	162-982A-1H-3,90-92	3.9	3.9	3.9	196.2	5	0.457	12.29	12.52		1.81	1.85
162-982A	162-982A-1H-3,97.5-99.5	3.975	3.975	3.975	198.8	5	0.519	14.12	14.39		3.62	3.67
162-982A	162-982A-1H-3,105-107	4.05	4.05	4.05	201.3	5	0.508	13.79	14.06		3.32	3.36
162-982A	162-982A-1H-3,112.5-114.5	4.125	4.125	4.125	203.9	5	0.502	13.62	13.88		3.02	3.06
162-982A	162-982A-1H-3,120-122	4.2	4.2	4.2	206.4	5	0.536	14.62	14.91		4.23	4.27
162-982A	162-982A-1H-3,127.5-129.5	4.275	4.275	4.275	209	5	0.548	14.97	15.27		4.53	4.58
162-982A	162-982A-1H-3,135-137	4.35	4.35	4.35	211.9	5	0.496	13.44	13.7		3.02	3.06
162-982A	162-982A-1H-3,142.5-144.5	4.425	4.425	4.425	215.2	5	0.456	12.26	12.48		1.81	1.85
162-982A	162-982A-1H-4,0-2	4.5	4.5	4.5	218.5	5	0.505	13.71	13.97		3.32	3.36
162-982A	162-982A-1H-4,7.5-9.5	4.575	4.575	4.575	222	5	0.521	14.18	14.45		3.62	3.67
162-982A	162-982A-1H-4,15-17	4.65	4.65	4.65	225.5	5	0.528	14.38	14.67		3.93	3.97
162-982A	162-982A-1H-4,22.5-24.5	4.725	4.725	4.725	229.2	5	0.532	14.5	14.79		3.93	3.97
162-982A	162-982A-1H-4,30-32	4.8	4.8	4.8	233	5	0.422	11.26	11.45		0.59	0.64
162-982A	162-982A-1H-4,37.5-39.5	4.875	4.875	4.875	237.5	5	0.397	10.53	10.7		-0.01	0.03
162-982A	162-982A-1H-4,45-47	4.95	4.95	4.95	243.4	5	0.359	9.41	9.55		-1.22	-1.18
162-982A	162-982A-1H-4,52.5-54.5	5.025	5.025	5.025	250.6	5	0.381	10.06	10.21		-0.62	-0.58
162-982A	162-982A-1H-4,60-62	5.1	5.1	5.1	257.9	5	0.363	9.53	9.67		-0.32	-0.27
162-982A	162-982A-1H-4,67.5-69.5	5.175	5.175	5.175	265.9	5	0.401	10.65	10.82		-0.01	0.03
162-982A	162-982A-1H-4,75-77	5.25	5.25	5.25	274.6	5	0.433	11.59	11.79		0.9	0.94
162-982A	162-982A-1H-4,82.5-84.5	5.325	5.325	5.325	282.1	5	0.459	12.35	12.58		1.81	1.85
162-982A	162-982A-1H-4,90-92	5.4	5.4	5.4	286.9	5	0.413	11	11.18		0.29	0.33
162-982A	162-982A-1H-4,97.5-99.5	5.475	5.475	5.475	291.2	5	0.419	11.18	11.36		0.59	0.64
162-982A	162-982A-1H-4,105-107	5.55	5.55	5.55	295	5	0.42	11.21	11.39		0.59	0.64
162-982A	162-982A-1H-4,112.5-114.5	5.625	5.625	5.625	298.6	5	0.51	13.85	14.12		3.32	3.36
162-982A	162-982A-1H-4,120-122	5.7	5.7	5.7	302.1	5	0.454	12.21	12.42		1.5	1.54
162-982A	162-982A-1H-4,127.5-129.5	5.775	5.775	5.775	305.5	5	0.459	12.35	12.58		1.81	1.85
162-982A	162-982A-1H-4,135-137	5.85	5.85	5.85	308.1	5	0.451	12.12	12.33		1.5	1.54
162-982A	162-982A-1H-4,141.5-143.5	5.915	5.915	5.915	310.1	5	0.452	12.15	12.36		1.5	1.54
162-982A	162-982A-1H-5,0-2	6	6	6	312.9	5	0.48	12.97	13.21		2.41	2.45
162-982A	162-982A-1H-5,7.5-9.5	6.075	6.075	6.075	315.2	5	0.514	13.97	14.24		3.32	3.36
162-982A	162-982A-1H-5,15-17	6.15	6.15	6.15	317.3	5	0.52	14.15	14.42		3.02	3.06
162-982A	162-982A-1H-5,22.5-24.5	6.225	6.225	6.225	319.4	5	0.513	13.94	14.21		3.32	3.36
162-982A	162-982A-1H-5,30-32	6.3	6.3	6.3	321.2	5	0.527	14.35	14.64		3.93	3.97
162-982A	162-982A-1H-5,37.5-39.5	6.375	6.375	6.375	322.9	5	0.52	14.15	14.42		3.62	3.67
162-982A	162-982A-1H-5,45-47	6.45	6.45	6.45	324.7	5	0.534	14.56	14.85		3.93	3.97
162-982A	162-982A-1H-5,52.5-54.5	6.525	6.525	6.525	326.4	5	0.524	14.26	14.55		3.62	3.67
162-982A	162-982A-1H-5,60-62	6.6	6.6	6.6	328.2	5	0.545	14.88	15.18		4.53	4.57
162-982A	162-982A-1H-5,67.5-69.5	6.675	6.675	6.675	330	5	0.532	14.5	14.79		3.93	3.97
162-982A	162-982A-1H-5,75-77	6.75	6.75	6.75	332.1	5	0.576	15.79	16.12		5.44	5.48
162-982A	162-982A-1H-5,82.5-84.5	6.825	6.825	6.825	334.3	5	0.523	14.24	14.52		3.62	3.67
162-982A	162-982A-1H-5,90-92	6.9	6.9	6.9	336.7	5	0.451	12.12	12.33		1.5	1.54
162-982A	162-982A-1H-5,97.5-99.5	6.975	6.975	6.975	339.2	5	0.558	15.26	15.58		4.84	4.88
162-982A	162-982A-1H-5,105-107	7.05	7.05	7.05	342.2	5	0.399	10.59	10.76		-0.01	0.03
162-982A	162-982A-1H-5,112.5-114.5	7.125	7.125	7.125	345.5	5	0.383	10.12	10.27		-0.62	-0.58
162-982A	162-982A-1H-5,120-122	7.2	7.2	7.2	348.9	5	0.412	10.97	11.15		0.29	0.33
162-982A	162-982A-1H-5,127.5-129.5	7.275	7.275	7.275	352.2	5	0.439	11.76	11.97		1.2	1.24
162-982A	162-982A-1H-5,135-137	7.35	7.35	7.35	355.5	5	0.392	10.38	10.55		-0.32	-0.27
162-982A	162-982A-1H-5,142.5-144.5	7.425	7.425	7.425	358.8	5	0.406	10.79	10.97		0.29	0.33
162-982A	162-982A-1H-6,0-2	7.5	7.5	7.5	362.2	5	0.449	12.06	12.27		1.2	1.24
162-982B	162-982B-2H-1,75-77	6.25	7.57	7.57	365.3	5	0.38	10.03	10.18		-0.62	-0.58
162-982A	162-982A-1H-6,7.5-9.5	7.575	7.575	7.575	365.5	5	0.379	10	10.15		-0.62	-0.58
162-982B	162-982B-2H-1,82.5-84.5	6.325	7.645	7.645	368.7	5	0.397	10.53	10.7		-0.01	0.03
162-982A	162-982A-1H-6,15-17	7.65	7.65	7.65	368.9	5	0.396	10.5	10.67		-0.01	0.03
162-982A	162-982A-1H-6,22.5-24.5	7.725	7.725	7.725	372.1	5	0.423	11.29	11.48		0.59	0.63
162-982B	162-982B-2H-1,97.5-99.5	6.475	7.795	7.795	374.9	5	0.423	11.29	11.48		0.59	0.63
162-982B	162-982B-2H-1,105-107	6.55	7.875	7.875	377.6	5	0.462	12.44	12.67		1.81	1.85
162-982B	162-982B-2H-1,112.5-114.5	6.625	7.945	7.945	380	5	0.426	11.38	11.58		0.9	0.94
162-982B	162-982B-2H-1,120-122	6.7	8.02	8.02	382.4	5	0.463	12.47	12.7		1.81	1.85
162-982B	162-982B-2H-1,127.5-129.5	6.775	8.095	8.095	384.9	5	0.46	12.38	12.61		1.81	1.85
162-982B	162-982B-2H-1,135-137	6.85	8.17	8.17	387.2	5	0.474	12.79	13.03		2.11	2.15
162-982B	162-982B-2H-1,142.5-144.5	6.925	8.245	8.245	389.6	5	0.503	13.65	13.91		3.02	3.06
162-982B	162-982B-2H-2,0-2	7	8.32	8.32	391.7	5	0.57	15.62	15.94		5.14	5.18
162-982B	162-982B-2H-2,7.5-9.5	7.075	8.395	8.395	393.8	5	0.55	15.03	15.33		4.53	4.57
162-982B	162-982B-2H-2,15-17	7.15	8.47	8.47	395.6	5	0.501	13.59	13.85		3.02	3.06
162-982B	162-982B-2H-2,22.5-24.5	7.225	8.545	8.545	397	5	0.55	15.03	15.33		4.53	4.57
162-982B	162-982B-2H-2,30-32	7.3	8.62	8.62	398.5	5	0.551	15.06	15.36		4.53	4.57
162-982B	162-982B-2H-2,37.5-39.5	7.375	8.695	8.695	399.9	5	0.554	15.15	15.45		4.53	4.57
162-982B	162-982B-2H-2,45-47	7.45	8.77	8.77	401.3	5	0.562	15.38	15.7		4.84	4.88
162-982B	162-982B-2H-2,52.5-54.5	7.525	8.845	8.845	402.5	5	0.558	15.26	15.58		4.84	4.88
162-982B	162-982B-2H-2,60-62	7.6	8.92	8.92	403.7	5	0.558	15.26	15.58		4.84	4.88
162-982B	162-982B-2H-2,67.5-69.5	7.675	8.995	8.995	404.8	5	0.567	15.53	15.85		5.14	5.18
162-982B	162-982B-2H-2,75-77	7.75	9.07	9.07	406	5	0.557	15.24	15.55		4.84	4.88
162-982B	162-982B-2H-2,82.5-84.5	7.825	9.145	9.145	407.1	5	0.56	15.32	15.64		4.84	4.88
162-982B	162-982B-2H-2,90-92	7.9	9.22	9.22	408.3	5	0.536	14.62	14.91		4.23	4.27
162-982B	162-982B-2H-2,97.5-99.5	7.975	9.295	9.295	409.5	5	0.533	14.53	14.82		3.93	3.97
162-982B	162-982B-2H-2,105-107	8.05	9.37	9.37	410.6	5	0.517	14.06	14.33		3.62	3.66
162-982B	162-982B-2H-2,112.5-114.5	8.125	9.445	9.445	411.8	5	0.524	14.26	14.55		3.62	3.66
162-982B	162-982B-2H-2,120-122	8.2	9.52	9.52	412.9	5	0.544	14.85	15.15		4.23	4.27
162-982B	162-982B-2H-2,127.5-129.5	8.275	9.595	9.595	414.1	5	0.55	15.03	15.33		4.53	4.57
162-982B	162-982B-2H-3,0-2	8.5	9.82	9.82	418.6	5	0.532	14.5	14.79		3.93	3.97
162-982B	162-982B-2H-3,25-27	8.75	10.07	10.07	424.9	5	0.489	13.24	13.48		2.72	2.76
162-982B	162-982B-2H-3,50-52	9	10.32	10.32	432.8	5	0.486	13.15	13.39		2.72	2.76
162-982B	162-982B-2H-3,75-77	9.25	10.57	10.57	443.8	5	0.465	12.53	12.76		1.81	1.85
162-982B	162-982B-2H-3,100-102	9.5	10.82	10.82	454.2	5	0.4	10.62	10.79		-0.01	0.03
162-982B	162-982B-2H-3,125-127	9.75	11.07	11.07	463	5	0.391	10.35	10.52		-0.32	-0.27
162-982B	162-982B-2H-4,0-2	10	11.32	11.32	470.9	5	0.437	11.71	11.91		1.2	1.24
162-982B	162-982B-2H-4,25-27	10.25	11.57	11.57	478	5	0.457	12.29	12.52		1.81	1.85
162-982B	162-982B-2H-4,50-52	10.5	11.82	11.82	483.9	5	0.433	11.59	11.79		0.9	0.94
162-982B	162-982B-2H-4,75-77	10.75	12.07	12.07	489.7	5	0.487	13.18	13.42		2.72	2.76
162-982B	162-982B-2H-4,100-102	11	12.32	12.32	495.6	5	0.503	13.65	13.91		3.02	3.06
162-982B	162-982B-2H-4,125-127	11.25	12.57	12.57	501.4	5	0.501	13.59	13.85		3.02	3.06
162-982B	162-982B-2H-5,0-2	11.5	12.82	12.82	507.2	5	0.479	12.94	13.18		2.41	2.45
162-982B	162-982B-2H-5,25-27	11.75	13.07	13.07	513.1	5	0.437	11.71	11.91		1.2	1.24
162-982B	162-982B-2H-5,50-52	12	13.32	13.32	518.9	5	0.458	12.32	12.55		1.81	1.85
162-982B	162-982B-2H-5,75-77	12.25	13.57	13.57	524.8	5	0.49	13.26	13.52		2.72	2.75
162-982B	162-982B-2H-5,100-102	12.5	13.82	13.82	530.7	5	0.466	12.56	12.79		2.11	2.15
162-982B	162-982B-2H-5,125-127	12.75	14.07	14.07	536.5	5	0.388	10.26	10.42		-0.32	-0.28
162-982B	162-982B-2H-6,0-2	13	14.32	14.32	541	5	0.396	10.5	10.67		-0.01	0.03
162-982B	162-982B-2H-6,25-27	13.25	14.57	14.57	546.6	5	0.379	10	10.15		-0.62	-0.58
162-982B	162-982B-2H-6,50-52	13.5	14.82	14.82	555.1	5	0.472	12.74	12.97		2.11	2.15
162-982B	162-982B-2H-6,75-77	13.75	15.07	15.07	571.6	5	0.468	12.62	12.85		2.11	2.15
162-982B	162-982B-2H-6,100-102	14	15.32	15.32	586.7	5	0.518	14.09	14.36		3.62	3.66
162-982B	162-982B-2H-6,125-127	14.25	15.57	15.57	597.3	5	0.502	13.62	13.88		3.02	3.06
162-982B	162-982B-2H-7,0-2	14.5	15.82	15.82	609.7	5	0.529	14.41	14.7		3.93	3.97
162-982C	162-982C-3H-2,125-127	16.05	16.01	16.01	620.8	5	0.483	13.06	13.3		2.41	2.45
162-982C	162-982C-3H-3,0-2	16.28	16.26	16.26	629.7	5	0.453	12.18	12.39		1.81	1.84
162-982C	162-982C-3H-3,25-27	16.53	16.51	16.51	633.8	5	0.44	11.79	12		1.2	1.24
162-982C	162-982C-3H-3,50-52	16.78	16.76	16.76	639.7	5	0.448	12.03	12.24		1.5	1.54
162-982C	162-982C-3H-3,75-77	17.03	17.01	17.01	646.9	5	0.445	11.94	12.15		1.2	1.24
162-982C	162-982C-3H-3,100-102	17.28	17.26	17.26	654.3	5	0.422	11.26	11.45		0.59	0.63
162-982C	162-982C-3H-3,125-127	17.53	17.51	17.51	666.5	5	0.467	12.59	12.82		1.81	1.84
162-982C	162-982C-3H-4,0-2	17.78	17.76	17.76	684.3	5	0.424	11.32	11.52		0.59	0.63
162-982C	162-982C-3H-4,25-27	18.03	18.01	18.01	696	5	0.462	12.44	12.67		1.81	1.84
162-982C	162-982C-3H-4,50-52	18.28	18.26	18.26	703.7	5	0.522	14.21	14.48		3.62	3.66
162-982C	162-982C-3H-4,75-77	18.53	18.51	18.51	710.4	5	0.515	14	14.27		3.32	3.36
162-982B	162-982B-3H-2,0-2	16.5	18.67	18.67	715	5	0.447	12	12.21		1.5	1.54
162-982B	162-982B-3H-2,25-27	16.75	18.92	18.92	727.6	5	0.472	12.74	12.97		2.11	2.15
162-982B	162-982B-3H-2,50-52	17	19.17	19.17	746	5	0.451	12.12	12.33		1.5	1.54
162-982B	162-982B-3H-2,75-77	17.25	19.42	19.42	763.5	5	0.47	12.68	12.91		2.11	2.15
162-982B	162-982B-3H-2,100-102	17.5	19.67	19.67	773.5	5	0.492	13.32	13.58		2.72	2.75
162-982B	162-982B-3H-2,125-127	17.75	19.92	19.92	780	5	0.52	14.15	14.42		3.62	3.66
162-982B	162-982B-3H-3,0-2	18	20.17	20.17	785.4	5	0.499	13.53	13.79		3.02	3.06
162-982B	162-982B-3H-3,25-27	18.25	20.42	20.42	794.9	5	0.338	8.79	8.91		-1.83	-1.79
162-982B	162-982B-3H-3,50-52	18.5	20.67	20.67	811.2	5	0.434	11.62	11.82		0.9	0.93
162-982B	162-982B-3H-3,75-77	18.75	20.92	20.92	821.6	5	0.445	11.94	12.15		1.2	1.24
162-982B	162-982B-3H-3,100-102	19	21.17	21.17	828.5	5	0.528	14.38	14.67		3.93	3.96
162-982B	162-982B-3H-3,125-127	19.25	21.42	21.42	835.8	5	0.497	13.47	13.73		3.02	3.06
162-982B	162-982B-3H-4,0-2	19.5	21.67	21.67	843.4	5	0.486	13.15	13.39		2.72	2.75
162-982B	162-982B-3H-4,25-27	19.75	21.92	21.92	848.9	5	0.458	12.32	12.55		1.81	1.84
162-982B	162-982B-3H-4,50-52	20	22.17	22.17	855	5	0.563	15.41	15.73		4.84	4.87
162-982B	162-982B-3H-4,75-77	20.25	22.42	22.42	863.2	5	0.51	13.85	14.12		3.32	3.36
162-982B	162-982B-3H-4,100-102	20.5	22.67	22.67	875.6	5	0.478	12.91	13.15		2.41	2.45
162-982B	162-982B-3H-4,125-127	20.75	22.92	22.92	889.4	5	0.527	14.35	14.64		3.62	3.66
162-982B	162-982B-3H-5,0-2	21	23.17	23.17	900.7	5	0.453	12.18	12.39		1.5	1.54
162-982B	162-982B-3H-5,25-27	21.25	23.42	23.42	910.7	5	0.41	10.91	11.09		0.29	0.33
162-982B	162-982B-3H-5,50-52	21.5	23.67	23.67	924.6	5	0.377	9.94	10.09		-0.62	-0.58
162-982B	162-982B-3H-5,75-77	21.75	23.92	23.92	939.1	5	0.428	11.44	11.64		0.9	0.93
162-982B	162-982B-3H-5,100-102	22	24.17	24.17	948.1	5	0.508	13.79	14.06		3.32	3.36
162-982B	162-982B-3H-5,125-127	22.25	24.42	24.42	956.2	5	0.557	15.24	15.55		4.84	4.87
162-982D	162-982D-1H-2,125-127	22.68	24.61	24.61	963	5	0.424	11.32	11.52		0.59	0.63
162-982D	162-982D-1H-3,0-2	22.93	24.86	24.86	975.3	5	0.427	11.41	11.61		0.9	0.93
162-982D	162-982D-1H-3,25-27	23.18	25.11	25.11	991.5	5	0.458	12.32	12.55		1.81	1.84
162-982D	162-982D-1H-3,50-52	23.43	25.36	25.36	1006.4	5	0.439	11.76	11.97		1.2	1.24
162-982D	162-982D-1H-3,75-77	23.68	25.61	25.61	1017.8	5	0.441	11.82	12.03		1.2	1.24
162-982D	162-982D-1H-3,100-102	23.93	25.86	25.86	1026.9	5	0.479	12.94	13.18		2.41	2.45
162-982D	162-982D-1H-3,125-127	24.18	26.11	26.11	1034.2	5	0.498	13.5	13.76		3.02	3.05
162-982D	162-982D-1H-4,0-2	24.43	26.36	26.36	1039.3	5	0.426	11.38	11.58		0.9	0.93
162-982D	162-982D-1H-4,25-27	24.68	26.61	26.61	1044.7	5	0.5	13.56	13.82		3.02	3.05
162-982D	162-982D-1H-4,50-52	24.93	26.86	26.86	1050.1	5	0.541	14.76	15.06		4.23	4.27
162-982D	162-982D-1H-4,75-77	25.18	27.11	27.11	1055.4	5	0.537	14.65	14.94		3.93	3.96
162-982D	162-982D-1H-4,100-102	25.43	27.36	27.36	1063	5	0.484	13.09	13.33		2.41	2.45
162-982D	162-982D-1H-4,125-127	25.68	27.61	27.61	1086.1	5	0.392	10.38	10.55		-0.32	-0.28
162-982D	162-982D-1H-5,0-2	25.93	27.86	27.86	1106.2	5	0.455	12.24	12.45		1.81	1.84
162-982B	162-982B-4H-1,75-77	25.25	28.32	28.32	1135.2	5	0.457	12.29	12.52		1.81	1.84
162-982B	162-982B-4H-1,100-102	25.5	28.57	28.57	1149	5	0.547	14.94	15.24		4.53	4.57
162-982B	162-982B-4H-1,125-127	25.75	28.82	28.82	1166.5	5	0.571	15.65	15.97		5.14	5.17
162-982B	162-982B-4H-2,0-2	26	29.07	29.07	1185.5	5	0.579	15.88	16.21		5.44	5.48
162-982B	162-982B-4H-2,25-27	26.25	29.32	29.32	1207.8	5	0.508	13.79	14.06		3.02	3.05
162-982B	162-982B-4H-2,50-52	26.5	29.57	29.57	1227.4	5	0.538	14.68	14.97		4.23	4.26
162-982B	162-982B-4H-2,75-77	26.75	29.82	29.82	1242.3	5	0.553	15.12	15.42		4.53	4.57
162-982B	162-982B-4H-2,100-102	27	30.07	30.07	1252.3	5	0.445	11.94	12.15		1.2	1.23
162-982B	162-982B-4H-2,105-107	27.05	30.12	30.12	1256	5	0.425	11.35	11.55		0.9	0.93
162-982B	162-982B-4H-2,110-112	27.1	30.17	30.17	1261.1	5	0.438	11.74	11.94		1.2	1.23
162-982B	162-982B-4H-2,115-117	27.15	30.22	30.22	1267.3	5	0.422	11.26	11.45		0.59	0.63
162-982B	162-982B-4H-2,120-122	27.2	30.27	30.27	1273.6	5	0.477	12.88	13.12		2.41	2.45
162-982B	162-982B-4H-2,125-127	27.25	30.32	30.32	1279.7	5	0.479	12.94	13.18		2.41	2.45
162-982B	162-982B-4H-2,130-132	27.3	30.37	30.37	1285.4	5	0.515	14	14.27		3.32	3.35
162-982B	162-982B-4H-2,135-137	27.35	30.42	30.42	1289.8	5	0.493	13.35	13.61		2.72	2.75
162-982B	162-982B-4H-2,140-142	27.4	30.47	30.47	1293.1	5	0.505	13.71	13.97		3.32	3.35
162-982B	162-982B-4H-2,145-147	27.45	30.52	30.52	1295.5	5	0.503	13.65	13.91		3.02	3.05
162-982B	162-982B-4H-3,0-2	27.5	30.57	30.57	1297.4	5	0.489	13.24	13.48		2.72	2.75
162-982B	162-982B-4H-3,5-7	27.55	30.62	30.62	1299.2	5	0.444	11.91	12.12		1.2	1.23
162-982B	162-982B-4H-3,10-12	27.6	30.67	30.67	1301.1	5	0.428	11.44	11.64		0.9	0.93
162-982B	162-982B-4H-3,15-17	27.66	30.72	30.72	1303.2	5	0.47	12.68	12.91		2.11	2.14
162-982B	162-982B-4H-3,20-22	27.7	30.77	30.77	1305.5	5	0.507	13.76	14.03		3.32	3.35
162-982B	162-982B-4H-3,25-27	27.75	30.82	30.82	1307.9	5	0.519	14.12	14.39		3.62	3.66
162-982B	162-982B-4H-3,30-32	27.8	30.87	30.87	1310.6	5	0.528	14.38	14.67		3.93	3.96
162-982B	162-982B-4H-3,35-37	27.85	30.92	30.92	1313.5	5	0.56	15.32	15.64		4.84	4.87
162-982B	162-982B-4H-3,40-42	27.9	30.97	30.97	1316.4	5	0.588	16.15	16.48		5.75	5.78
162-982B	162-982B-4H-3,45-47	27.95	31.02	31.02	1319.6	5	0.585	16.06	16.39		5.44	5.48
162-982B	162-982B-4H-3,50-52	28	31.07	31.07	1322.8	5	0.575	15.76	16.09		5.44	5.48
162-982B	162-982B-4H-3,55-57	28.05	31.12	31.12	1326	5	0.541	14.76	15.06		4.23	4.26
162-982B	162-982B-4H-3,60-62	28.1	31.17	31.17	1329.2	5	0.537	14.65	14.94		4.23	4.26
162-982B	162-982B-4H-3,65-67	28.15	31.22	31.22	1332.4	5	0.552	15.09	15.39		4.53	4.57
162-982B	162-982B-4H-3,70-72	28.2	31.27	31.27	1335.5	5	0.526	14.32	14.61		3.93	3.96
162-982B	162-982B-4H-3,75-77	28.25	31.32	31.32	1338.6	5	0.52	14.15	14.42		3.62	3.66
162-982B	162-982B-4H-3,80-82	28.3	31.37	31.37	1341.5	5	0.514	13.97	14.24		3.32	3.35
162-982B	162-982B-4H-3,85-87	28.35	31.42	31.42	1344.6	5	0.483	13.06	13.3		2.41	2.45
162-982B	162-982B-4H-3,90-92	28.4	31.47	31.47	1348.2	5	0.491	13.29	13.55		2.72	2.75
162-982B	162-982B-4H-3,95-97	28.45	31.52	31.52	1351.7	5	0.512	13.91	14.18		3.32	3.35
162-982B	162-982B-4H-3,100-102	28.5	31.57	31.57	1355.3	5	0.546	14.91	15.21		4.53	4.57
162-982B	162-982B-4H-3,105-107	28.55	31.62	31.62	1358.7	5	0.572	15.68	16		5.14	5.17
162-982B	162-982B-4H-3,110-112	28.6	31.67	31.67	1361.8	5	0.57	15.62	15.94		5.14	5.17
162-982B	162-982B-4H-3,115-117	28.65	31.72	31.72	1364.5	5	0.57	15.62	15.94		5.14	5.17
162-982B	162-982B-4H-3,120-122	28.7	31.77	31.77	1366.9	5	0.517	14.06	14.33		3.62	3.66
162-982B	162-982B-4H-3,125-127	28.75	31.82	31.82	1369.3	5	0.551	15.06	15.36		4.53	4.57
162-982B	162-982B-4H-3,130-132	28.8	31.87	31.87	1371.7	5	0.487	13.18	13.42		2.72	2.75
162-982B	162-982B-4H-3,135-137	28.85	31.92	31.92	1374.3	5	0.44	11.79	12		1.2	1.23
162-982B	162-982B-4H-3,140-142	28.9	31.97	31.97	1377.3	5	0.41	10.91	11.09		0.29	0.32
162-982B	162-982B-4H-3,145-147	28.95	32.02	32.02	1380.2	5	0.453	12.18	12.39		1.5	1.54
162-982B	162-982B-4H-4,0-2	29	32.07	32.07	1383.3	5	0.433	11.59	11.79		0.9	0.93
162-982B	162-982B-4H-4,5-7	29.05	32.12	32.12	1386.8	5	0.454	12.21	12.42		1.5	1.54
162-982B	162-982B-4H-4,10-12	29.1	32.17	32.17	1391.3	5	0.478	12.91	13.15		2.41	2.44
162-982B	162-982B-4H-4,15-17	29.15	32.22	32.22	1396.1	5	0.493	13.35	13.61		2.72	2.75
162-982B	162-982B-4H-4,20-22	29.2	32.27	32.27	1400.6	5	0.545	14.88	15.18		4.23	4.26
162-982B	162-982B-4H-4,25-27	29.25	32.32	32.32	1405	5	0.546	14.91	15.21		4.53	4.57
162-982B	162-982B-4H-4,30-32	29.3	32.37	32.37	1409.1	5	0.483	13.06	13.3		2.41	2.44
162-982B	162-982B-4H-4,35-37	29.35	32.42	32.42	1412	5	0.476	12.85	13.09		2.41	2.44
162-982B	162-982B-4H-4,40-42	29.4	32.47	32.47	1414.3	5	0.525	14.29	14.58		3.62	3.66
162-982B	162-982B-4H-4,45-47	29.45	32.52	32.52	1416.2	5	0.496	13.44	13.7		3.02	3.05
162-982B	162-982B-4H-4,50-52	29.5	32.57	32.57	1417.8	5	0.6	16.5	16.85		6.05	6.08
162-982B	162-982B-4H-4,55-57	29.55	32.62	32.62	1419.4	5	0.522	14.21	14.48		3.62	3.66
162-982B	162-982B-4H-4,60-62	29.6	32.67	32.67	1420.8	5	0.444	11.91	12.12		1.2	1.23
162-982B	162-982B-4H-4,65-67	29.65	32.72	32.72	1422.2	5	0.412	10.97	11.15		0.29	0.32
162-982B	162-982B-4H-4,70-72	29.7	32.77	32.77	1423.6	5	0.427	11.41	11.61		0.9	0.93
162-982B	162-982B-4H-4,75-77	29.75	32.82	32.82	1425.1	5	0.491	13.29	13.55		2.72	2.75
162-982B	162-982B-4H-4,80-82	29.8	32.87	32.87	1426.6	5	0.507	13.76	14.03		3.32	3.35
162-982B	162-982B-4H-4,85-87	29.85	32.92	32.92	1428.1	5	0.527	14.35	14.64		3.93	3.96
162-982B	162-982B-4H-4,90-92	29.9	32.97	32.97	1429.4	5	0.496	13.44	13.7		3.02	3.05
162-982B	162-982B-4H-4,95-97	29.95	33.02	33.02	1430.5	5	0.503	13.65	13.91		3.02	3.05
162-982B	162-982B-4H-4,100-102	30	33.07	33.07	1431.5	5	0.509	13.82	14.09		3.32	3.35
162-982B	162-982B-4H-4,105-107	30.05	33.12	33.12	1432.5	5	0.504	13.68	13.94		3.02	3.05
162-982B	162-982B-4H-4,110-112	30.1	33.17	33.17	1433.6	5	0.506	13.74	14		3.32	3.35
162-982B	162-982B-4H-4,115-117	30.15	33.22	33.22	1434.6	5	0.499	13.53	13.79		3.02	3.05
162-982B	162-982B-4H-4,120-122	30.2	33.27	33.27	1435.6	5	0.496	13.44	13.7		3.02	3.05
162-982B	162-982B-4H-4,125-127	30.25	33.32	33.32	1436.7	5	0.51	13.85	14.12		3.32	3.35
162-982B	162-982B-4H-4,130-132	30.3	33.37	33.37	1437.7	5	0.513	13.94	14.21		3.32	3.35
162-982B	162-982B-4H-4,135-137	30.35	33.42	33.42	1438.7	5	0.508	13.79	14.06		3.32	3.35
162-982B	162-982B-4H-4,140-142	30.4	33.47	33.47	1439.7	5	0.475	12.82	13.06		2.11	2.14
162-982B	162-982B-4H-4,145-147	30.45	33.52	33.52	1440.8	5	0.505	13.71	13.97		3.32	3.35
162-982B	162-982B-4H-5,0-2	30.5	33.59	33.59	1442.2	5	0.491	13.29	13.55		2.72	2.75
162-982B	162-982B-4H-5,5-7	30.55	33.64	33.64	1443.3	5	0.484	13.09	13.33		2.41	2.44
162-982B	162-982B-4H-5,10-12	30.6	33.69	33.69	1444.3	5	0.474	12.79	13.03		2.11	2.14
162-982B	162-982B-4H-5,15-17	30.65	33.74	33.74	1445.5	5	0.491	13.29	13.55		2.72	2.75
162-982B	162-982B-4H-5,20-22	30.7	33.79	33.79	1446.7	5	0.503	13.65	13.91		3.02	3.05
162-982B	162-982B-4H-5,25-27	30.75	33.84	33.84	1448.4	5	0.5	13.56	13.82		3.02	3.05
162-982B	162-982B-4H-5,30-32	30.8	33.89	33.89	1450.1	5	0.504	13.68	13.94		3.02	3.05
162-982B	162-982B-4H-5,35-37	30.85	33.94	33.94	1452.2	5	0.501	13.59	13.85		3.02	3.05
162-982B	162-982B-4H-5,40-42	30.9	33.99	33.99	1455.5	5	0.445	11.94	12.15		1.5	1.54
162-982B	162-982B-4H-5,45-47	30.95	34.04	34.04	1459.2	5	0.449	12.06	12.27		1.5	1.54
162-982B	162-982B-4H-5,50-52	31	34.09	34.09	1463.1	5	0.446	11.97	12.18		1.5	1.53
162-982B	162-982B-4H-5,55-57	31.05	34.14	34.14	1467.3	5	0.479	12.94	13.18		2.41	2.44
162-982B	162-982B-4H-5,60-62	31.1	34.19	34.19	1471.6	5	0.469	12.65	12.88		2.11	2.14
162-982B	162-982B-4H-5,65-67	31.15	34.24	34.24	1475.9	5	0.486	13.15	13.39		2.72	2.75
162-982B	162-982B-4H-5,70-72	31.2	34.29	34.29	1480.4	5	0.551	15.06	15.36		4.53	4.57
162-982B	162-982B-4H-5,80-82	31.3	34.39	34.39	1488.3	5	0.591	16.24	16.58		5.75	5.78
162-982B	162-982B-4H-5,85-87	31.35	34.44	34.44	1491.6	5	0.589	16.18	16.52		5.75	5.78
162-982B	162-982B-4H-5,90-92	31.4	34.49	34.49	1494.6	5	0.601	16.53	16.88		6.05	6.08
162-982B	162-982B-4H-5,95-97	31.45	34.54	34.54	1497.4	5	0.582	15.97	16.3		5.44	5.47
162-982B	162-982B-4H-5,100-102	31.5	34.59	34.59	1500.2	5	0.569	15.59	15.91		5.14	5.17
162-982B	162-982B-4H-5,105-107	31.55	34.64	34.64	1503	5	0.577	15.82	16.15		5.44	5.47
162-982B	162-982B-4H-5,110-112	31.6	34.69	34.69	1505.8	5	0.542	14.79	15.09		4.23	4.26
162-982B	162-982B-4H-5,115-117	31.65	34.74	34.74	1508.6	5	0.568	15.56	15.88		5.14	5.17
162-982B	162-982B-4H-5,120-122	31.7	34.79	34.79	1511.4	5	0.545	14.88	15.18		4.53	4.56
162-982B	162-982B-4H-5,125-127	31.75	34.84	34.84	1514.5	5	0.553	15.12	15.42		4.53	4.56
162-982B	162-982B-4H-5,130-132	31.8	34.89	34.89	1517.6	5	0.539	14.71	15		4.23	4.26
162-982B	162-982B-4H-5,135-137	31.85	34.94	34.94	1520.7	5	0.595	16.35	16.7		5.75	5.78
162-982B	162-982B-4H-5,145-147	31.95	35.04	35.04	1525.9	5	0.596	16.38	16.73		6.05	6.08
162-982B	162-982B-4H-6,0-2	32	35.09	35.09	1527.9	5	0.559	15.29	15.61		4.84	4.87
162-982B	162-982B-4H-6,5-7	32.05	35.14	35.14	1529.8	5	0.511	13.88	14.15		3.32	3.35
162-982B	162-982B-4H-6,10-12	32.1	35.19	35.19	1531.7	5	0.54	14.74	15.03		4.23	4.26
162-982B	162-982B-4H-6,15-17	32.15	35.24	35.24	1533.6	5	0.428	11.44	11.64		0.9	0.93
162-982B	162-982B-4H-6,20-22	32.2	35.29	35.29	1535.5	5	0.456	12.26	12.48		1.81	1.84
162-982B	162-982B-4H-6,25-27	32.25	35.34	35.34	1537.4	5	0.39	10.32	10.48		-0.32	-0.28
162-982B	162-982B-4H-6,30-32	32.3	35.39	35.39	1539.4	5	0.462	12.44	12.67		1.81	1.84
162-982B	162-982B-4H-6,35-37	32.35	35.44	35.44	1541.7	5	0.54	14.74	15.03		4.23	4.26
162-982C	162-982C-5H-1,0-2	32.3	35.57	35.57	1548.1	5	0.377	9.94	10.09		-0.62	-0.59
162-982C	162-982C-5H-1,5-7	32.35	35.62	35.62	1550.9	5	0.448	12.03	12.24		1.5	1.53
162-982C	162-982C-5H-1,10-12	32.4	35.67	35.67	1553.8	5	0.446	11.97	12.18		1.5	1.53
162-982C	162-982C-5H-1,15-17	32.45	35.72	35.72	1556.8	5	0.45	12.09	12.3		1.2	1.23
162-982C	162-982C-5H-1,20-22	32.5	35.77	35.77	1559.9	5	0.494	13.38	13.64		2.72	2.75
162-982C	162-982C-5H-1,25-27	32.55	35.82	35.82	1563.1	5	0.509	13.82	14.09		3.32	3.35
162-982C	162-982C-5H-1,30-32	32.6	35.87	35.87	1566.6	5	0.515	14	14.27		3.62	3.66
162-982C	162-982C-5H-1,35-37	32.65	35.92	35.92	1570	5	0.513	13.94	14.21		3.32	3.35
162-982C	162-982C-5H-1,40-42	32.72	35.97	35.97	1573.4	5	0.532	14.5	14.79		3.93	3.96
162-982C	162-982C-5H-1,45-47	32.75	36.02	36.02	1576.8	5	0.498	13.5	13.76		3.02	3.05
162-982C	162-982C-5H-1,50-52	32.8	36.07	36.07	1580.1	5	0.454	12.21	12.42		1.5	1.53
162-982C	162-982C-5H-1,55-57	32.85	36.12	36.12	1583.2	5	0.428	11.44	11.64		0.9	0.93
162-982C	162-982C-5H-1,60-62	32.9	36.17	36.17	1586.2	5	0.401	10.65	10.82		-0.01	0.02
162-982C	162-982C-5H-1,65-67	32.95	36.22	36.22	1589.1	5	0.4	10.62	10.79		-0.01	0.02
162-982C	162-982C-5H-1,70-72	33	36.27	36.27	1592	5	0.38	10.03	10.18		-0.62	-0.59
162-982C	162-982C-5H-1,75-77	33.05	36.32	36.32	1594.6	5	0.397	10.53	10.7		-0.01	0.02
162-982C	162-982C-5H-1,80-82	33.1	36.37	36.37	1597.1	5	0.378	9.97	10.12		-0.62	-0.59
162-982C	162-982C-5H-1,85-87	33.15	36.42	36.42	1599.4	5	0.473	12.76	13		2.11	2.14
162-982C	162-982C-5H-1,95-97	33.25	36.52	36.52	1604.2	5	0.569	15.59	15.91		5.14	5.17
162-982C	162-982C-5H-1,100-102	33.3	36.57	36.57	1606.5	5	0.528	14.38	14.67		3.93	3.96
162-982C	162-982C-5H-1,105-107	33.35	36.62	36.62	1608.9	5	0.55	15.03	15.33		4.53	4.56
162-982C	162-982C-5H-1,110-112	33.4	36.67	36.67	1611.3	5	0.539	14.71	15		4.23	4.26
162-982C	162-982C-5H-1,115-117	33.45	36.72	36.72	1613.6	5	0.503	13.65	13.91		3.02	3.05
162-982C	162-982C-5H-1,120-122	33.5	36.77	36.77	1616	5	0.449	12.06	12.27		1.5	1.53
162-982C	162-982C-5H-1,125-127	33.55	36.82	36.82	1618.3	5	0.429	11.47	11.67		0.9	0.93
162-982C	162-982C-5H-1,130-132	33.6	36.87	36.87	1620.7	5	0.452	12.15	12.36		1.81	1.84
162-982C	162-982C-5H-1,135-137	33.65	36.92	36.92	1623.1	5	0.522	14.21	14.48		3.62	3.65
162-982C	162-982C-5H-1,140-142	33.7	36.97	36.97	1625.4	5	0.493	13.35	13.61		2.72	2.75
162-982C	162-982C-5H-1,145-147	33.75	37.02	37.02	1627.8	5	0.469	12.65	12.88		2.11	2.14
162-982C	162-982C-5H-2,0-2	33.8	37.07	37.07	1630.2	5	0.504	13.68	13.94		3.02	3.05
162-982C	162-982C-5H-2,5-7	33.85	37.12	37.12	1632.6	5	0.508	13.79	14.06		3.32	3.35
162-982C	162-982C-5H-2,10-12	33.9	37.17	37.17	1634.9	5	0.54	14.74	15.03		4.23	4.26
162-982C	162-982C-5H-2,15-17	33.95	37.22	37.22	1636.8	5	0.553	15.12	15.42		4.53	4.56
162-982C	162-982C-5H-2,20-22	34	37.27	37.27	1638.8	5	0.547	14.94	15.24		4.53	4.56
162-982C	162-982C-5H-2,25-27	34.05	37.32	37.32	1640.7	5	0.577	15.82	16.15		5.44	5.47
162-982C	162-982C-5H-2,30-32	34.1	37.37	37.37	1642.9	5	0.567	15.53	15.85		5.14	5.17
162-982C	162-982C-5H-2,35-37	34.15	37.42	37.42	1645.3	5	0.56	15.32	15.64		4.84	4.87
162-982C	162-982C-5H-2,40-42	34.2	37.47	37.47	1648.2	5	0.529	14.41	14.7		3.93	3.96
162-982C	162-982C-5H-2,45-47	34.25	37.52	37.52	1651.2	5	0.567	15.53	15.85		5.14	5.17
162-982C	162-982C-5H-2,50-52	34.3	37.57	37.57	1654.2	5	0.529	14.41	14.7		3.93	3.96
162-982C	162-982C-5H-2,55-57	34.35	37.62	37.62	1657.1	5	0.483	13.06	13.3		2.41	2.44
162-982C	162-982C-5H-2,60-62	34.4	37.67	37.67	1660.1	5	0.523	14.24	14.52		3.62	3.65
162-982C	162-982C-5H-2,65-67	34.45	37.72	37.72	1663	5	0.476	12.85	13.09		2.41	2.44
162-982C	162-982C-5H-2,70-72	34.5	37.77	37.77	1665.5	5	0.477	12.88	13.12		2.41	2.44
162-982C	162-982C-5H-2,75-77	34.55	37.82	37.82	1667.8	5	0.494	13.38	13.64		2.72	2.75
162-982C	162-982C-5H-2,80-82	34.6	37.87	37.87	1670.4	5	0.507	13.76	14.03		3.32	3.35
162-982C	162-982C-5H-2,85-87	34.65	37.92	37.92	1673	5	0.506	13.74	14		3.32	3.35
162-982C	162-982C-5H-2,90-92	34.7	37.97	37.97	1675.6	5	0.552	15.09	15.39		4.53	4.56
162-982C	162-982C-5H-2,100-102	34.8	38.07	38.07	1679.8	5	0.55	15.03	15.33		4.53	4.56
162-982C	162-982C-5H-2,105-107	34.85	38.12	38.12	1681.9	5	0.539	14.71	15		4.23	4.26
162-982C	162-982C-5H-2,110-112	34.9	38.17	38.17	1684	5	0.542	14.79	15.09		4.23	4.26
162-982C	162-982C-5H-2,115-117	34.95	38.22	38.22	1685.8	5	0.535	14.59	14.88		4.23	4.26
162-982C	162-982C-5H-2,120-122	35	38.27	38.27	1687.6	5	0.514	13.97	14.24		3.32	3.35
162-982C	162-982C-5H-2,140-142	35.2	38.47	38.47	1693.5	5	0.46	12.38	12.61		1.81	1.84
162-982C	162-982C-5H-3,10-12	35.4	38.67	38.67	1698.6	5	0.4	10.62	10.79		-0.01	0.02
162-982C	162-982C-5H-3,30-32	35.6	38.87	38.87	1702.5	5	0.461	12.41	12.64		1.5	1.53
162-982C	162-982C-5H-3,50-52	35.8	39.07	39.07	1706.5	5	0.528	14.38	14.67		3.93	3.96
162-982B	162-982B-5H-1,110-112	35.1	39.19	39.19	1708.9	5	0.52	14.15	14.42		3.62	3.65
162-982B	162-982B-5H-1,130-132	35.3	39.39	39.39	1712.8	5	0.565	15.47	15.79		5.14	5.17
162-982B	162-982B-5H-2,0-2	35.5	39.59	39.59	1717.8	5	0.511	13.88	14.15		3.32	3.35
162-982B	162-982B-5H-2,20-22	35.7	39.79	39.79	1723.7	5	0.565	15.47	15.79		4.84	4.87
162-982B	162-982B-5H-2,40-42	35.9	39.99	39.99	1730.5	5	0.554	15.15	15.45		4.53	4.56
162-982B	162-982B-5H-2,60-62	36.1	40.19	40.19	1737.9	5	0.543	14.82	15.12		4.23	4.26
162-982B	162-982B-5H-2,80-82	36.3	40.39	40.39	1749.4	5	0.44	11.79	12		1.2	1.23
162-982B	162-982B-5H-2,100-102	36.5	40.59	40.59	1760.5	5	0.428	11.44	11.64		0.9	0.93
162-982B	162-982B-5H-2,120-122	36.7	40.79	40.79	1769.1	5	0.552	15.09	15.39		4.53	4.56
162-982B	162-982B-5H-2,140-142	36.9	40.99	40.99	1779.5	5	0.556	15.21	15.52		4.84	4.87
162-982B	162-982B-5H-3,10-12	37.1	41.19	41.19	1791.8	5	0.477	12.88	13.12		2.41	2.44
162-982B	162-982B-5H-3,30-32	37.3	41.39	41.39	1805.6	5	0.505	13.71	13.97		3.32	3.35
162-982B	162-982B-5H-3,50-52	37.5	41.59	41.59	1818	5	0.517	14.06	14.33		3.62	3.65
162-982B	162-982B-5H-3,70-72	37.7	41.79	41.79	1827.6	5	0.563	15.41	15.73		4.84	4.87
162-982B	162-982B-5H-3,90-92	37.9	41.99	41.99	1835.9	5	0.561	15.35	15.67		4.84	4.87
162-982B	162-982B-5H-3,110-112	38.1	42.19	42.19	1846	5	0.577	15.82	16.15		5.44	5.47
162-982B	162-982B-5H-3,130-132	38.3	42.39	42.39	1858.9	5	0.448	12.03	12.24		1.5	1.53
162-982B	162-982B-5H-4,0-2	38.5	42.59	42.59	1874.7	5	0.466	12.56	12.79		2.11	2.14
162-982B	162-982B-5H-4,20-22	38.7	42.79	42.79	1892.8	5	0.531	14.47	14.76		3.93	3.96
162-982B	162-982B-5H-4,40-42	38.9	42.99	42.99	1912	5	0.527	14.35	14.64		3.93	3.96
162-982B	162-982B-5H-4,60-62	39.1	43.19	43.19	1926.4	5	0.57	15.62	15.94		5.14	5.17
162-982B	162-982B-5H-4,80-82	39.3	43.39	43.39	1940.3	5	0.516	14.03	14.3		3.62	3.65
162-982B	162-982B-5H-4,100-102	39.5	43.59	43.59	1958.7	5	0.521	14.18	14.45		3.62	3.65
162-982B	162-982B-5H-4,120-122	39.7	43.79	43.79	1975.5	5	0.544	14.85	15.15		4.23	4.26
162-982B	162-982B-5H-4,140-142	39.9	43.99	43.99	1992.3	5	0.528	14.38	14.67		3.93	3.95
162-982B	162-982B-5H-5,0-2	40	44.09	44.09	2000.8	10	0.507	13.76	14.03		3.32	3.35
162-982B	162-982B-5H-5,3-5	40.03	44.1	44.1	2001.6	10	0.537	14.65	14.94		4.23	4.26
162-982B	162-982B-5H-5,10-12	40.1	44.19	44.19	2008.8	10	0.495	13.41	13.67		2.72	2.74
162-982B	162-982B-5H-5,30-32	40.3	44.39	44.39	2021.5	10	0.563	15.41	15.73		4.84	4.86
162-982B	162-982B-5H-5,50-52	40.5	44.59	44.59	2031.3	10	0.594	16.32	16.67		5.75	5.77
162-982B	162-982B-5H-5,70-72	40.7	44.79	44.79	2037.9	10	0.567	15.53	15.85		5.14	5.17
162-982B	162-982B-5H-5,90-92	40.9	44.99	44.99	2043.5	10	0.533	14.53	14.82		3.93	3.95
162-982B	162-982B-5H-5,110-112	41.1	45.19	45.19	2048.7	10	0.542	14.79	15.09		4.23	4.26
162-982B	162-982B-5H-5,130-132	41.3	45.39	45.39	2053.9	10	0.541	14.76	15.06		4.23	4.26
162-982B	162-982B-5H-6,20-22	41.7	45.79	45.79	2065.2	10	0.467	12.59	12.82		2.11	2.14
162-982B	162-982B-5H-6,40-42	41.9	45.99	45.99	2071.8	10	0.454	12.21	12.42		1.5	1.53
162-982B	162-982B-5H-6,60-62	42.1	46.19	46.19	2078.5	10	0.5	13.56	13.82		3.02	3.04
162-982B	162-982B-5H-6,80-82	42.3	46.39	46.39	2085.2	10	0.473	12.76	13		2.11	2.14
162-982C	162-982C-6H-1,20-22	42	46.59	46.59	2092.3	10	0.457	12.29	12.52		1.81	1.83
162-982C	162-982C-6H-1,40-42	42.2	46.79	46.79	2100.6	10	0.432	11.56	11.76		0.9	0.92
162-982C	162-982C-6H-1,60-62	42.4	46.99	46.99	2109.3	10	0.497	13.47	13.73		3.02	3.04
162-982C	162-982C-6H-1,80-82	42.6	47.19	47.19	2118	10	0.486	13.15	13.39		2.72	2.74
162-982C	162-982C-6H-1,100-102	42.8	47.39	47.39	2126.9	10	0.534	14.56	14.85		3.93	3.95
162-982C	162-982C-6H-1,120-122	43	47.59	47.59	2139.3	10	0.559	15.29	15.61		4.84	4.86
162-982C	162-982C-6H-1,140-142	43.2	47.79	47.79	2151.8	10	0.488	13.21	13.45		2.72	2.74
162-982C	162-982C-6H-2,10-12	43.4	47.99	47.99	2161.6	10	0.412	10.97	11.15		0.29	0.32
162-982C	162-982C-6H-2,30-32	43.6	48.19	48.19	2171.3	10	0.456	12.26	12.48		1.5	1.53
162-982C	162-982C-6H-2,50-52	43.8	48.39	48.39	2181.3	10	0.547	14.94	15.24		4.23	4.26
162-982C	162-982C-6H-2,70-72	44	48.59	48.59	2190.4	10	0.502	13.62	13.88		3.02	3.04
162-982C	162-982C-6H-2,71-73	44.01	48.6	48.6	2190.8	10	0.482	13.03	13.27		2.41	2.44
162-982C	162-982C-6H-2,90-92	44.2	48.79	48.79	2199.4	10	0.448	12.03	12.24		1.5	1.53
162-982C	162-982C-6H-2,110-112	44.4	48.99	48.99	2210.4	10	0.521	14.18	14.45		3.62	3.65
162-982C	162-982C-6H-2,130-132	44.6	49.19	49.19	2222.2	10	0.492	13.32	13.58		2.72	2.74
162-982C	162-982C-6H-3,0-2	44.8	49.39	49.39	2234.5	10	0.483	13.06	13.3		2.41	2.44
162-982C	162-982C-6H-3,20-22	44.92	49.59	49.59	2248.8	10	0.436	11.68	11.88		1.2	1.23
162-982C	162-982C-6H-3,40-42	45.2	49.79	49.79	2264.5	10	0.518	14.09	14.36		3.62	3.65
162-982B	162-982B-6H-1,110-112	44.6	50.12	50.12	2290.5	10	0.474	12.79	13.03		2.11	2.13
162-982B	162-982B-6H-1,130-132	44.8	50.32	50.32	2311.5	10	0.556	15.21	15.52		4.84	4.86
162-982B	162-982B-6H-2,0-2	45	50.52	50.52	2334.2	10	0.518	14.09	14.36		3.62	3.65
162-982B	162-982B-6H-2,20-22	45.2	50.72	50.72	2355.8	10	0.533	14.53	14.82		3.93	3.95
162-982B	162-982B-6H-2,40-42	45.4	50.92	50.92	2371.5	10	0.476	12.85	13.09		2.11	2.13
162-982B	162-982B-6H-2,60-62	45.6	51.12	51.12	2383.7	10	0.551	15.06	15.36		4.53	4.56
162-982B	162-982B-6H-2,80-82	45.8	51.32	51.32	2395.3	10	0.595	16.35	16.7		6.05	6.07
162-982B	162-982B-6H-2,100-102	46	51.52	51.52	2405.4	10	0.529	14.41	14.7		3.93	3.95
162-982B	162-982B-6H-2,120-122	46.2	51.72	51.72	2414	10	0.489	13.24	13.48		2.72	2.74
162-982B	162-982B-6H-2,140-142	46.4	51.92	51.92	2421.3	10	0.491	13.29	13.55		2.72	2.74
162-982B	162-982B-6H-3,10-12	46.6	52.12	52.12	2428.7	10	0.513	13.94	14.21		3.32	3.34
162-982B	162-982B-6H-3,30-32	46.8	52.32	52.32	2437	10	0.407	10.82	11		0.29	0.31
162-982B	162-982B-6H-3,50-52	47	52.52	52.52	2446	10	0.472	12.74	12.97		2.11	2.13
162-982B	162-982B-6H-3,70-72	47.2	52.7	52.7	2456.2	10	0.548	14.97	15.27		4.23	4.25
162-982B	162-982B-6H-3,71-76	47.235	52.72	52.72	2457.4	10	0.539	14.71	15		4.53	4.56
162-982B	162-982B-6H-3,90-92	47.4	52.92	52.92	2469.6	10	0.572	15.68	16		5.2	5.22
162-982B	162-982B-6H-3,110-112	47.6	53.12	53.12	2479.7	10	0.503	13.65	13.91		3.02	3.04
162-982B	162-982B-6H-3,130-132	47.8	53.32	53.32	2487.2	10	0.474	12.79	13.03		2.11	2.13
162-982B	162-982B-6H-4,0-2	48	53.52	53.52	2493.8	10	0.49	13.26	13.52		2.72	2.74
162-982B	162-982B-6H-4,7.5-9.5	48.075	53.595	53.595	2496	10	0.524	14.26	14.55		3.62	3.65
162-982B	162-982B-6H-4,15-17	48.15	53.67	53.67	2498.1	10	0.548	14.97	15.27		4.53	4.56
162-982B	162-982B-6H-4,22.5-24.5	48.225	53.745	53.745	2500.2	10	0.564	15.44	15.76		4.84	4.86
162-982B	162-982B-6H-4,30-32	48.3	53.82	53.82	2502.3	10	0.553	15.12	15.42		4.53	4.56
162-982B	162-982B-6H-4,37.5-39.5	48.375	53.895	53.895	2504.5	10	0.542	14.79	15.09		4.23	4.25
162-982B	162-982B-6H-4,45-47	48.45	53.97	53.97	2506.6	10	0.57	15.62	15.94		5.14	5.16
162-982B	162-982B-6H-4,52.5-54.5	48.525	54.045	54.045	2508.8	10	0.51	13.85	14.12		3.32	3.34
162-982B	162-982B-6H-4,60-62	48.6	54.12	54.12	2510.9	10	0.493	13.35	13.61		2.72	2.74
162-982B	162-982B-6H-4,67.5-69.5	48.675	54.195	54.195	2513.1	10	0.459	12.35	12.58		1.81	1.83
162-982B	162-982B-6H-4,75-77	48.75	54.27	54.27	2515.2	10	0.456	12.26	12.48		1.81	1.83
162-982B	162-982B-6H-4,82.5-84.5	48.825	54.345	54.345	2517.4	10	0.428	11.44	11.64		0.9	0.92
162-982B	162-982B-6H-4,90-92	48.9	54.42	54.42	2519.5	10	0.405	10.76	10.94		-0.01	0.01
162-982B	162-982B-6H-4,97.5-99.5	48.975	54.495	54.495	2521.7	10	0.396	10.5	10.67		-0.01	0.01
162-982B	162-982B-6H-4,105-107	49.05	54.57	54.57	2523.8	10	0.409	10.88	11.06		0.29	0.31
162-982B	162-982B-6H-4,112.5-114.5	49.125	54.645	54.645	2526.1	10	0.402	10.68	10.85		-0.01	0.01
162-982B	162-982B-6H-4,120-122	49.2	54.72	54.72	2528.4	10	0.401	10.65	10.82		-0.01	0.01
162-982B	162-982B-6H-4,127.5-129.5	49.275	54.795	54.795	2531	10	0.412	10.97	11.15		0.29	0.31
162-982B	162-982B-6H-4,135-137	49.35	54.87	54.87	2533.7	10	0.404	10.74	10.91		-0.01	0.01
162-982B	162-982B-6H-4,142.5-144.5	49.425	54.945	54.945	2537.5	10	0.417	11.12	11.3		0.59	0.62
162-982B	162-982B-6H-5,0-2	49.5	55.02	55.02	2542.2	10	0.474	12.79	13.03		2.11	2.13
162-982B	162-982B-6H-5,7.5-9.5	49.575	55.095	55.095	2546.9	10	0.544	14.85	15.15		4.23	4.25
162-982B	162-982B-6H-5,15-17	49.65	55.17	55.17	2551.6	10	0.508	13.79	14.06		3.02	3.04
162-982B	162-982B-6H-5,22.5-24.5	49.725	55.245	55.245	2556.3	10	0.532	14.5	14.79		3.93	3.95
162-982B	162-982B-6H-5,30-32	49.8	55.32	55.32	2561	10	0.549	15	15.3		4.23	4.25
162-982B	162-982B-6H-5,37.5-39.5	49.875	55.395	55.395	2565.6	10	0.572	15.68	16		5.14	5.16
162-982B	162-982B-6H-5,45-47	49.95	55.47	55.47	2570.1	10	0.528	14.38	14.67		3.32	3.34
162-982B	162-982B-6H-5,52.5-54.5	50.025	55.545	55.545	2574.7	10	0.563	15.41	15.73		4.84	4.86
162-982B	162-982B-6H-5,60-62	50.1	55.62	55.62	2579.2	10	0.52	14.15	14.42		3.32	3.34
162-982B	162-982B-6H-5,67.5-69.5	50.175	55.695	55.695	2583.7	10	0.547	14.94	15.24		4.53	4.56
162-982B	162-982B-6H-5,75-77	50.25	55.77	55.77	2588.2	10	0.511	13.88	14.15		3.32	3.34
162-982B	162-982B-6H-5,82.5-84.5	50.325	55.845	55.845	2592.3	10	0.498	13.5	13.76		3.02	3.04
162-982B	162-982B-6H-5,90-92	50.4	55.9	55.9	2595.4	10	0.525	14.29	14.58		3.32	3.34
162-982B	162-982B-6H-5,92-94	50.42	55.92	55.92	2596.5	10	0.508	13.79	14.06		3.62	3.65
162-982B	162-982B-6H-5,97.5-99.5	50.475	55.995	55.995	2600.5	10	0.496	13.44	13.7		3.02	3.04
162-982B	162-982B-6H-5,105-107	50.55	56.07	56.07	2604.6	10	0.478	12.91	13.15		2.41	2.43
162-982B	162-982B-6H-5,112.5-114.5	50.625	56.145	56.145	2608.7	10	0.479	12.94	13.18		2.41	2.43
162-982B	162-982B-6H-5,120-122	50.7	56.22	56.22	2612.8	10	0.482	13.03	13.27		2.41	2.43
162-982B	162-982B-6H-5,127.5-129.5	50.775	56.295	56.295	2617	10	0.482	13.03	13.27		2.41	2.43
162-982B	162-982B-6H-5,135-137	50.85	56.37	56.37	2621.5	10	0.493	13.35	13.61		2.72	2.74
162-982B	162-982B-6H-5,142.5-144.5	50.925	56.445	56.445	2626.5	10	0.491	13.29	13.55		2.72	2.74
162-982B	162-982B-6H-6,0-2	51	56.52	56.52	2631.9	10	0.493	13.35	13.61		2.72	2.74
162-982B	162-982B-6H-6,7.5-9.5	51.075	56.595	56.595	2637.4	10	0.514	13.97	14.24		3.32	3.34
162-982B	162-982B-6H-6,15-17	51.15	56.67	56.67	2642.9	10	0.558	15.26	15.58		4.84	4.86
162-982B	162-982B-6H-6,22.5-24.5	51.225	56.745	56.745	2648.3	10	0.564	15.44	15.76		4.84	4.86
162-982B	162-982B-6H-6,30-32	51.3	56.82	56.82	2654	10	0.556	15.21	15.52		4.84	4.86
162-982B	162-982B-6H-6,37.5-39.5	51.375	56.895	56.895	2659.6	10	0.539	14.71	15		4.23	4.25
162-982B	162-982B-6H-6,45-47	51.45	56.97	56.97	2664.6	10	0.548	14.97	15.27		4.53	4.55
162-982B	162-982B-6H-6,52.5-54.5	51.525	57.045	57.045	2669.1	10	0.559	15.29	15.61		4.84	4.86
162-982B	162-982B-6H-6,60-62	51.6	57.12	57.12	2673.4	10	0.563	15.41	15.73		4.84	4.86
162-982B	162-982B-6H-6,67.5-69.5	51.675	57.195	57.195	2677.7	10	0.558	15.26	15.58		4.84	4.86
162-982B	162-982B-6H-6,75-77	51.75	57.24	57.24	2680	10	0.56	15.32	15.64		4.53	4.55
162-982B			57.27	57.27	2681.3	10	0.547	14.94	15.24		4.44	4.46
162-982B			57.32	57.32	2683.6	10	0.556	15.21	15.52		4.72	4.74
162-982B	162-982B-6H-6,82.5-84.5	51.825	57.345	57.345	2684.7	10	0.521	14.18	14.45		3.62	3.65
162-982B	162-982B-6H-6,90-92	51.9	57.42	57.42	2688	10	0.5	13.56	13.82		3.02	3.04
162-982A	162-982A-6H-4,22.5-24.5	50.925	57.47	57.47	2690.2	10	0.477	12.88	13.12		2.41	2.43
162-982B	162-982B-6H-6,97.5-99.5	51.975	57.495	57.495	2691.3	10	0.444	11.91	12.12		1.2	1.22
162-982A	162-982A-6H-4,30-32	51	57.54	57.54	2693.2	10	0.412	10.97	11.15		0.29	0.31
162-982B	162-982B-6H-6,105-107	52.05	57.57	57.57	2694.5	10	0.448	12.03	12.24		2.41	2.43
162-982A	162-982A-6H-4,37.5-39.5	51.075	57.62	57.62	2696.7	10	0.503	13.65	13.91		3.02	3.04
162-982B	162-982B-6H-6,112.5-114.5	52.125	57.645	57.645	2697.8	10	0.482	13.03	13.27		3.62	3.65
162-982A	162-982A-6H-4,45-47	51.15	57.69	57.69	2699.7	10	0.53	14.44	14.73		3.93	3.95
162-982A			57.72	57.72	2701	10	0.52	14.15	14.42		3.62	3.65
162-982A	162-982A-6H-4,52.5-54.5	51.225	57.77	57.77	2703.2	10	0.536	14.62	14.91		4.23	4.25
162-982A	162-982A-6H-4,60-62	51.3	57.795	57.795	2704.3	10	0.537	14.65	14.94		4.23	4.25
162-982A			57.84	57.84	2706.2	10	0.536	14.62	14.91		4.11	4.13
162-982A			57.87	57.87	2707.6	10	0.556	15.21	15.52		4.72	4.74
162-982A	162-982A-6H-4,67.5-69.5	51.385	57.92	57.92	2710.1	10	0.548	14.97	15.27		4.53	4.55
162-982A	162-982A-6H-4,75-77	51.45	57.99	57.99	2713.9	10	0.54	14.74	15.03		4.23	4.25
162-982A	162-982A-6H-4,82.5-84.5	51.525	58.07	58.07	2718.1	10	0.517	14.06	14.33		3.62	3.65
162-982A	162-982A-6H-4,90-92	51.6	58.14	58.14	2721.9	10	0.526	14.32	14.61		3.93	3.95
162-982A	162-982A-6H-4,97.5-99.5	51.675	58.22	58.22	2726.2	10	0.522	14.21	14.48		3.62	3.65
162-982A	162-982A-6H-4,105-107	51.75	58.29	58.29	2730.2	10	0.543	14.82	15.12		4.23	4.25
162-982A	162-982A-6H-4,112.5-114.5	51.825	58.37	58.37	2734.7	10	0.543	14.82	15.12		4.23	4.25
162-982A	162-982A-6H-4,120-122	51.9	58.44	58.44	2738.7	10	0.53	14.44	14.73		3.93	3.95
162-982A	162-982A-6H-4,127.5-129.5	51.975	58.52	58.52	2743.5	10	0.548	14.97	15.27		4.53	4.55
162-982A	162-982A-6H-4,135-137	52.05	58.59	58.59	2747.7	10	0.546	14.91	15.21		4.53	4.55
162-982A	162-982A-6H-4,142.5-144.5	52.125	58.67	58.67	2752.9	10	0.55	15.03	15.33		4.53	4.55
162-982A	162-982A-6H-5,0-2	52.2	58.74	58.74	2757.6	10	0.546	14.91	15.21		4.53	4.55
162-982A	162-982A-6H-5,7.5-9.5	52.275	58.82	58.82	2763	10	0.578	15.85	16.18		5.44	5.46
162-982A	162-982A-6H-5,15-17	52.35	58.89	58.89	2767.6	10	0.575	15.76	16.09		5.14	5.16
162-982A	162-982A-6H-5,22.5-24.5	52.425	58.97	58.97	2772.7	10	0.569	15.59	15.91		5.14	5.16
162-982A	162-982A-6H-5,30-32	52.5	59.04	59.04	2777.2	10	0.569	15.59	15.91		5.14	5.16
162-982A	162-982A-6H-5,37.5-39.5	52.575	59.12	59.12	2782.1	10	0.576	15.79	16.12		5.44	5.46
162-982A	162-982A-6H-5,45-47	52.65	59.19	59.19	2786.2	10	0.578	15.85	16.18		5.44	5.46
162-982A	162-982A-6H-5,52.5-54.5	52.725	59.265	59.265	2790.4	10	0.593	16.29	16.64		5.44	5.46
162-982A	162-982A-6H-5,60-62	52.8	59.34	59.34	2794.5	10	0.594	16.32	16.67		5.75	5.77
162-982A	162-982A-6H-5,67.5-69.5	52.875	59.42	59.42	2798.3	10	0.603	16.59	16.94		6.05	6.07
162-982A	162-982A-6H-5,75-77	52.95	59.49	59.49	2801.1	10	0.548	14.97	15.27		4.53	4.55
162-982A	162-982A-6H-5,82.5-84.5	53.025	59.565	59.565	2803.8	10	0.533	14.53	14.82		3.32	3.34
162-982A	162-982A-6H-5,90-92	53.1	59.64	59.64	2806.5	10	0.519	14.12	14.39		3.62	3.64
162-982A	162-982A-6H-5,97.5-99.5	53.165	59.72	59.72	2809.3	10	0.514	13.97	14.24		3.32	3.34
162-982A	162-982A-6H-5,105-107	53.25	59.755	59.755	2810.6	10	0.532	14.5	14.79		3.93	3.95
162-982A			59.8	59.8	2812.4	10	0.533	14.53	14.82		4.02	4.04
162-982A			59.83	59.83	2813.6	10	0.513	13.94	14.21		3.41	3.43
162-982A	162-982A-6H-5,112.5-114.5	53.335	59.87	59.87	2815.2	10	0.489	13.24	13.48		2.72	2.74
162-982B	162-982B-7H-1,112.5-114.5	54.175	59.905	59.905	2816.6	10	0.48	12.97	13.21		2.41	2.43
162-982A	162-982A-6H-5,120-122	53.41	59.94	59.94	2817.9	10	0.503	13.65	13.91		3.02	3.04
162-982A			59.98	59.98	2819.3	10	0.541	14.76	15.06		4.26	4.28
162-982A	162-982A-6H-5,127.5-129.5	53.485	60.02	60.02	2820.5	10	0.562	15.38	15.7		4.84	4.86
162-982B	162-982B-7H-1,127.5-129.5	54.325	60.055	60.055	2821.5	10	0.582	15.97	16.3		5.44	5.46
162-982B	162-982B-7H-1,135-137	54.4	60.13	60.13	2823.4	10	0.582	15.97	16.3		5.44	5.46
162-982B	162-982B-7H-1,142.5-144.5	54.475	60.205	60.205	2825.4	10	0.563	15.41	15.73		4.84	4.86
162-982B	162-982B-7H-2,0-2	54.55	60.28	60.28	2827.4	10	0.635	17.53	17.91		7.26	7.28
162-982B	162-982B-7H-2,7.5-9.5	54.625	60.355	60.355	2829.6	10	0.643	17.76	18.15		7.26	7.28
162-982B	162-982B-7H-2,15-17	54.7	60.43	60.43	2831.8	10	0.625	17.24	17.61		6.65	6.67
162-982B	162-982B-7H-2,22.5-24.5	54.775	60.505	60.505	2834	10	0.612	16.85	17.21		5.75	5.77
162-982B	162-982B-7H-2,30-32	54.85	60.58	60.58	2836.2	10	0.615	16.94	17.3		5.75	5.77
162-982B	162-982B-7H-2,37.5-39.5	54.925	60.655	60.655	2838.4	10	0.598	16.44	16.79		4.84	4.86
162-982B	162-982B-7H-2,45-47	55	60.73	60.73	2840.6	10	0.628	17.32	17.7		6.96	6.98
162-982B	162-982B-7H-2,52.5-54.5	55.075	60.805	60.805	2842.8	10	0.657	18.18	18.58		7.56	7.58
162-982B	162-982B-7H-2,60-62	55.15	60.88	60.88	2844.9	10	0.654	18.09	18.48		7.56	7.58
162-982B	162-982B-7H-2,67.5-69.5	55.225	60.955	60.955	2847.2	10	0.664	18.38	18.79		7.87	7.89
162-982B	162-982B-7H-2,75-77	55.3	61.03	61.03	2849.3	10	0.651	18	18.39		7.56	7.58
162-982B	162-982B-7H-2,82.5-84.5	55.375	61.105	61.105	2851.5	10	0.579	15.88	16.21		5.44	5.46
162-982B	162-982B-7H-2,90-92	55.45	61.18	61.18	2853.7	10	0.582	15.97	16.3		5.44	5.46
162-982B	162-982B-7H-2,97.5-99.5	55.525	61.255	61.255	2855.9	10	0.534	14.56	14.85		3.93	3.95
162-982B	162-982B-7H-2,105-107	55.6	61.33	61.33	2858.1	10	0.572	15.68	16		5.14	5.16
162-982B	162-982B-7H-2,112.5-114.5	55.675	61.405	61.405	2860.3	10	0.614	16.91	17.27		6.35	6.37
162-982B	162-982B-7H-2,120-122	55.75	61.48	61.48	2862.8	10	0.647	17.88	18.27		7.26	7.28
162-982B	162-982B-7H-2,127.5-129.5	55.825	61.555	61.555	2865.3	10	0.64	17.68	18.06		7.26	7.28
162-982B	162-982B-7H-2,135-137	55.9	61.63	61.63	2867.8	10	0.636	17.56	17.94		7.26	7.28
162-982B	162-982B-7H-2,142.5-144.5	55.975	61.705	61.705	2870.3	10	0.635	17.53	17.91		7.26	7.28
162-982B	162-982B-7H-3,0-2	56.05	61.78	61.78	2872.8	10	0.58	15.91	16.24		5.44	5.46
162-982B	162-982B-7H-3,7.5-9.5	56.125	61.855	61.855	2875.3	10	0.57	15.62	15.94		5.14	5.16
162-982B	162-982B-7H-3,15-17	56.2	61.93	61.93	2877.8	10	0.57	15.62	15.94		5.14	5.16
162-982B	162-982B-7H-3,22.5-24.5	56.275	62.005	62.005	2880.2	10	0.577	15.82	16.15		5.44	5.46
162-982B	162-982B-7H-3,30-32	56.35	62.08	62.08	2882.6	10	0.598	16.44	16.79		6.05	6.07
162-982B	162-982B-7H-3,37.5-39.5	56.425	62.155	62.155	2885	10	0.637	17.59	17.97		6.35	6.37
162-982B	162-982B-7H-3,45-47	56.5	62.23	62.23	2887.4	10	0.629	17.35	17.73		6.96	6.98
162-982B	162-982B-7H-3,52.5-54.5	56.575	62.305	62.305	2889.8	10	0.601	16.53	16.88		6.05	6.07
162-982B	162-982B-7H-3,60-62	56.65	62.38	62.38	2892	10	0.583	16	16.33		5.44	5.46
162-982B	162-982B-7H-3,67.5-69.5	56.725	62.455	62.455	2894.2	10	0.567	15.53	15.85		5.14	5.16
162-982B	162-982B-7H-3,75-77	56.8	62.53	62.53	2896.5	10	0.595	16.35	16.7		5.75	5.77
162-982B	162-982B-7H-3,82.5-84.5	56.875	62.605	62.605	2898.9	10	0.623	17.18	17.55		6.65	6.67
162-982B	162-982B-7H-3,90-92	56.95	62.68	62.68	2901.4	10	0.626	17.26	17.64		6.96	6.98
162-982B	162-982B-7H-3,97.5-99.5	57.025	62.755	62.755	2903.8	10	0.613	16.88	17.24		6.35	6.37
162-982B	162-982B-7H-3,105-107	57.1	62.83	62.83	2906.2	10	0.623	17.18	17.55		7.26	7.28
162-982B	162-982B-7H-3,112.5-114.5	57.175	62.905	62.905	2908.7	10	0.611	16.82	17.18		6.35	6.37
162-982B	162-982B-7H-3,120-122	57.25	62.98	62.98	2911.2	10	0.633	17.47	17.85		6.96	6.98
162-982B	162-982B-7H-3,127.5-129.5	57.325	63.055	63.055	2913.7	10	0.616	16.97	17.33		6.65	6.67
162-982B	162-982B-7H-3,135-137	57.4	63.13	63.13	2916.2	10	0.599	16.47	16.82		5.75	5.76
162-982B	162-982B-7H-3,142.5-144.5	57.475	63.205	63.205	2918.7	10	0.633	17.47	17.85		6.96	6.98
162-982B	162-982B-7H-4,0-2	57.55	63.28	63.28	2921.2	10	0.608	16.74	17.09		6.35	6.37
162-982B	162-982B-7H-4,7.5-9.5	57.625	63.355	63.355	2923.8	10	0.554	15.15	15.45		4.53	4.55
162-982B	162-982B-7H-4,15-17	57.7	63.43	63.43	2926.6	10	0.545	14.88	15.18		4.23	4.25
162-982B	162-982B-7H-4,22.5-24.5	57.775	63.505	63.505	2930.3	10	0.574	15.74	16.06		5.14	5.16
162-982B	162-982B-7H-4,30-32	57.85	63.58	63.58	2934.6	10	0.62	17.09	17.45		6.65	6.67
162-982B	162-982B-7H-4,37.5-39.5	57.925	63.655	63.655	2938.8	10	0.607	16.71	17.06		6.35	6.37
162-982B	162-982B-7H-4,45-47	58	63.73	63.73	2942.4	10	0.672	18.62	19.03		7.87	7.89
162-982B			63.805	63.805	2946.2	10	0.651	18	18.39		7.59	7.61
162-982B	162-982B-7H-4,52.5-54.5	58.125	63.88	63.88	2949.8	10	0.64	17.68	18.06		7.56	7.58
162-982B	162-982B-7H-4,60-62	58.15	63.955	63.955	2953.4	10	0.595	16.35	16.7		7.26	7.28
162-982B	162-982B-7H-4,67.5-69.5	58.225	64.03	64.03	2956.6	10	0.578	15.85	16.18		6.05	6.07
162-982B	162-982B-7H-4,75-77	58.3	64.105	64.105	2959.3	10	0.586	16.09	16.42		5.44	5.46
162-982B	162-982B-7H-4,82.5-84.5	58.375	64.18	64.18	2962	10	0.584	16.03	16.36		5.75	5.76
162-982B	162-982B-7H-4,90-92	58.45	64.255	64.255	2964.7	10	0.559	15.29	15.61		5.44	5.46
162-982B	162-982B-7H-4,97.5-99.5	58.525	64.33	64.33	2967.4	10	0.587	16.12	16.45		4.84	4.86
162-982B	162-982B-7H-4,105-107	58.6	64.405	64.405	2970	10	0.591	16.24	16.58		5.75	5.76
162-982B	162-982B-7H-4,112.5-114.5	58.675	64.48	64.48	2972.7	10	0.537	14.65	14.94		5.75	5.76
162-982B	162-982B-7H-4,120-122	58.75	64.555	64.555	2975.3	10	0.541	14.76	15.06		4.23	4.25
162-982B	162-982B-7H-4,127.5-129.5	58.825	64.63	64.63	2978	10	0.537	14.65	14.94		4.23	4.25
162-982B	162-982B-7H-4,135-137	58.9	64.705	64.705	2980.6	10	0.518	14.09	14.36		4.23	4.25
162-982B	162-982B-7H-4,142.5-144.5	58.975	64.78	64.78	2983.5	10	0.521	14.18	14.45		3.62	3.64
162-982B	162-982B-7H-5,0-2	59.05	64.855	64.855	2986.8	10	0.499	13.53	13.79		3.62	3.64
162-982B	162-982B-7H-5,10-12	59.15	64.9	64.9	2988.8	10	0.532	14.5	14.79		3.93	3.95
162-982B	162-982B-7H-5,15-17	59.2	64.93	64.93	2990.2	10	0.53	14.44	14.73		3.93	3.95
162-982B	162-982B-7H-5,22.5-24.5	59.275	65.005	65.005	2993.6	10	0.58	15.91	16.24		5.44	5.46
162-982B	162-982B-7H-5,30-32	59.36	65.08	65.08	2997.1	10	0.593	16.29	16.64		5.75	5.76
162-982B	162-982B-7H-5,37.5-39.5	59.425	65.155	65.155	3000.5	20	0.591	16.24	16.58		5.75	5.76
162-982B	162-982B-7H-5,45-47	59.5	65.23	65.23	3004	20	0.55	15.03	15.33		4.53	4.55
162-982B	162-982B-7H-5,52.5-54.5	59.575	65.305	65.305	3007.4	20	0.538	14.68	14.97		4.23	4.25
162-982B	162-982B-7H-5,60-62	59.65	65.38	65.38	3010.4	20	0.548	14.97	15.27		4.53	4.55
162-982B	162-982B-7H-5,67.5-69.5	59.725	65.455	65.455	3013.4	20	0.506	13.74	14		3.32	3.34
162-982B	162-982B-7H-5,75-77	59.8	65.53	65.53	3016.4	20	0.512	13.91	14.18		3.32	3.34
162-982B	162-982B-7H-5,82.5-84.5	59.875	65.605	65.605	3019.2	20	0.525	14.29	14.58		3.62	3.64
162-982B	162-982B-7H-5,90-92	59.95	65.68	65.68	3021.9	20	0.517	14.06	14.33		3.62	3.64
162-982B	162-982B-7H-5,97.5-99.5	60.025	65.755	65.755	3024.7	20	0.523	14.24	14.52		3.62	3.64
162-982B	162-982B-7H-5,105-107	60.1	65.83	65.83	3027.4	20	0.514	13.97	14.24		3.32	3.34
162-982A	162-982A-7H-2,67.5-69.5	57.875	65.86	65.86	3028.5	20	0.531	14.47	14.76		3.93	3.95
162-982B	162-982B-7H-5,112.5-114.5	60.175	65.905	65.905	3030.1	20	0.532	14.5	14.79		5.14	5.16
162-982B			65.93	65.93	3031	20	0.544	14.85	15.15		4.35	4.37
162-982B	162-982B-7H-5,120-122	60.25	65.98	65.98	3032.9	20	0.575	15.76	16.09		5.14	5.16
162-982B			66.01	66.01	3034	20	0.584	16.03	16.36		5.56	5.58
162-982B	162-982B-7H-5,127.5-129.5	60.325	66.055	66.055	3035.7	20	0.568	15.56	15.88		5.14	5.16
162-982B	162-982B-7H-5,135-137	60.4	66.08	66.08	3036.7	20	0.588	16.15	16.48		5.75	5.76
162-982A	162-982A-7H-2,97.5-99.5	58.175	66.13	66.13	3038.8	20	0.588	16.15	16.48		4.84	4.85
162-982A			66.16	66.16	3040	20	0.568	15.56	15.88		5.08	5.1
162-982B	162-982B-7H-5,142.5-144.5	60.475	66.205	66.205	3042	20	0.544	14.85	15.15		4.23	4.25
162-982A	162-982A-7H-2,105-107	58.25	66.23	66.23	3043.2	20	0.528	14.38	14.67		3.93	3.95
162-982B	162-982B-7H-6,0-2	60.55	66.28	66.28	3045.7	20	0.514	13.97	14.24		3.32	3.34
162-982A	162-982A-7H-2,112.5-114.5	58.325	66.31	66.31	3047.2	20	0.494	13.38	13.64		2.72	2.73
162-982A	162-982A-7H-2,120-122	58.4	66.355	66.355	3049.6	20	0.495	13.41	13.67		2.41	2.43
162-982A			66.38	66.38	3050.9	20	0.481	13	13.24		2.44	2.46
162-982A			66.43	66.43	3053.5	20	0.473	12.76	13		2.2	2.22
162-982A	162-982A-7H-2,127.5-129.5	58.475	66.46	66.46	3055.3	20	0.482	13.03	13.27		2.41	2.43
162-982A			66.505	66.505	3058.2	20	0.486	13.15	13.39		2.59	2.61
162-982A	162-982A-7H-2,135-137	58.55	66.53	66.53	3059.8	20	0.513	13.94	14.21		3.32	3.34
162-982A	162-982A-7H-2,142.5-144.5	58.625	66.58	66.58	3063	20	0.492	13.32	13.58		3.62	3.64
162-982A			66.61	66.61	3065.1	20	0.521	14.18	14.45		3.65	3.67
162-982A	162-982A-7H-3,0-2	58.7	66.68	66.68	3069.8	20	0.611	16.82	17.18		6.35	6.37
162-982A	162-982A-7H-3,7.5-9.5	58.775	66.76	66.76	3075.3	20	0.615	16.94	17.3		6.35	6.37
162-982A	162-982A-7H-3,15-17	58.85	66.83	66.83	3079.9	20	0.61	16.79	17.15		6.35	6.37
162-982A	162-982A-7H-3,22.5-24.5	58.925	66.91	66.91	3085.2	20	0.627	17.29	17.67		6.96	6.98
162-982A	162-982A-7H-3,30-32	59	66.98	66.98	3089.3	20	0.694	19.26	19.7		8.78	8.79
162-982A	162-982A-7H-3,37.5-39.5	59.075	67.06	67.06	3094.1	20	0.712	19.79	20.24		9.38	9.4
162-982A	162-982A-7H-3,45-47	59.15	67.13	67.13	3098.2	20	0.657	18.18	18.58		7.87	7.88
162-982A	162-982A-7H-3,52.5-54.5	59.225	67.21	67.21	3102.9	20	0.6	16.5	16.85		5.75	5.76
162-982A	162-982A-7H-3,60-62	59.3	67.28	67.28	3107.1	20	0.588	16.15	16.48		6.05	6.07
162-982A	162-982A-7H-3,67.5-69.5	59.375	67.36	67.36	3111	20	0.608	16.74	17.09		6.35	6.37
162-982A	162-982A-7H-3,75-77	59.45	67.43	67.43	3113	20	0.655	18.12	18.52		7.56	7.58
162-982A	162-982A-7H-3,82.5-84.5	59.525	67.51	67.51	3116.1	20	0.59	16.21	16.55		5.44	5.46
162-982A	162-982A-7H-3,90-92	59.6	67.58	67.58	3118.7	20	0.58	15.91	16.24		5.14	5.16
162-982A	162-982A-7H-3,97.5-99.5	59.675	67.66	67.66	3121.6	20	0.525	14.29	14.58		3.62	3.64
162-982A	162-982A-7H-3,105-107	59.75	67.73	67.73	3124	20	0.521	14.18	14.45		3.62	3.64
162-982A	162-982A-7H-3,112.5-114.5	59.825	67.81	67.81	3126.9	20	0.466	12.56	12.79		2.11	2.13
162-982A	162-982A-7H-3,120-122	59.9	67.88	67.88	3129.3	20	0.48	12.97	13.21		2.41	2.43
162-982A	162-982A-7H-3,127.5-129.5	59.975	67.96	67.96	3132.2	20	0.507	13.76	14.03		3.32	3.34
162-982A	162-982A-7H-3,135-137	60.05	68.03	68.03	3134.6	20	0.545	14.88	15.18		4.23	4.25
162-982A	162-982A-7H-3,142.5-144.5	60.125	68.11	68.11	3136.2	20	0.496	13.44	13.7		3.02	3.04
162-982A	162-982A-7H-4,0-2	60.2	68.18	68.18	3137.2	20	0.517	14.06	14.34		3.54	3.56
162-982A	162-982A-7H-4,7.5-9.5	60.275	68.26	68.26	3139.4	20	0.557	15.24	15.55		4.84	4.85
162-982A	162-982A-7H-4,15-17	60.35	68.33	68.33	3141.5	20	0.533	14.53	14.82		3.93	3.94
162-982A	162-982A-7H-4,24-26	60.44	68.42	68.42	3144.6	20	0.531	14.47	14.76		3.93	3.94
162-982A	162-982A-7H-4,30-32	60.5	68.48	68.48	3146.7	20	0.553	15.12	15.42		4.53	4.55
162-982A	162-982A-7H-4,37.5-39.5	60.575	68.56	68.56	3149.5	20	0.613	16.88	17.24		6.35	6.37
162-982A	162-982A-7H-4,45-47	60.65	68.63	68.63	3152	20	0.624	17.21	17.58		6.65	6.67
162-982A	162-982A-7H-4,52.5-54.5	60.725	68.71	68.71	3155.5	20	0.597	16.41	16.76		6.05	6.07
162-982A	162-982A-7H-4,60-62	60.8	68.78	68.78	3158.5	20	0.611	16.82	17.18		6.35	6.37
162-982A	162-982A-7H-4,67.5-69.5	60.875	68.86	68.86	3161.8	20	0.595	16.35	16.7		5.75	5.76
162-982A	162-982A-7H-4,75-77	60.95	68.93	68.93	3164.7	20	0.567	15.53	15.85		5.14	5.16
162-982A	162-982A-7H-4,82.5-84.5	61.025	69.01	69.01	3167.5	20	0.58	15.91	16.24		5.44	5.46
162-982A	162-982A-7H-4,90-92	61.1	69.08	69.08	3169.9	20	0.597	16.41	16.76		6.05	6.07
162-982A	162-982A-7H-4,97.5-99.5	61.175	69.16	69.16	3172.5	20	0.6	16.5	16.85		6.05	6.07
162-982A	162-982A-7H-4,105-107	61.25	69.23	69.23	3174.8	20	0.589	16.18	16.52		5.75	5.76
162-982A	162-982A-7H-4,112.5-114.5	61.325	69.305	69.305	3176.8	20	0.571	15.65	15.97		5.44	5.46
162-982A			69.31	69.31	3177	20	0.582	15.97	16.3		5.5	5.52
162-982A			69.33	69.33	3177.5	20	0.59	16.21	16.55		5.75	5.76
162-982A	162-982A-7H-4,120-122	61.4	69.38	69.38	3178.9	20	0.579	15.88	16.21		5.44	5.46
162-982A			69.405	69.405	3179.5	20	0.583	16	16.33		5.53	5.55
162-982A	162-982A-7H-4,127.5-129.5	61.475	69.46	69.46	3180.9	20	0.572	15.68	16		5.14	5.16
162-982A	162-982A-7H-4,135-137	61.55	69.53	69.53	3182.8	20	0.581	15.94	16.27		5.44	5.46
162-982A	162-982A-7H-4,142.5-144.5	61.625	69.61	69.61	3185.1	20	0.575	15.76	16.09		5.44	5.46
162-982A			69.63	69.63	3185.7	20	0.54	14.74	15.03		4.23	4.25
162-982A	162-982A-7H-5,0-2	61.7	69.68	69.68	3187.3	20	0.584	16.03	16.36		5.44	5.46
162-982A	162-982A-7H-5,7.5-9.5	61.775	69.755	69.755	3189.7	20	0.575	15.76	16.09		5.75	5.76
162-982B	162-982B-8H-1,45-47	62.95	69.76	69.76	3189.9	20	0.592	16.26	16.61		6.05	6.07
162-982A	162-982A-7H-5,15-17	61.85	69.83	69.83	3192.1	20	0.597	16.41	16.76		6.05	6.07
162-982B	162-982B-8H-1,52.5-54.5	63.025	69.905	69.905	3194.5	20	0.602	16.56	16.91		6.05	6.07
162-982B	162-982B-8H-1,60-62	63.1	69.91	69.91	3194.7	20	0.593	16.29	16.64		5.75	5.76
162-982B	162-982B-8H-1,67.5-69.5	63.175	69.98	69.98	3197.3	20	0.593	16.29	16.64		6.35	6.37
162-982B	162-982B-8H-1,75-77	63.25	70.055	70.055	3200.2	20	0.613	16.88	17.24		6.35	6.37
162-982B	162-982B-8H-1,82.5-84.5	63.325	70.13	70.13	3203.1	20	0.612	16.85	17.21		6.35	6.37
162-982B	162-982B-8H-1,90-92	63.4	70.23	70.23	3207	20	0.631	17.41	17.79		6.96	6.97
162-982B	162-982B-8H-1,97.5-99.5	63.475	70.305	70.305	3210.4	20	0.629	17.35	17.73		6.65	6.67
162-982B	162-982B-8H-1,105-107	63.55	70.38	70.38	3214.7	20	0.62	17.09	17.45		6.65	6.67
162-982B	162-982B-8H-1,112.5-114.5	63.625	70.455	70.455	3219	20	0.622	17.15	17.52		6.65	6.67
162-982B	162-982B-8H-1,120-122	63.7	70.53	70.53	3223.3	20	0.621	17.12	17.48		6.65	6.67
162-982B	162-982B-8H-1,127.5-129.5	63.775	70.605	70.605	3227.5	20	0.604	16.62	16.97		6.05	6.07
162-982B	162-982B-8H-1,135-137	63.85	70.68	70.68	3231.2	20	0.605	16.65	17		6.35	6.37
162-982B	162-982B-8H-1,142.5-144.5	63.925	70.755	70.755	3235	20	0.586	16.09	16.42		5.75	5.76
162-982B	162-982B-8H-2,0-2	64	70.83	70.83	3238.8	20	0.584	16.03	16.36		5.44	5.46
162-982B	162-982B-8H-2,7.5-9.5	64.075	70.905	70.905	3241.1	20	0.602	16.56	16.91		6.05	6.07
162-982B	162-982B-8H-2,15-17	64.15	70.98	70.98	3243.4	20	0.602	16.56	16.91		5.44	5.46
162-982B	162-982B-8H-2,22.5-24.5	64.225	71.055	71.055	3245.6	20	0.604	16.63	16.98		6.05	6.06
162-982B	162-982B-8H-2,30-32	64.3	71.13	71.13	3247.8	20	0.612	16.85	17.21		6.35	6.37
162-982B	162-982B-8H-2,37.5-39.5	64.375	71.205	71.205	3249.9	20	0.607	16.71	17.06		6.35	6.37
162-982B	162-982B-8H-2,45-47	64.45	71.28	71.28	3251.9	20	0.615	16.94	17.3		6.65	6.67
162-982B	162-982B-8H-2,52.5-54.5	64.525	71.355	71.355	3253.6	20	0.67	18.56	18.97		8.17	8.19
162-982B	162-982B-8H-2,60-62	64.6	71.4	71.4	3254.6	20	0.744	20.74	21.21		9.68	9.7
162-982B	162-982B-8H-2,61-63	64.61	71.43	71.43	3255.3	20	0.716	19.91	20.36		10.29	10.31
162-982B	162-982B-8H-2,67.5-69.5	64.675	71.505	71.505	3256.8	20	0.727	20.24	20.7		9.99	10
162-982B	162-982B-8H-2,75-77	64.75	71.58	71.58	3258.1	20	0.709	19.71	20.15		9.38	9.4
162-982B	162-982B-8H-2,82.5-84.5	64.825	71.655	71.655	3259.3	20	0.69	19.15	19.58		8.78	8.79
162-982B	162-982B-8H-2,90-92	64.9	71.73	71.73	3260.6	20	0.671	18.59	19		8.17	8.19
162-982B	162-982B-8H-2,97.5-99.5	64.975	71.805	71.805	3262.1	20	0.659	18.24	18.64		7.87	7.88
162-982B	162-982B-8H-2,105-107	65.05	71.88	71.88	3263.6	20	0.664	18.38	18.79		7.87	7.88
162-982B	162-982B-8H-2,112.5-114.5	65.125	71.955	71.955	3265.2	20	0.688	19.09	19.52		8.78	8.79
162-982B	162-982B-8H-2,120-122	65.2	72.03	72.03	3266.8	20	0.691	19.18	19.61		8.78	8.79
162-982B	162-982B-8H-2,127.5-129.5	65.275	72.105	72.105	3268.5	20	0.688	19.09	19.52		8.78	8.79
162-982B	162-982B-8H-2,135-137	65.35	72.18	72.18	3270.3	20	0.67	18.56	18.97		8.17	8.19
162-982B	162-982B-8H-2,142.5-144.5	65.425	72.255	72.255	3272.2	20	0.661	18.29	18.7		7.87	7.88
162-982B	162-982B-8H-3,0-2	65.5	72.33	72.33	3274	20	0.664	18.38	18.79		7.87	7.88
162-982B	162-982B-8H-3,7.5-9.5	65.575	72.405	72.405	3276	20	0.655	18.12	18.52		7.87	7.88
162-982B	162-982B-8H-3,15-17	65.65	72.48	72.48	3278	20	0.66	18.26	18.67		7.87	7.88
162-982B	162-982B-8H-3,22.5-24.5	65.725	72.555	72.555	3280	20	0.657	18.18	18.58		7.87	7.88
162-982B	162-982B-8H-3,30-32	65.8	72.63	72.63	3281.9	20	0.657	18.18	18.58		7.87	7.88
162-982B	162-982B-8H-3,37.5-39.5	65.875	72.705	72.705	3284.2	20	0.617	17	17.36		6.65	6.67
162-982B	162-982B-8H-3,45-47	65.95	72.78	72.78	3286.4	20	0.589	16.18	16.52		5.75	5.76
162-982B	162-982B-8H-3,52.5-54.5	66.025	72.855	72.855	3288.7	20	0.541	14.76	15.06		4.23	4.25
162-982B	162-982B-8H-3,60-62	66.1	72.93	72.93	3291.2	20	0.535	14.59	14.88		3.93	3.94
162-982B	162-982B-8H-3,67.5-69.5	66.175	73.005	73.005	3293.7	20	0.524	14.26	14.55		3.62	3.64
162-982B	162-982B-8H-3,75-77	66.25	73.08	73.08	3296.2	20	0.497	13.47	13.73		3.02	3.03
162-982B	162-982B-8H-3,82.5-84.5	66.325	73.155	73.155	3298.8	20	0.484	13.09	13.33		2.41	2.43
162-982B	162-982B-8H-3,90-92	66.4	73.23	73.23	3301.3	20	0.5	13.56	13.82		3.02	3.03
162-982B	162-982B-8H-3,97.5-99.5	66.475	73.305	73.305	3303.8	20	0.521	14.18	14.45		3.62	3.64
162-982B	162-982B-8H-3,105-107	66.55	73.38	73.38	3306.1	20	0.521	14.18	14.45		3.62	3.64
162-982B	162-982B-8H-3,112.5-114.5	66.625	73.455	73.455	3308.4	20	0.529	14.41	14.7		3.93	3.94
162-982B	162-982B-8H-3,120-122	66.7	73.53	73.53	3310.7	20	0.541	14.76	15.06		4.23	4.25
162-982B	162-982B-8H-3,127.5-129.5	66.775	73.605	73.605	3313	20	0.601	16.53	16.88		6.05	6.06
162-982B	162-982B-8H-3,135-137	66.85	73.68	73.68	3315.3	20	0.612	16.85	17.21		6.35	6.37
162-982B	162-982B-8H-3,142.5-144.5	66.925	73.755	73.755	3317.6	20	0.646	17.85	18.24		7.56	7.58
162-982B	162-982B-8H-4,0-2	67	73.83	73.83	3319.9	20	0.639	17.65	18.03		7.26	7.28
162-982B	162-982B-8H-4,7.5-9.5	67.075	73.905	73.905	3322.2	20	0.662	18.32	18.73		7.87	7.88
162-982B	162-982B-8H-4,15-17	67.15	73.98	73.98	3324.6	20	0.678	18.79	19.21		8.47	8.49
162-982B	162-982B-8H-4,22.5-24.5	67.225	74.055	74.055	3327	20	0.674	18.68	19.09		8.17	8.19
162-982B	162-982B-8H-4,30-32	67.3	74.13	74.13	3329.5	20	0.663	18.35	18.76		7.87	7.88
162-982B	162-982B-8H-4,37.5-39.5	67.375	74.205	74.205	3331.9	20	0.643	17.76	18.15		7.26	7.28
162-982B	162-982B-8H-4,45-47	67.45	74.28	74.28	3334.2	20	0.632	17.44	17.82		6.96	6.97
162-982B	162-982B-8H-4,52.5-54.5	67.525	74.355	74.355	3336.5	20	0.654	18.09	18.48		7.56	7.58
162-982B	162-982B-8H-4,60-62	67.6	74.43	74.43	3338.8	20	0.649	17.94	18.33		7.56	7.58
162-982B	162-982B-8H-4,67.5-69.5	67.675	74.505	74.505	3341.2	20	0.64	17.68	18.06		7.26	7.28
162-982B	162-982B-8H-4,75-77	67.75	74.58	74.58	3343.8	20	0.604	16.62	16.97		6.05	6.06
162-982B	162-982B-8H-4,82.5-84.5	67.825	74.655	74.655	3346.3	20	0.618	17.03	17.39		6.65	6.67
162-982B	162-982B-8H-4,90-92	67.9	74.73	74.73	3348.8	20	0.618	17.03	17.39		6.65	6.67
162-982B	162-982B-8H-4,97.5-99.5	67.975	74.805	74.805	3351.3	20	0.617	17	17.36		6.65	6.67
162-982B	162-982B-8H-4,105-107	68.05	74.88	74.88	3353.8	20	0.64	17.68	18.06		7.26	7.28
162-982B	162-982B-8H-4,112.5-114.5	68.125	74.955	74.955	3356.2	20	0.624	17.21	17.58		6.65	6.67
162-982B	162-982B-8H-4,120-122	68.2	75.03	75.03	3358.7	20	0.645	17.82	18.21		7.26	7.28
162-982B	162-982B-8H-4,127.5-129.5	68.275	75.105	75.105	3361.2	20	0.656	18.15	18.55		7.87	7.88
162-982B	162-982B-8H-4,135-137	68.35	75.18	75.18	3363.7	20	0.673	18.65	19.06		7.87	7.88
162-982B	162-982B-8H-4,142.5-144.5	68.425	75.255	75.255	3366.1	20	0.709	19.71	20.15		9.38	9.4
162-982B	162-982B-8H-5,0-2	68.5	75.26	75.26	3366.3	20	0.66	18.26	18.67		8.78	8.79
162-982B			75.33	75.33	3368.6	20	0.688	19.09	19.52		8.72	8.73
162-982A	162-982A-8H-1,142.5-144.5	66.625	75.405	75.405	3371.1	20	0.655	18.12	18.52		7.56	7.58
162-982A	162-982A-8H-2,0-2	66.7	75.48	75.48	3373.5	20	0.622	17.15	17.52		6.35	6.37
162-982A	162-982A-8H-2,7.5-9.5	66.775	75.555	75.555	3375.8	20	0.602	16.56	16.91		6.05	6.06
162-982A			75.6	75.6	3377.2	20	0.541	14.76	15.06		4.26	4.28
162-982A	162-982A-8H-2,15-17	66.85	75.63	75.63	3378.1	20	0.586	16.09	16.42		5.75	5.76
162-982A	162-982A-8H-2,22.5-24.5	66.925	75.705	75.705	3380.4	20	0.563	15.41	15.73		4.84	4.85
162-982A	162-982A-8H-2,30-32	67	75.78	75.78	3382.8	20	0.566	15.5	15.82		5.14	5.15
162-982A	162-982A-8H-2,37.5-39.5	67.075	75.855	75.855	3385.1	20	0.598	16.44	16.79		6.05	6.06
162-982A	162-982A-8H-2,45-47	67.15	75.93	75.93	3387.4	20	0.624	17.21	17.58		6.65	6.67
162-982A	162-982A-8H-2,52.5-54.5	67.225	76.005	76.005	3389.7	20	0.673	18.65	19.06		8.17	8.18
162-982A	162-982A-8H-2,60-62	67.3	76.08	76.08	3391.9	20	0.665	18.41	18.82		7.87	7.88
162-982A	162-982A-8H-2,67.5-69.5	67.375	76.155	76.155	3394.2	20	0.664	18.38	18.79		7.87	7.88
162-982A			76.23	76.23	3396.2	20	0.639	17.65	18.03		7.23	7.25
162-982A	162-982A-8H-2,82.5-84.5	67.525	76.305	76.305	3398.1	20	0.613	16.88	17.24		6.35	6.37
162-982A			76.38	76.38	3399.9	20	0.676	18.74	19.15		8.35	8.37
162-982A	162-982A-8H-2,97.5-99.5	67.675	76.455	76.455	3401.8	20	0.709	19.71	20.15		9.08	9.09
162-982A			76.53	76.53	3403.9	20	0.711	19.76	20.21		9.41	9.43
162-982A	162-982A-8H-2,112.5-114.5	67.825	76.605	76.605	3406.2	20	0.726	20.21	20.67		9.99	10
162-982A			76.68	76.68	3408.6	20	0.753	21	21.48		10.68	10.7
162-982A	162-982A-8H-2,127.5-129.5	67.975	76.755	76.755	3411.2	20	0.711	19.76	20.21		9.38	9.4
162-982A			76.83	76.83	3413.7	20	0.737	20.53	21		10.2	10.21
162-982A	162-982A-8H-2,142.5-144.5	68.125	76.905	76.905	3416.3	20	0.7	19.44	19.88		9.08	9.09
162-982A			76.98	76.98	3418.8	20	0.658	18.21	18.61		7.81	7.82
162-982A	162-982A-8H-3,7.5-9.5	68.275	77.055	77.055	3421.4	20	0.665	18.41	18.82		7.87	7.88
162-982A			77.13	77.13	3423.9	20	0.665	18.41	18.82		8.02	8.03
162-982A	162-982A-8H-3,22.5-24.5	68.425	77.205	77.205	3426.5	20	0.683	18.94	19.36		8.47	8.49
162-982A			77.28	77.28	3429	20	0.685	19	19.42		8.62	8.64
162-982A	162-982A-8H-3,37.5-39.5	68.575	77.355	77.355	3431.6	20	0.687	19.06	19.48		8.78	8.79
162-982A			77.43	77.43	3434.1	20	0.682	18.91	19.33		8.53	8.55
162-982A	162-982A-8H-3,52.5-54.5	68.725	77.505	77.505	3436.6	20	0.708	19.68	20.12		9.38	9.4
162-982A			77.58	77.58	3438.9	20	0.733	20.41	20.88		10.08	10.09
162-982A	162-982A-8H-3,67.5-69.5	68.875	77.655	77.655	3441.2	20	0.732	20.38	20.85		9.99	10
162-982A			77.73	77.73	3443.7	20	0.68	18.85	19.27		8.47	8.49
162-982A	162-982A-8H-3,82.5-84.5	69.025	77.805	77.805	3446.3	20	0.681	18.88	19.3		8.47	8.49
162-982A	162-982A-8H-3,90-92	69.1	77.88	77.88	3449.1	20	0.677	18.76	19.18		8.47	8.49
162-982A	162-982A-8H-3,97.5-99.5	69.175	77.955	77.955	3452	20	0.668	18.5	18.91		8.17	8.18
162-982A	162-982A-8H-3,105-107	69.25	78.03	78.03	3455	20	0.689	19.12	19.55		8.47	8.49
162-982A	162-982A-8H-3,112.5-114.5	69.325	78.105	78.105	3458.1	20	0.654	18.09	18.48		7.56	7.58
162-982A	162-982A-8H-3,120-122	69.4	78.18	78.18	3461.1	20	0.685	19	19.42		8.47	8.49
162-982A	162-982A-8H-3,127.5-129.5	69.475	78.255	78.255	3464.1	20	0.669	18.53	18.94		8.17	8.18
162-982A	162-982A-8H-3,135-137	69.55	78.33	78.33	3467.4	20	0.642	17.74	18.12		7.26	7.28
162-982A	162-982A-8H-3,142.5-144.5	69.625	78.405	78.405	3470.7	20	0.628	17.32	17.7		6.96	6.97
162-982A	162-982A-8H-4,0-2	69.7	78.48	78.48	3474.1	20	0.603	16.59	16.94		6.05	6.06
162-982A	162-982A-8H-4,7.5-9.5	69.775	78.555	78.555	3478.7	20	0.608	16.74	17.09		6.35	6.37
162-982A	162-982A-8H-4,15-17	69.85	78.63	78.63	3483.2	20	0.615	16.94	17.3		6.35	6.37
162-982A	162-982A-8H-4,22.5-24.5	69.925	78.705	78.705	3487.4	20	0.635	17.53	17.91		7.26	7.27
162-982A	162-982A-8H-4,30-32	70	78.78	78.78	3491.5	20	0.643	17.76	18.15		7.26	7.27
162-982A	162-982A-8H-4,37.5-39.5	70.075	78.855	78.855	3494.5	20	0.664	18.38	18.79		7.87	7.88
162-982A	162-982A-8H-4,45-47	70.15	78.93	78.93	3497.5	20	0.667	18.47	18.88		8.17	8.18
162-982A	162-982A-8H-4,52.5-54.5	70.225	79.005	79.005	3500.7	20	0.697	19.35	19.79		9.08	9.09
162-982A	162-982A-8H-4,60-62	70.3	79.08	79.08	3503.9	20	0.71	19.74	20.18		9.38	9.4
162-982A	162-982A-8H-4,67.5-69.5	70.375	79.155	79.155	3507.1	20	0.72	20.03	20.48		9.68	9.7
162-982A	162-982A-8H-4,75-77	70.45	79.23	79.23	3510.3	20	0.723	20.12	20.58		9.68	9.7
162-982A	162-982A-8H-4,82.5-84.5	70.525	79.305	79.305	3513.5	20	0.735	20.47	20.94		10.29	10.3
162-982A	162-982A-8H-4,90-92	70.6	79.38	79.38	3516.7	20	0.729	20.29	20.76		9.99	10
162-982A	162-982A-8H-4,97.5-99.5	70.675	79.455	79.455	3520	20	0.739	20.59	21.06		10.29	10.3
162-982A	162-982A-8H-4,105-107	70.75	79.53	79.53	3523.2	20	0.702	19.5	19.94		9.08	9.09
162-982A	162-982A-8H-4,115-117	70.85	79.63	79.63	3527.2	20	0.704	19.56	20		9.08	9.09
162-982A	162-982A-8H-4,125-127	70.95	79.73	79.73	3531.1	20	0.676	18.74	19.15		8.47	8.49
162-982A	162-982A-8H-4,135-137	71.05	79.83	79.83	3534.8	20	0.665	18.41	18.82		8.17	8.18
162-982A	162-982A-8H-4,145-147	71.15	79.93	79.93	3539.5	20	0.678	18.79	19.21		8.47	8.49
162-982A	162-982A-8H-5,5-7	71.25	80.03	80.03	3544.1	20	0.7	19.44	19.88		9.08	9.09
162-982A	162-982A-8H-5,15-17	71.35	80.13	80.13	3548.6	20	0.68	18.85	19.27		8.47	8.49
162-982A	162-982A-8H-5,25-27	71.45	80.23	80.23	3552.6	20	0.687	19.06	19.48		8.78	8.79
162-982A	162-982A-8H-5,35-37	71.55	80.33	80.33	3556.6	20	0.683	18.94	19.36		8.47	8.49
162-982A	162-982A-8H-5,45-47	71.65	80.43	80.43	3560.5	20	0.675	18.71	19.12		8.17	8.18
162-982A			80.49	80.49	3562.9	20	0.684	18.97	19.39		8.59	8.61
162-982A	162-982A-8H-5,55-57	71.75	80.53	80.53	3564.5	20	0.661	18.29	18.7		7.87	7.88
162-982A			80.59	80.59	3566.9	20	0.674	18.68	19.09		8.29	8.3
162-982A	162-982A-8H-5,65-67	71.85	80.63	80.63	3568.4	20	0.689	19.12	19.55		8.78	8.79
162-982A			80.69	80.69	3570.7	20	0.674	18.68	19.09		8.29	8.3
162-982A	162-982A-8H-5,75-77	71.95	80.73	80.73	3572.2	20	0.677	18.76	19.18		8.47	8.49
162-982A			80.79	80.79	3574.2	20	0.661	18.29	18.7		7.9	7.91
162-982A	162-982A-8H-5,85-87	72.05	80.83	80.83	3575.5	20	0.656	18.15	18.55		7.87	7.88
162-982A			80.89	80.89	3577.4	20	0.637	17.59	17.97		7.17	7.18
162-982A	162-982A-8H-5,95-97	72.15	80.93	80.93	3578.5	20	0.634	17.5	17.88		6.96	6.97
162-982A			80.99	80.99	3580.2	20	0.612	16.85	17.21		6.41	6.43
162-982A	162-982A-8H-5,105-107	72.25	81.03	81.03	3581.2	20	0.613	16.88	17.24		6.35	6.36
162-982A			81.09	81.09	3582.7	20	0.572	15.68	16		5.2	5.21
162-982A	162-982A-8H-5,115-117	72.35	81.13	81.13	3583.7	20	0.59	16.21	16.55		5.75	5.76
162-982A			81.19	81.19	3585.2	20	0.594	16.32	16.67		5.87	5.88
162-982A	162-982A-8H-5,125-127	72.45	81.23	81.23	3586.1	20	0.565	15.47	15.79		4.84	4.85
162-982A			81.29	81.29	3587.5	20	0.645	17.82	18.21		7.41	7.43
162-982A	162-982A-8H-5,135-137	72.55	81.33	81.33	3588.4	20	0.644	17.79	18.18		7.26	7.27
162-982B	162-982B-9H-1,145-147	73.45	81.39	81.39	3589.7	20	0.645	17.82	18.21		7.56	7.58
162-982A	162-982A-8H-5,145-147	72.65	81.43	81.43	3590.4	20	0.659	18.24	18.64		7.87	7.88
162-982B	162-982B-9H-2,5-7	73.55	81.49	81.49	3591.5	20	0.672	18.62	19.03		8.17	8.18
162-982B	162-982B-9H-2,15-17	73.65	81.59	81.59	3593.3	20	0.602	16.56	16.91		6.05	6.06
162-982B	162-982B-9H-2,25-27	73.75	81.69	81.69	3595.2	20	0.662	18.32	18.73		7.87	7.88
162-982B	162-982B-9H-2,35-37	73.85	81.79	81.79	3597.1	20	0.649	17.94	18.33		7.56	7.58
162-982B	162-982B-9H-2,45-47	73.95	81.89	81.89	3599	20	0.676	18.74	19.15		8.47	8.49
162-982B	162-982B-9H-2,55-57	74.05	81.99	81.99	3600.9	20	0.667	18.47	18.88		8.17	8.18
162-982B	162-982B-9H-2,65-67	74.15	82.09	82.09	3602.8	20	0.693	19.24	19.67		8.78	8.79
162-982B	162-982B-9H-2,75-77	74.25	82.19	82.19	3604.8	20	0.695	19.29	19.73		8.78	8.79
162-982B	162-982B-9H-2,85-87	74.35	82.29	82.29	3606.7	20	0.627	17.29	17.67		6.96	6.97
162-982B	162-982B-9H-2,95-97	74.45	82.39	82.39	3609	20	0.63	17.38	17.76		6.96	6.97
162-982B	162-982B-9H-2,105-107	74.55	82.49	82.49	3611.3	20	0.645	17.82	18.21		7.26	7.27
162-982B	162-982B-9H-2,115-117	74.65	82.59	82.59	3613.5	20	0.655	18.12	18.52		7.87	7.88
162-982B	162-982B-9H-2,125-127	74.75	82.69	82.69	3615.6	20	0.645	17.82	18.21		7.56	7.58
162-982B	162-982B-9H-2,135-137	74.85	82.79	82.79	3617.5	20	0.631	17.41	17.79		6.96	6.97
162-982B	162-982B-9H-2,145-147	74.95	82.89	82.89	3619.3	20	0.631	17.41	17.79		6.96	6.97
162-982B	162-982B-9H-3,5-7	75.05	82.99	82.99	3621	20	0.629	17.35	17.73		6.96	6.97
162-982B	162-982B-9H-3,15-17	75.15	83.09	83.09	3622.5	20	0.62	17.09	17.45		6.65	6.67
162-982B	162-982B-9H-3,25-27	75.25	83.19	83.19	3624	20	0.596	16.38	16.73		6.05	6.06
162-982B	162-982B-9H-3,35-37	75.35	83.29	83.29	3625.4	20	0.59	16.21	16.55		5.75	5.76
162-982B	162-982B-9H-3,45-47	75.45	83.39	83.39	3626.9	20	0.555	15.18	15.48		4.53	4.55
162-982B	162-982B-9H-3,55-57	75.55	83.49	83.49	3628.4	20	0.558	15.26	15.58		4.53	4.55
162-982B	162-982B-9H-3,63-65	75.63	83.57	83.57	3629.6	20	0.54	14.74	15.03		4.23	4.24
162-982B	162-982B-9H-3,65-67	75.65	83.59	83.59	3629.9	20	0.533	14.53	14.82		3.93	3.94
162-982B	162-982B-9H-3,75-77	75.75	83.69	83.69	3631.3	20	0.524	14.26	14.55		3.62	3.64
162-982B	162-982B-9H-3,85-87	75.85	83.79	83.79	3632.8	20	0.526	14.32	14.61		3.93	3.94
162-982B	162-982B-9H-3,95-97	75.95	83.89	83.89	3634.3	20	0.515	14	14.27		3.62	3.64
162-982B	162-982B-9H-3,105-107	76.05	83.99	83.99	3635.8	20	0.525	14.29	14.58		3.93	3.94
162-982B	162-982B-9H-3,115-117	76.15	84.09	84.09	3637.3	20	0.555	15.18	15.48		4.84	4.85
162-982B	162-982B-9H-3,125-127	76.25	84.19	84.19	3639	20	0.607	16.71	17.06		6.35	6.36
162-982B	162-982B-9H-3,135-137	76.35	84.29	84.29	3640.9	20	0.575	15.76	16.09		5.14	5.15
162-982B	162-982B-9H-3,145-147	76.45	84.39	84.39	3642.8	20	0.626	17.26	17.64		6.96	6.97
162-982B	162-982B-9H-4,5-7	76.55	84.49	84.49	3644.7	20	0.639	17.65	18.03		7.26	7.27
162-982B	162-982B-9H-4,15-17	76.65	84.59	84.59	3647	20	0.615	16.94	17.3		6.35	6.36
162-982B	162-982B-9H-4,25-27	76.75	84.69	84.69	3649.3	20	0.604	16.62	16.97		6.05	6.06
162-982B	162-982B-9H-4,35-37	76.85	84.79	84.79	3651.6	20	0.597	16.41	16.76		6.05	6.06
162-982B	162-982B-9H-4,45-47	76.95	84.89	84.89	3654.1	20	0.573	15.71	16.03		5.14	5.15
162-982B	162-982B-9H-4,55-57	77.05	84.99	84.99	3656.7	20	0.539	14.71	15		4.23	4.24
162-982B	162-982B-9H-4,65-67	77.15	85.09	85.09	3659.2	20	0.533	14.53	14.82		3.93	3.94
162-982B	162-982B-9H-4,75-77	77.25	85.19	85.19	3661.7	20	0.497	13.47	13.73		3.02	3.03
162-982B	162-982B-9H-4,85-87	77.35	85.29	85.29	3664.8	20	0.521	14.18	14.45		3.62	3.64
162-982B	162-982B-9H-4,95-97	77.45	85.39	85.39	3667.9	20	0.531	14.47	14.76		3.93	3.94
162-982B	162-982B-9H-4,105-107	77.55	85.49	85.49	3671.5	20	0.558	15.26	15.58		4.84	4.85
162-982B	162-982B-9H-4,115-117	77.65	85.59	85.59	3675.3	20	0.566	15.5	15.82		5.14	5.15
162-982B	162-982B-9H-4,125-127	77.75	85.69	85.69	3679.2	20	0.569	15.59	15.91		5.14	5.15
162-982B	162-982B-9H-4,135-137	77.85	85.79	85.79	3683	20	0.601	16.53	16.88		6.05	6.06
162-982B	162-982B-9H-4,145-147	77.95	85.89	85.89	3686.7	20	0.612	16.85	17.21		6.35	6.36
162-982B	162-982B-9H-5,5-7	78.05	85.99	85.99	3689.9	20	0.661	18.29	18.7		7.87	7.88
162-982B	162-982B-9H-5,15-17	78.15	86.09	86.09	3693	20	0.667	18.47	18.88		8.17	8.18
162-982B	162-982B-9H-5,25-27	78.25	86.19	86.19	3696.1	20	0.649	17.94	18.33		7.56	7.58
162-982B	162-982B-9H-5,35-37	78.35	86.29	86.29	3698.5	20	0.665	18.41	18.82		8.17	8.18
162-982B	162-982B-9H-5,45-47	78.45	86.39	86.39	3700.9	20	0.64	17.68	18.06		7.26	7.27
162-982B	162-982B-9H-5,55-57	78.55	86.49	86.49	3703.2	20	0.634	17.5	17.88		6.96	6.97
162-982B	162-982B-9H-5,65-67	78.65	86.59	86.59	3705.7	20	0.611	16.82	17.18		6.35	6.36
162-982B	162-982B-9H-5,75-77	78.75	86.69	86.69	3708.6	20	0.592	16.26	16.61		5.75	5.76
162-982B	162-982B-9H-5,85-87	78.85	86.79	86.79	3711.5	20	0.531	14.47	14.76		3.93	3.94
162-982B	162-982B-9H-5,95-97	78.95	86.89	86.89	3714.4	20	0.527	14.35	14.64		3.93	3.94
162-982B	162-982B-9H-5,105-107	79.05	86.99	86.99	3716.5	20	0.543	14.82	15.12		4.23	4.24
162-982B	162-982B-9H-5,115-117	79.15	87.09	87.09	3718.4	20	0.569	15.59	15.91		5.14	5.15
162-982B	162-982B-9H-5,125-127	79.25	87.19	87.19	3720.3	20	0.607	16.71	17.06		6.35	6.36
162-982B	162-982B-9H-5,135-137	79.35	87.29	87.29	3722	20	0.622	17.15	17.52		6.65	6.67
162-982B	162-982B-9H-5,145-147	79.45	87.39	87.39	3723.7	20	0.631	17.41	17.79		6.96	6.97
162-982B	162-982B-9H-6,5-7	79.55	87.49	87.49	3725.4	20	0.656	18.15	18.55		7.87	7.88
162-982B	162-982B-9H-6,15-17	79.65	87.59	87.59	3727.2	20	0.628	17.32	17.7		6.96	6.97
162-982B	162-982B-9H-6,25-27	79.75	87.69	87.69	3728.9	20	0.644	17.79	18.18		7.26	7.27
162-982B	162-982B-9H-6,35-37	79.85	87.79	87.79	3730.7	20	0.636	17.56	17.94		7.26	7.27
162-982B	162-982B-9H-6,45-47	79.95	87.89	87.89	3732.4	20	0.618	17.03	17.39		6.65	6.67
162-982B	162-982B-9H-6,55-57	80.05	87.99	87.99	3734.2	20	0.654	18.09	18.48		7.26	7.27
162-982B	162-982B-9H-6,65-67	80.15	88.09	88.09	3736.1	20	0.663	18.35	18.76		7.87	7.88
162-982B	162-982B-9H-6,75-77	80.25	88.19	88.19	3738.2	20	0.568	15.56	15.88		5.14	5.15
162-982B	162-982B-9H-6,85-87	80.35	88.29	88.29	3740.5	20	0.559	15.29	15.61		4.84	4.85
162-982B	162-982B-9H-6,95-97	80.45	88.39	88.39	3742.7	20	0.545	14.88	15.18		4.53	4.55
162-982B	162-982B-9H-6,105-107	80.55	88.49	88.49	3745	20	0.533	14.53	14.82		3.93	3.94
162-982C	162-982C-10H-2,3-5	81.33	88.52	88.52	3745.7	20	0.544	14.85	15.15		4.23	4.24
162-982B	162-982B-9H-6,115-117	80.65	88.59	88.59	3747.5	20	0.563	15.41	15.73		4.84	4.85
162-982C	162-982C-10H-2,13-15	81.43	88.62	88.62	3748.2	20	0.6	16.5	16.85		6.05	6.06
162-982C			88.69	88.69	3750.3	20	0.592	16.26	16.61		5.81	5.82
162-982C	162-982C-10H-2,23-25	81.53	88.72	88.72	3751.2	20	0.612	16.85	17.21		6.35	6.36
162-982C			88.79	88.79	3753.4	20	0.635	17.53	17.91		7.11	7.12
162-982C	162-982C-10H-2,33-35	81.63	88.82	88.82	3754.3	20	0.621	17.12	17.48		6.65	6.67
162-982C	162-982C-10H-2,40-42	81.7	88.89	88.89	3756.5	20	0.626	17.26	17.64		6.05	6.06
162-982C	162-982C-10H-2,43-45	81.73	88.92	88.92	3757.5	20	0.65	17.97	18.36		7.56	7.58
162-982C	162-982C-10H-2,53-55	81.83	89.02	89.02	3761.2	20	0.685	19	19.42		8.47	8.48
162-982C	162-982C-10H-2,63-65	81.93	89.12	89.12	3765	20	0.712	19.79	20.24		9.38	9.39
162-982C	162-982C-10H-2,73-75	82.03	89.22	89.22	3769.1	20	0.726	20.21	20.67		9.99	10
162-982C	162-982C-10H-2,83-85	82.13	89.32	89.32	3773.3	20	0.714	19.85	20.3		9.38	9.39
162-982C	162-982C-10H-2,93-95	82.23	89.42	89.42	3777.4	20	0.674	18.68	19.09		8.17	8.18
162-982C	162-982C-10H-2,103-105	82.33	89.52	89.52	3781.6	20	0.624	17.21	17.58		6.65	6.67
162-982C	162-982C-10H-2,113-115	82.43	89.62	89.62	3785.7	20	0.614	16.91	17.27		6.35	6.36
162-982C	162-982C-10H-2,123-125	82.53	89.72	89.72	3789.9	20	0.6	16.5	16.85		6.05	6.06
162-982C	162-982C-10H-2,133-135	82.63	89.82	89.82	3793.7	20	0.652	18.03	18.42		7.56	7.58
162-982C	162-982C-10H-2,143-145	82.73	89.92	89.92	3797.4	20	0.686	19.03	19.45		8.78	8.79
162-982C	162-982C-10H-3,3-5	82.83	90.02	90.02	3800.7	20	0.686	19.03	19.45		8.78	8.79
162-982C	162-982C-10H-3,13-15	82.93	90.12	90.12	3803.8	20	0.714	19.85	20.3		9.38	9.39
162-982C	162-982C-10H-3,23-25	83.03	90.22	90.22	3806.7	20	0.675	18.71	19.12		8.17	8.18
162-982C	162-982C-10H-3,33-35	83.13	90.32	90.32	3809.4	20	0.605	16.65	17		6.05	6.06
162-982C	162-982C-10H-3,43-45	83.23	90.42	90.42	3812.1	20	0.664	18.38	18.79		7.87	7.88
162-982C	162-982C-10H-3,53-55	83.33	90.52	90.52	3814.7	20	0.657	18.18	18.58		7.87	7.88
162-982C	162-982C-10H-3,63-65	83.43	90.62	90.62	3817.3	20	0.722	20.09	20.55		9.68	9.7
162-982C	162-982C-10H-3,73-75	83.53	90.72	90.72	3820.2	20	0.712	19.79	20.24		9.38	9.39
162-982C	162-982C-10H-3,83-85	83.63	90.82	90.82	3823.2	20	0.677	18.76	19.18		8.47	8.48
162-982C	162-982C-10H-3,93-95	83.73	90.92	90.92	3826.2	20	0.643	17.76	18.15		7.26	7.27
162-982C	162-982C-10H-3,103-105	83.83	91.02	91.02	3829.2	20	0.644	17.79	18.18		7.26	7.27
162-982C	162-982C-10H-3,113-115	83.93	91.12	91.12	3832	20	0.647	17.88	18.27		7.56	7.57
162-982C	162-982C-10H-3,123-125	84.03	91.22	91.22	3834.8	20	0.65	17.97	18.36		7.56	7.57
162-982C	162-982C-10H-3,133-135	84.13	91.32	91.32	3837.6	20	0.717	19.94	20.39		9.68	9.7
162-982C	162-982C-10H-3,143-145	84.23	91.42	91.42	3840.4	20	0.737	20.53	21		10.29	10.3
162-982C	162-982C-10H-4,3-5	84.33	91.52	91.52	3843.2	20	0.7	19.44	19.88		9.08	9.09
162-982C	162-982C-10H-4,13-15	84.43	91.62	91.62	3846.3	20	0.687	19.06	19.48		8.78	8.79
162-982C	162-982C-10H-4,23-25	84.53	91.72	91.72	3849.5	20	0.663	18.35	18.76		7.87	7.88
162-982C	162-982C-10H-4,33-35	84.63	91.82	91.82	3852.5	20	0.665	18.41	18.82		8.17	8.18
162-982C	162-982C-10H-4,43-45	84.73	91.92	91.92	3855.4	20	0.699	19.41	19.85		9.08	9.09
162-982C	162-982C-10H-4,53-55	84.83	92.02	92.02	3857.9	20	0.725	20.18	20.64		9.99	10
162-982C	162-982C-10H-4,63-65	84.93	92.12	92.12	3860.3	20	0.701	19.47	19.91		9.08	9.09
162-982C	162-982C-10H-4,73-75	85.03	92.22	92.22	3862.3	20	0.695	19.29	19.73		9.08	9.09
162-982C	162-982C-10H-4,83-85	85.13	92.32	92.32	3864.2	20	0.639	17.65	18.03		7.26	7.27
162-982C	162-982C-10H-4,93-95	85.23	92.42	92.42	3866.3	20	0.563	15.41	15.73		4.84	4.85
162-982C	162-982C-10H-4,103-105	85.33	92.52	92.52	3868.5	20	0.549	15	15.3		4.53	4.54
162-982C	162-982C-10H-4,113-115	85.43	92.62	92.62	3870.5	20	0.525	14.29	14.58		3.62	3.64
162-982C	162-982C-10H-4,123-125	85.53	92.72	92.72	3872.6	20	0.517	14.06	14.33		3.62	3.64
162-982C	162-982C-10H-4,133-135	85.63	92.82	92.82	3874.5	20	0.531	14.47	14.76		3.93	3.94
162-982C	162-982C-10H-4,143-145	85.73	92.92	92.92	3876.3	20	0.551	15.06	15.36		4.53	4.54
162-982C	162-982C-10H-5,3-5	85.83	93.02	93.02	3878.1	20	0.56	15.32	15.64		4.84	4.85
162-982C	162-982C-10H-5,13-15	85.93	93.12	93.12	3879.9	20	0.581	15.94	16.27		5.44	5.45
162-982C	162-982C-10H-5,23-25	86.03	93.22	93.22	3881.7	20	0.602	16.56	16.91		6.05	6.06
162-982C	162-982C-10H-5,33-35	86.13	93.32	93.32	3883.5	20	0.616	16.97	17.33		6.65	6.67
162-982C	162-982C-10H-5,43-45	86.23	93.42	93.42	3885.3	20	0.659	18.24	18.64		7.87	7.88
162-982C	162-982C-10H-5,53-55	86.33	93.52	93.52	3887.1	20	0.682	18.91	19.33		8.47	8.48
162-982C	162-982C-10H-5,63-65	86.43	93.62	93.62	3889	20	0.694	19.26	19.7		8.78	8.79
162-982C	162-982C-10H-5,73-75	86.53	93.72	93.72	3890.8	20	0.704	19.56	20		9.08	9.09
162-982C	162-982C-10H-5,80-82	86.6	93.79	93.79	3892.2	20	0.685	19	19.42		8.47	8.48
162-982C	162-982C-10H-5,83-85	86.63	93.82	93.82	3892.8	20	0.713	19.82	20.27		9.38	9.39
162-982C	162-982C-10H-5,93-95	86.73	93.92	93.92	3894.8	20	0.691	19.18	19.61		8.78	8.79
162-982C	162-982C-10H-5,103-105	86.83	94.02	94.02	3896.9	20	0.67	18.56	18.97		8.17	8.18
162-982C	162-982C-10H-5,113-115	86.93	94.12	94.12	3898.9	20	0.707	19.65	20.09		9.38	9.39
162-982C	162-982C-10H-5,123-125	87.03	94.22	94.22	3901	20	0.696	19.32	19.76		9.08	9.09
162-982C	162-982C-10H-5,133-135	87.13	94.32	94.32	3903.2	20	0.693	19.24	19.67		8.78	8.79
162-982C	162-982C-10H-5,143-145	87.23	94.42	94.42	3905.4	20	0.697	19.35	19.79		9.08	9.09
162-982C	162-982C-10H-6,3-5	87.33	94.52	94.52	3907.6	20	0.692	19.21	19.64		8.78	8.79
162-982C	162-982C-10H-6,13-15	87.43	94.62	94.62	3909.7	20	0.689	19.12	19.55		8.78	8.79
162-982C	162-982C-10H-6,23-25	87.53	94.72	94.72	3911.9	20	0.671	18.59	19		8.17	8.18
162-982C	162-982C-10H-6,33-35	87.63	94.82	94.82	3913.9	20	0.66	18.26	18.67		7.87	7.88
162-982C	162-982C-10H-6,43-45	87.73	94.92	94.92	3916	20	0.656	18.15	18.55		6.05	6.06
162-982C	162-982C-10H-6,53-55	87.83	95.02	95.02	3918.3	20	0.603	16.59	16.94		5.14	5.15
162-982C	162-982C-10H-6,63-65	87.93	95.12	95.12	3920.7	20	0.571	15.65	15.97		5.14	5.15
162-982C	162-982C-10H-6,73-75	88.03	95.22	95.22	3923.1	20	0.569	15.59	15.91		6.05	6.06
162-982C	162-982C-10H-6,83-85	88.13	95.32	95.32	3925.4	20	0.607	16.71	17.06		6.96	6.97
162-982C	162-982C-10H-6,93-95	88.23	95.42	95.42	3927.9	20	0.633	17.47	17.85		7.26	7.27
162-982C	162-982C-10H-6,103-105	88.33	95.52	95.52	3930.3	20	0.64	17.68	18.06		6.96	6.97
162-982C	162-982C-10H-6,113-115	88.43	95.62	95.62	3932.8	20	0.634	17.5	17.88		7.87	7.88
162-982B	162-982B-10H-4,45-47		95.66	95.66	3933.8	20	0.647	17.88	18.27		7.47	7.48
162-982C	162-982C-10H-6,123-125	88.53	95.72	95.72	3935.3	20	0.66	18.26	18.67		8.17	8.18
162-982B	162-982B-10H-4,55-57	86.55	95.76	95.76	3936.3	20	0.683	18.94	19.36		8.47	8.48
162-982C	162-982C-10H-6,133-135	88.63	95.82	95.82	3937.8	20	0.669	18.53	18.94		8.47	8.48
162-982B	162-982B-10H-4,65-67	86.65	95.86	95.86	3938.8	20	0.649	17.94	18.33		7.56	7.57
162-982C	162-982C-10H-6,143-145	88.73	95.92	95.92	3940.3	20	0.677	18.76	19.18		6.65	6.66
162-982B	162-982B-10H-4,75-77	86.75	95.96	95.96	3941.3	20	0.602	16.56	16.91		6.05	6.06
162-982C	162-982C-10H-7,3-5	88.83	96.02	96.02	3942.8	20	0.622	17.15	17.52		5.44	5.45
162-982B	162-982B-10H-4,85-87	86.85	96.06	96.06	3943.8	20	0.57	15.62	15.94		5.14	5.15
162-982C	162-982C-10H-7,13-15	88.93	96.12	96.12	3945.3	20	0.582	15.97	16.3		5.14	5.15
162-982B	162-982B-10H-4,95-97	86.95	96.16	96.16	3946.3	20	0.603	16.59	16.94		6.05	6.06
162-982B	162-982B-10H-4,105-107	87.05	96.26	96.26	3948.8	20	0.611	16.82	17.18		6.35	6.36
162-982B	162-982B-10H-4,115-117	87.15	96.36	96.36	3951.1	20	0.614	16.91	17.27		6.35	6.36
162-982B	162-982B-10H-4,125-127	87.25	96.46	96.46	3953.3	20	0.613	16.88	17.24		6.35	6.36
162-982B	162-982B-10H-4,135-137	87.35	96.56	96.56	3955.5	20	0.622	17.15	17.52		6.35	6.36
162-982B	162-982B-10H-4,145-147	87.45	96.66	96.66	3957.7	20	0.647	17.88	18.27		7.56	7.57
162-982B	162-982B-10H-5,5-7	87.55	96.76	96.76	3960	20	0.645	17.82	18.21		7.56	7.57
162-982B	162-982B-10H-5,15-17	87.65	96.86	96.86	3962.2	20	0.646	17.85	18.24		7.56	7.57
162-982B	162-982B-10H-5,25-27	87.75	96.96	96.96	3964.4	20	0.642	17.74	18.12		7.26	7.27
162-982B	162-982B-10H-5,35-37	87.85	97.06	97.06	3966.6	20	0.634	17.5	17.88		6.96	6.97
162-982B	162-982B-10H-5,45-47	87.95	97.16	97.16	3968.9	20	0.641	17.71	18.09		7.26	7.27
162-982B	162-982B-10H-5,55-57	88.05	97.26	97.26	3971.1	20	0.634	17.5	17.88		6.96	6.97
162-982B	162-982B-10H-5,65-67	88.15	97.36	97.36	3973.3	20	0.628	17.32	17.7		6.96	6.97
162-982B	162-982B-10H-5,75-77	88.25	97.46	97.46	3975.5	20	0.608	16.74	17.09		6.35	6.36
162-982B	162-982B-10H-5,85-87	88.35	97.56	97.56	3977.8	20	0.582	15.97	16.3		5.44	5.45
162-982B	162-982B-10H-5,90-92	88.4	97.61	97.61	3978.9	20	0.582	15.97	16.3		5.5	5.51
162-982B	162-982B-10H-5,95-97	88.45	97.66	97.66	3980	20	0.58	15.91	16.24		5.14	5.15
162-982B	162-982B-10H-5,100-102	88.5	97.71	97.71	3981.1	20	0.545	14.89	15.19		4.39	4.4
162-982B	162-982B-10H-5,105-107	88.55	97.76	97.76	3982.2	20	0.565	15.47	15.79		5.14	5.15
162-982B	162-982B-10H-5,110-112	88.6	97.81	97.81	3983.3	20	0.547	14.94	15.24		4.44	4.45
162-982B	162-982B-10H-5,115-117	88.65	97.86	97.86	3984.4	20	0.558	15.26	15.58		4.84	4.85
162-982B	162-982B-10H-5,122.5-124.5	88.725	97.935	97.935	3986.1	20	0.525	14.28	14.56		3.76	3.77
162-982B	162-982B-10H-5,125-127	88.75	97.96	97.96	3986.7	20	0.551	15.06	15.36		4.53	4.54
162-982B	162-982B-10H-5,130-132	88.8	98.01	98.01	3987.8	20	0.543	14.83	15.13		4.33	4.34
162-982B	162-982B-10H-5,135-137	88.85	98.06	98.06	3988.9	20	0.532	14.5	14.79		3.93	3.94
162-982B	162-982B-10H-5,140-142	88.9	98.11	98.11	3990.5	20	0.553	15.13	15.44		4.64	4.65
162-982B	162-982B-10H-5,145-147	88.95	98.16	98.16	3992.1	20	0.557	15.24	15.55		4.84	4.85
162-982B	162-982B-10H-6,0-2	89	98.21	98.21	3993.6	20	0.558	15.25	15.56		4.76	4.77
162-982B	162-982B-10H-6,5-7	89.05	98.26	98.26	3995.2	20	0.549	15	15.3		4.53	4.54
162-982B	162-982B-10H-6,12-14	89.12	98.33	98.33	3997.1	20	0.548	14.98	15.28		4.48	4.49
162-982B	162-982B-10H-6,15-17	89.15	98.36	98.36	3998	20	0.547	14.94	15.24		4.53	4.54
162-982B	162-982B-10H-6,20-22	89.2	98.41	98.41	3999.3	20	0.539	14.7	14.99		4.19	4.2
162-982B	162-982B-10H-6,25-27	89.25	98.46	98.46	4000.7	20	0.541	14.76	15.06		4.23	4.24
162-982B	162-982B-10H-6,30-32	89.3	98.51	98.51	4002	20	0.556	15.2	15.51		4.71	4.72
162-982B	162-982B-10H-6,35-37	89.35	98.56	98.56	4003.4	20	0.555	15.18	15.48		4.53	4.54
162-982B	162-982B-10H-6,40-42	89.4	98.61	98.61	4004.7	20	0.56	15.32	15.63		4.83	4.84
162-982B	162-982B-10H-6,45-47	89.45	98.66	98.66	4006.1	20	0.588	16.15	16.48		5.75	5.76
162-982B	162-982B-10H-6,53-55	89.53	98.74	98.74	4007.8	20	0.566	15.51	15.83		5.03	5.04
162-982B	162-982B-10H-6,55-57	89.55	98.76	98.76	4008.2	20	0.576	15.79	16.12		5.44	5.45
162-982B	162-982B-10H-6,60-62	89.6	98.81	98.81	4009.2	20	0.603	16.58	16.93		6.13	6.14
162-982B	162-982B-10H-6,65-67	89.65	98.86	98.86	4010.2	20	0.607	16.71	17.06		6.35	6.36
162-982B	162-982B-10H-6,70-72	89.7	98.91	98.91	4011.2	20	0.614	16.9	17.27		6.47	6.48
162-982B	162-982B-10H-6,75-77	89.75	98.96	98.96	4012.2	20	0.636	17.56	17.94		7.26	7.27
162-982B	162-982B-10H-6,80-82	89.8	99.01	99.01	4013.2	20	0.634	17.49	17.87		7.07	7.08
162-982B	162-982B-10H-6,85-87	89.85	99.06	99.06	4014.2	20	0.651	18	18.4		7.6	7.61
162-982B	162-982B-10H-6,92-94	89.92	99.13	99.13	4015.6	20	0.647	17.87	18.26		7.46	7.47
162-982B	162-982B-10H-6,95-97	89.95	99.16	99.16	4016.2	20	0.631	17.42	17.79		6.99	7
162-982B	162-982B-10H-6,100-102	90	99.21	99.21	4017.3	20	0.625	17.23	17.6		6.8	6.81
162-982B	162-982B-10H-6,105-107	90.05	99.26	99.26	4018.3	20	0.613	16.88	17.24		6.44	6.45
162-982B	162-982B-10H-6,110-112	90.1	99.31	99.31	4019.3	20	0.607	16.71	17.06		6.26	6.27
162-982B	162-982B-10H-6,115-117	90.15	99.36	99.36	4020.3	20	0.604	16.62	16.97		6.17	6.18
162-982B	162-982B-10H-6,120-122	90.2	99.41	99.41	4021.3	20	0.626	17.27	17.65		6.85	6.86
162-982B	162-982B-10H-6,125-127	90.25	99.46	99.46	4022.3	20	0.628	17.32	17.69		6.89	6.9
162-982B	162-982B-10H-6,132-134	90.32	99.53	99.53	4023.7	20	0.622	17.16	17.53		6.73	6.74
162-982B	162-982B-10H-6,135-137	90.35	99.56	99.56	4024.3	20	0.621	17.12	17.49		6.69	6.7
162-982B	162-982B-10H-6,140-142	90.4	99.61	99.61	4025.3	20	0.635	17.53	17.91		7.11	7.12
162-982B	162-982B-10H-6,145-147	90.45	99.66	99.66	4026.3	20	0.651	17.99	18.39		7.59	7.6
162-982A	162-982A-10H-6,40-42	89.4	103.54	103.54	4104.6	98	0.679	18.81	19.23		8.43	8.44
162-982B	162-982B-11H-6,10-12	98.61	108.68	108.68	4212.6	108.45	0.629	17.36	17.74		6.94	6.95
162-982B	162-982B-12H-2,110-112	103.1	113.59	113.59	4345.1	112.4	0.667	18.47	18.88		8.08	8.09
162-982B	162-982B-12H-3,4-6	103.54	114.03	114.03	4355.7	107.65	0.679	18.82	19.24		8.44	8.45
162-982B	162-982B-12H-6,60-62	108.6	119.09	119.09	4470.5	32.35	0.619	17.06	17.42		6.62	6.63
162-982B	162-982B-13H-3,110-112	114.1	125.64	125.64	4646.3	49.85	0.629	17.35	17.73		6.93	6.93
162-982B	162-982B-14H-1,10-12	119.605	132.205	132.105	4787	32.95	0.713	19.84	20.29		9.49	9.49
162-982A	162-982A-13H-4,110-112	118.32	133.23	133.13	4803.7	29.45	0.691	19.18	19.61		8.81	8.82
162-982B	162-982B-14H-3,10-12	122.605	135.205	135.105	4835.2	38.75	0.737	20.54	21.02		10.22	10.22
162-982B	162-982B-14H-4,110-112	125.1	137.705	137.605	4874.7	42.1	0.65	17.96	18.35		7.55	7.56
162-982B	162-982B-14H-5,10-12	125.605	138.205	138.105	4882.6	43.45	0.704	19.57	20.01		9.21	9.22
162-982B	162-982B-14H-7,10-12	128.61	141.21	141.11	4930.6	29.65	0.59	16.21	16.55		5.75	5.75
162-982B	162-982B-15H-1,10-12	129.105	143.165	142.805	4959	39.05	0.619	17.07	17.44		6.64	6.64
162-982B	162-982B-15H-2,10-12	130.6	144.66	144.3	4981	28.35	0.69	19.16	19.59		8.79	8.8
162-982B	162-982B-15H-3,10-12	132.105	146.165	145.805	5002.6	25.35	0.724	20.16	20.62		9.82	9.82
162-982B	162-982B-15H-3,82-84	132.83	146.88	146.52	5012.2	25.25	0.69	19.15	19.58		8.78	8.78
162-982B	162-982B-15H-5,10-12	135.11	149.165	148.805	5042.3	35	0.733	20.41	20.88		10.08	10.09
162-982B	162-982B-15H-5,44-46	135.45	149.51	149.15	5046.6	33.85	0.691	19.18	19.61		8.81	8.81
162-982B	162-982B-15H-5,110-112	136.11	150.165	149.805	5054.9	33.3	0.637	17.59	17.97		7.17	7.18
162-982B	162-982B-15H-7,10-12	138.095	152.155	151.795	5087.2	27	0.737	20.52	20.99		10.19	10.19
162-982B	162-982B-16H-1,10-12	138.605	153.345	153.055	5110	47.7	0.643	17.78	18.16		7.36	7.37
162-982B	162-982B-16H-3,10-12	141.605	156.345	156.055	5171.7	49.85	0.603	16.59	16.94		6.14	6.14
162-982B	162-982B-16H-5,10-12	144.605	159.345	159.055	5236.5	29.85	0.637	17.59	17.98		7.18	7.18
162-982B	162-982B-16H-7,10-12	147.605	162.345	162.055	5304.4	25.05	0.753	21.01	21.49		10.69	10.7
162-982B	162-982B-17H-1,10-12	148.095	163.685	163.535	5340.9	28.65	0.789	22.05	22.56		11.76	11.76
162-982A	162-982A-16H-4,140-142	147.1	165.22	165.07	5376.7	27.7	0.735	20.48	20.95		10.15	10.16
162-982B	162-982B-17H-3,10-12	151.095	166.685	166.535	5412.2	22.3	0.773	21.6	22.1		11.3	11.3
162-982B	162-982B-17H-3,139-141	152.4	167.99	167.84	5444.2	30.1	0.742	20.69	21.17		10.37	10.38
162-982B	162-982B-17H-5,10-12	154.095	169.685	169.535	5480.6	20.4	0.776	21.67	22.18		11.38	11.38
162-982B	162-982B-17H-6,10-12	155.605	171.195	171.045	5516.8	25.1	0.688	19.09	19.51		8.71	8.71
162-982B	162-982B-17H-6,55-57	156.06	171.65	171.5	5530.2	25.45	0.77	21.5	22		10.35	10.35
162-982B	162-982B-17H-7,10-12	157.105	172.695	172.545	5560.9	40.2	0.755	21.05	21.54		10.74	10.74
162-982B	162-982B-18H-1,10-12	157.615	174.195	174.045	5598.7	31.3	0.63	17.39	17.77		6.97	6.97
162-982B	162-982B-18H-3,10-12	160.61	177.19	177.04	5655.9	44.4	0.69	19.14	19.57		8.77	8.77
162-982B	162-982B-18H-5,10-12	163.605	180.185	180.035	5714.4	25.4	0.624	17.19	17.56		6.76	6.76
162-982B	162-982B-18H-6,108-110	165.11	181.69	181.54	5739.8	23.35	0.541	14.76	15.06		4.27	4.27
162-982B	162-982B-18H-7,20-22	166.71	183.29	183.14	5764.1	26.05	0.454	12.19	12.41		1.61	1.61
162-982B	162-982B-19H-1,10-12	167.11	184.9	184.61	5791.3	20.75	0.635	17.51	17.89		7.09	7.09
162-982B	162-982B-19H-2,35-37	168.53	186.32	186.03	5822.2	26.2	0.571	15.65	15.97		5.18	5.18
162-982B	162-982B-19H-3,10-12	170.085	187.875	187.585	5864.9	47.55	0.553	15.11	15.42		4.62	4.61
162-982B	162-982B-19H-5,10-12	173.105	190.895	190.605	5937.4	38	0.68	18.84	19.26		8.46	8.45
162-982B	162-982B-19H-7,10-12	176.085	193.875	193.585	5999.6	27.5	0.744	20.74	21.22		10.42	10.42
162-982B	162-982B-20H-1,10-12	176.605	195.265	194.975	6036.5	36.25	0.67	18.55	18.96		8.16	8.15
162-982B	162-982B-20H-3,10-12	179.605	198.265	197.975	6103.5	29.15	0.758	21.14	21.63		10.83	10.83
162-982B	162-982B-20H-7,10-12	185.605	204.265	203.975	6208.1	22.75	0.589	16.16	16.5		5.7	5.69
162-982B	162-982B-21H-1,10-12	186.095	205.695	205.555	6242	28.5	0.644	17.79	18.18		7.38	7.37
162-982B	162-982B-21H-3,10-12	189.105	208.705	208.565	6297.5	31.25	0.486	13.16	13.41		2.61	2.6
162-982B	162-982B-21H-5,10-12	192.105	211.705	211.565	6366.9	30.15	0.666	18.45	18.86		8.06	8.05
162-982B	162-982B-21H-7,10-12	195.11	214.71	214.57	6438.4	40.15	0.714	19.86	20.31		9.51	9.5
162-982B	162-982B-21H-7,10-12	195.11	214.71	214.57	6438.4	40.15	0.722	20.08	20.54		9.74	9.73
162-982B	162-982B-22H-1,10-12	195.605	216.025	217.635	6509.3	27.6	0.705	19.58	20.02		9.22	9.21
162-982B	162-982B-22H-3,10-12	198.605	219.025	220.635	6581.1	41.05	0.725	20.18	20.64		9.84	9.83
162-982B	162-982B-22H-5,10-12	201.605	220.615	222.225	6628.5	39.35	0.728	20.27	20.73		9.93	9.92
162-982B	162-982B-23H-1,10-12	205.11	225.53	227.07	6753.3	37.45	0.744	20.72	21.2		10.4	10.39
162-982B	162-982B-23H-5,10-12	211.105	231.525	233.065	6860.5	56.5	0.782	21.84	22.35		11.55	11.54
162-982B	162-982B-24H-1,10-12	214.605	234.055	237.995	6956.4	44.5	0.791	22.11	22.63		11.83	11.82
162-982B	162-982B-24H-5,10-12	220.605	240.055	243.995	7093.5	32.6	0.794	22.2	22.73		11.93	11.91
162-982B	162-982B-24H-7,10-12	223.605	243.055	246.995	7155.6	32.8	0.807	22.59	23.12		12.32	12.3
162-982B	162-982B-25H-1,10-12	224.105	244.695	249.195	7203.5	26.3	0.738	20.57	21.04		10.24	10.22
162-982B	162-982B-25H-3,10-12	227.105	247.695	252.195	7275	30.5	0.802	22.44	22.97		12.17	12.15
162-982B	162-982B-25H-5,10-12	230.105	250.695	255.195	7344.2	44.75	0.82	22.98	23.53		13.28	13.25
162-982B	162-982B-25H-7,10-12	233.105	253.695	258.195	7407.9	32.5	0.842	23.61	24.18		12.73	12.71
162-982B	162-982B-25H-7,10-12	233.105	253.695	258.195	7407.9	32.5	0.737	20.53	21		12.86	12.84
162-982B	162-982B-26H-1,15-17	233.66	254.25	260.55	7455.1	44.55	0.821	22.99	23.54		13.38	13.35
162-982B	162-982B-26H-2,15-17	235.16	255.75	262.05	7479.1	32.35	0.825	23.11	23.66		10.2	10.18
162-982B	162-982B-26H-4,15-17	238.16	258.75	265.05	7544.8	43	0.836	23.45	24.01		13.21	13.19
162-982B	162-982B-26H-5,15-17	239.66	260.25	266.55	7581.1	33.35	0.78	21.79	22.3		11.5	11.48
162-982B	162-982B-26H-7,15-17	242.66	263.25	269.55	7661.1	31.4	0.808	22.63	23.16		12.36	12.34
162-982B	162-982B-27H-1,60-62	243.41	264	271.83	7731.2	27.3	0.83	23.26	23.82		13.01	12.98
162-982B	162-982B-27H-2,15-17	244.66	265.25	273.08	7770.7	49.5	0.823	23.05	23.6		12.8	12.77
162-982B	162-982B-27H-4,15-17	247.66	268.25	276.08	7845.5	31.95	0.844	23.68	24.25		13.45	13.42
162-982B	162-982B-27H-5,15-17	249.16	269.75	277.58	7881.7	46.15	0.842	23.62	24.19		13.39	13.36
162-982B	162-982B-28X-1,15-17	249.46	270.05	279.06	7915.3	32.1	0.884	24.84	25.44		14.64	14.61
162-982B	162-982B-28X-1,120-122	250.11	270.7	279.71	7930.1	26.5	0.828	23.2	23.75		12.95	12.95
162-982B	162-982B-28X-3,15-17	252.46	273.05	282.06	7969	33	0.886	24.9	25.5		14.7	14.67
162-982B	162-982B-28X-5,60-62	255.723	276.32	285.33	8020.9	30.65	0.907	25.53	26.15		15.34	15.31
162-982B	162-982B-29X-1,15-17	259.06	279.65	288.73	8091.9	69.1	0.867	24.35	24.93		14.13	14.1
162-982B	162-982B-29X-2,15-17	260.56	281.15	290.23	8123.5	74.75	0.857	24.05	24.63		13.83	13.79
162-982B	162-982B-29X-4,15-17	263.56	284.15	293.23	8189.4	53.55	0.804	22.49	23.02		12.22	12.18
162-982B	162-982B-29X-4,100-102	264.08	284.67	293.75	8202.4	37.75	0.905	25.47	26.09		15.28	15.24
162-982B	162-982B-31X-1,15-17	278.36	298.95	308.03	8624.7	254.55	0.89	25.02	25.63		14.83	14.79
162-982B	162-982B-31X-2,15-17	279.86	300.45	309.53	8669.1	261.6	0.894	25.15	25.76		14.96	14.92
162-982B	162-982B-31X-4,15-17	282.86	303.45	312.53	8758.5	286.6	0.895	25.17	25.78		14.98	14.94
162-982B	162-982B-31X-6,15-17	285.86	306.45	315.53	8851.1	305.6	0.873	24.54	25.13		14.33	14.28
162-982B	162-982B-31X-7,15-17	287.36	307.95	317.03	8896.4	307.35	0.895	25.16	25.78		14.98	14.93
162-982B	162-982B-32X-1,15-17	287.96	308.55	317.63	8914.8	312	0.893	25.11	25.72		14.92	14.88
162-982B	162-982B-32X-2,15-17	289.46	310.05	319.13	8962.2	311.4	0.864	24.28	24.86		14.06	14.02
162-982B	162-982B-32X-4,15-17	292.46	313.05	322.13	9056	324.15	0.878	24.67	25.27		14.47	14.43
162-982B	162-982B-33X-1,15-17	297.56	318.15	327.23	9212.1	335.65	0.903	25.4	26.02		15.22	15.17
162-982B	162-982B-33X-2,15-17	299.06	319.65	328.73	9258.8	338.5	0.903	25.41	26.03		15.23	15.19
162-982B	162-982B-33X-3,15-17	300.56	321.15	330.23	9305	345	0.877	24.66	25.25		14.45	14.41
162-982B	162-982B-33X-5,15-17	303.56	324.15	333.23	9396.3	346.35	0.885	24.87	25.47		14.67	14.63
162-982B	162-982B-34X-1,15-17	307.26	327.85	336.93	9511.9	339.8	0.85	23.85	24.42		13.62	13.57
162-982B	162-982B-34X-2,15-17	308.76	329.35	338.43	9558.2	341	0.834	23.39	23.95		13.15	13.1
162-982B	162-982B-34X-4,15-17	311.76	332.35	341.43	9652	331.25	0.833	23.36	23.92		13.12	13.07
162-982B	162-982B-34X-5,15-17	313.26	333.85	342.93	9699.5	328.65	0.882	24.79	25.39		14.59	14.54
162-982B	162-982B-35X-1,15-17	316.86	337.45	346.53	9807.3	310.85	0.864	24.27	24.85		14.05	14
162-982B	162-982B-35X-2,15-17	318.36	338.95	348.03	9853.3	309.25	0.886	24.93	25.53		14.73	14.68
162-982B	162-982B-35X-3,15-17	319.86	340.45	349.53	9899.2	296.15	0.925	26.06	26.7		15.9	15.85
162-982B	162-982B-35X-4,15-17	321.36	341.95	351.03	9944.9	292.6	0.905	25.47	26.09		15.29	15.24
162-982B	162-982B-36X-1,15-17	326.46	347.05	356.13	10086.3	278.8	0.891	25.05	25.66		14.86	14.8
162-982B	162-982B-36X-2,15-17	327.96	348.55	357.63	10123.2	280.05	0.858	24.09	24.67		13.87	13.82
162-982B	162-982B-36X-3,15-17	329.46	350.05	359.13	10161	279.05	0.91	25.63	26.26		15.46	15.4
162-982B	162-982B-36X-4,15-17	330.96	351.55	360.63	10199.2	282.3	0.805	22.54	23.07		12.27	12.22
162-982B	162-982B-36X-5,15-17	332.46	353.05	362.13	10234.1	276.05	0.765	21.36	21.86		11.06	11
162-982B	162-982B-37X-1,15-17	336.16	356.75	365.83	10315.6	280.85	0.907	25.53	26.15		15.35	15.3
162-982B	162-982B-37X-2,15-17	337.66	358.25	367.33	10348.4	283	0.883	24.82	25.42		14.62	14.56
162-982B	162-982B-37X-3,15-17	339.16	359.75	368.83	10382.1	284.4	0.905	25.48	26.1		15.3	15.25
162-982B	162-982B-37X-4,15-17	340.66	361.25	370.33	10415.9	289.65	0.873	24.52	25.11		14.31	14.26
162-982B	162-982B-37X-5,15-17	342.16	362.75	371.83	10448.8	287.65	0.788	22.03	22.55		11.75	11.69
162-982B	162-982B-38X-2,15-17	347.26	367.85	376.93	10560	286.65	0.939	26.47	27.12		16.32	16.26
162-982B	162-982B-38X-2,15-17	347.26	367.85	376.93	10560	286.65	0.941	26.54	27.2		16.4	16.34
162-982B	162-982B-38X-3,15-17	348.76	369.35	378.43	10591.9	287.85	0.885	24.89	25.5		14.7	14.64
162-982B	162-982B-38X-4,15-17	350.26	370.85	379.93	10624.5	288.35	0.905	25.47	26.09		15.29	15.24
162-982B	162-982B-38X-5,15-17	351.76	372.35	381.43	10656.7	285.75	0.865	24.3	24.89		14.09	14.03
162-982B	162-982B-39X-1,15-17	355.36	375.95	385.03	10735.8	277.65	0.909	25.58	26.2		15.4	15.34
162-982B	162-982B-39X-2,15-17	356.86	377.45	386.53	10768.6	273.95	0.909	25.58	26.2		15.4	15.34
162-982B	162-982B-39X-3,15-17	358.36	378.95	388.03	10801.2	275.3	0.89	25.04	25.65		14.85	14.79
162-982B	162-982B-39X-4,15-17	359.86	380.45	389.53	10835	273.3	0.911	25.65	26.28		15.48	15.42
162-982B	162-982B-40X-1,15-17	365.06	385.65	394.73	10950.7	260.85	0.909	25.58	26.2		15.4	15.34
162-982B	162-982B-40X-2,15-17	366.56	387.15	396.23	10983	255.45	0.911	25.66	26.29		15.49	15.43
162-982B	162-982B-41X-1,15-17	374.66	395.25	404.33	11165.2	252.45	0.928	26.16	26.8		16	15.94
162-982B	162-982B-41X-2,15-17	376.16	396.75	405.83	11200	255.6	0.904	25.43	26.05		15.25	15.19
162-982B	162-982B-41X-3,15-17	377.66	398.25	407.33	11235.5	257.75	0.927	26.11	26.75		15.95	15.88
162-982B	162-982B-41X-5,15-17	380.66	401.25	410.33	11309.9	269.15	0.922	25.96	26.59		15.79	15.73
162-982B	162-982B-42X-2,15-17	385.76	406.35	415.43	11437.8	281.3	0.934	26.33	26.98		16.18	16.11
162-982B	162-982B-42X-3,15-17	387.26	407.85	416.93	11475.1	274.1	0.86	24.15	24.73		13.93	13.86
162-982B	162-982B-42X-4,15-17	388.76	409.35	418.43	11513	275.25	0.929	26.17	26.81		16.01	15.95
162-982B	162-982B-42X-5,15-17	390.26	410.85	419.93	11552.8	276.85	0.873	24.52	25.11		14.31	14.24
162-982B	162-982B-43X-1,7-9	393.88	414.47	423.55	11645.8	275.45	0.903	25.41	26.02		15.22	15.16
162-982B	162-982B-44X-1,7-9	403.48	422.07	431.15	11838.4	269.75	0.888	24.97	25.57		14.77	14.7
162-982B	162-982B-44X-3,7-9	406.48	425.07	434.15	11914.2	266.5	0.881	24.76	25.36		14.56	14.49
162-982B	162-982B-44X-5,7-9	409.48	428.07	437.15	11992.8	265.55	0.881	24.76	25.36		14.56	14.49
162-982B	162-982B-45X-1,5-7	413.06	435.65	444.73	12188.3	255.95	0.901	25.35	25.96		15.16	15.09
162-982B	162-982B-45X-3,5-7	416.06	438.65	447.73	12264.1	251.75	0.933	26.3	26.95		16.15	16.08
162-982B	162-982B-45X-5,5-7	419.06	441.65	450.73	12341.9	254.4	0.926	26.09	26.73		15.93	15.85
162-982B	162-982B-45X-7,5-7	422.06	443.25	452.33	12386.1	253.85	0.904	25.45	26.07		15.81	15.74
162-982B	162-982B-46X-1,5-7	422.66	444.65	453.73	12424.6	257.45	0.922	25.97	26.61		15.27	15.19
162-982B	162-982B-46X-3,5-7	425.66	446.25	455.33	12467.5	257.5	0.897	25.25	25.86		15.06	14.99
162-982B	162-982B-47X-1,12-14	432.33	452.92	462	12648.9	252.4	0.902	25.37	25.99		15.19	15.11
162-982B	162-982B-47X-3,6-8	435.27	455.86	464.94	12729	250.25	0.923	26	26.63		15.83	15.75
162-982B	162-982B-48X-1,5-7	441.86	462.45	471.53	12934.7	253.8	0.929	26.19	26.83		16.03	15.95
162-982B	162-982B-48X-3,5-7	444.86	465.45	474.53	13034.1	254.9	0.932	26.28	26.92		16.12	16.04
162-982B	162-982B-48X-5,5-7	447.86	468.45	477.53	13129.5	264.4	0.926	26.09	26.73		15.93	15.85
162-982B	162-982B-49X-1,5-7	451.46	472.05	481.13	13235.8	267.55	0.91	25.63	26.25		15.45	15.37
162-982B	162-982B-49X-3,5-7	454.46	475.05	484.13	13325.2	273.5	0.923	26.01	26.65		15.85	15.76
162-982B	162-982B-50X-1,5.5-7.5	461.065	481.655	490.735	13521.5	296.9	0.927	26.11	26.75		15.95	15.86
162-982B	162-982B-50X-3,5-7	464.06	484.65	493.73	13608	296.2	0.929	26.19	26.83		16.03	15.94
162-982B	162-982B-50X-5,5-7	467.06	487.65	496.73	13693.2	294.2	0.946	26.67	27.32		16.52	16.43
162-982B	162-982B-51X-1,10.5-12.5	470.715	491.305	500.385	13810.5	299.9	0.902	25.39	26.01		15.21	15.12
162-982B	162-982B-51X-3,5-7	473.66	494.25	503.33	13919.3	308.8	0.931	26.24	26.89		16.09	15.99
162-982B	162-982B-51X-5,5-7	476.66	497.25	506.33	14037	325.8	0.913	25.71	26.34		15.54	15.44
162-982B	162-982B-52X-1,5-7	480.26	500.85	509.93	14177.8	354.1	0.905	25.46	26.08		15.28	15.19
162-982B	162-982B-52X-3,5-7	483.26	503.85	512.93	14298.1	365	0.947	26.7	27.36		16.56	16.46
162-982B	162-982B-52X-5,5-7	486.26	506.85	515.93	14417	359.45	0.948	26.74	27.39		16.59	16.49
162-982B	162-982B-53X-1,11-13	489.82	510.41	519.49	14558.7	359.9	0.958	27.02	27.69		16.89	16.79
162-982B	162-982B-53X-3,7-9	492.78	513.37	522.45	14678.6	376.1	0.915	25.75	26.38		15.58	15.48
162-982B	162-982B-53X-5,11-13	495.82	516.41	525.49	14801.3	398.8	0.963	27.16	27.84		17.04	16.93
162-982B	162-982B-54X-1,5-7	499.36	519.95	529.03	14945.6	406.95	0.955	26.95	27.61		16.81	16.71
162-982B	162-982B-54X-3,5-7	502.36	522.95	532.03	15062.2	430.7	0.955	26.93	27.6		16.8	16.69
162-982B	162-982B-56X-5,5-7	524.56	545.15	554.23	15882.9	609.45	0.971	27.4	28.08		17.28	17.16
