Age (Ma)	Global mean SST (oC) hi-res area weighted	SST +1stdev	SST -1stdev	Global mean SST (oC) lo-res weighted	lo-res SST +1stdev	lo-res SST -1stdev	Global mean surface temp (GMST) (oC) area weighted	GMST +1stdev	GMST -1stdev
0	0.14	0.33	-0.05	0.12	0.32	-0.07	0.21	0.63	-0.21
0.00105	-0.13	0.02	-0.28	-0.16	-0.01	-0.31	-0.22	0.16	-0.60
0.00205	-0.01	0.09	-0.11	0.00	0.10	-0.11	0.01	0.36	-0.34
0.00305	0.06	0.15	-0.02	0.07	0.16	-0.02	0.11	0.45	-0.23
0.00405	-0.03	0.09	-0.16	-0.01	0.12	-0.13	-0.07	0.29	-0.43
0.00505	-0.02	0.14	-0.19	-0.03	0.14	-0.20	-0.05	0.35	-0.44
0.00605	-0.08	0.09	-0.26	-0.09	0.09	-0.26	-0.14	0.26	-0.54
0.00705	0.02	0.20	-0.16	0.01	0.20	-0.17	0.03	0.44	-0.38
0.00805	-0.05	0.15	-0.26	-0.12	0.09	-0.33	-0.09	0.34	-0.52
0.00905	-0.17	0.06	-0.41	-0.24	0.00	-0.48	-0.29	0.17	-0.75
0.01005	-0.53	-0.26	-0.80	-0.58	-0.30	-0.85	-0.88	-0.37	-1.39
0.01105	-0.75	-0.48	-1.02	-0.76	-0.48	-1.04	-1.26	-0.75	-1.77
0.01205	-1.23	-0.98	-1.49	-1.23	-0.96	-1.49	-2.10	-1.60	-2.59
0.01305	-1.68	-1.41	-1.95	-1.66	-1.38	-1.93	-2.89	-2.38	-3.40
0.01405	-1.94	-1.67	-2.21	-1.90	-1.62	-2.19	-3.37	-2.86	-3.88
0.01505	-2.34	-2.04	-2.65	-2.30	-1.98	-2.61	-4.13	-3.58	-4.68
0.01605	-2.66	-2.29	-3.03	-2.60	-2.22	-2.98	-4.73	-4.09	-5.37
0.01705	-2.82	-2.41	-3.24	-2.76	-2.33	-3.18	-5.05	-4.35	-5.75
0.01805	-2.93	-2.53	-3.32	-2.85	-2.44	-3.26	-5.25	-4.58	-5.93
0.01905	-3.15	-2.77	-3.53	-3.07	-2.67	-3.47	-5.69	-5.04	-6.34
0.02005	-3.13	-2.78	-3.48	-3.05	-2.69	-3.41	-5.65	-5.04	-6.26
0.02105	-3.04	-2.67	-3.41	-2.99	-2.61	-3.37	-5.48	-4.84	-6.12
0.02205	-3.08	-2.70	-3.47	-3.02	-2.62	-3.42	-5.56	-4.90	-6.22
0.023	-3.20	-2.81	-3.58	-3.13	-2.73	-3.52	-5.79	-5.13	-6.44
0.024	-3.17	-2.81	-3.52	-3.05	-2.68	-3.42	-5.72	-5.11	-6.34
0.025	-3.17	-2.86	-3.48	-3.06	-2.73	-3.39	-5.74	-5.18	-6.30
0.026	-3.27	-2.92	-3.61	-3.15	-2.79	-3.51	-5.93	-5.33	-6.53
0.027	-3.29	-2.92	-3.67	-3.18	-2.79	-3.58	-5.98	-5.33	-6.62
0.028	-3.11	-2.77	-3.46	-3.01	-2.65	-3.37	-5.62	-5.02	-6.22
0.029	-3.00	-2.76	-3.24	-2.89	-2.63	-3.15	-5.39	-4.92	-5.87
0.03	-3.13	-2.88	-3.38	-3.06	-2.79	-3.33	-5.65	-5.18	-6.13
0.031	-3.12	-2.86	-3.39	-3.06	-2.78	-3.34	-5.64	-5.14	-6.14
0.032	-2.92	-2.68	-3.15	-2.87	-2.61	-3.13	-5.24	-4.77	-5.70
0.033	-2.97	-2.72	-3.22	-2.91	-2.64	-3.19	-5.34	-4.85	-5.83
0.034	-2.99	-2.77	-3.22	-2.93	-2.68	-3.18	-5.38	-4.92	-5.83
0.035	-2.91	-2.71	-3.12	-2.85	-2.62	-3.09	-5.23	-4.79	-5.67
0.036	-3.05	-2.84	-3.27	-3.00	-2.76	-3.23	-5.50	-5.05	-5.95
0.037	-3.15	-2.92	-3.38	-3.07	-2.81	-3.32	-5.69	-5.23	-6.16
0.038	-3.09	-2.85	-3.34	-3.01	-2.75	-3.28	-5.58	-5.10	-6.06
0.039	-3.20	-2.92	-3.47	-3.10	-2.81	-3.39	-5.78	-5.27	-6.30
0.04	-3.08	-2.85	-3.31	-2.98	-2.73	-3.23	-5.55	-5.09	-6.01
0.041	-3.06	-2.83	-3.30	-2.96	-2.71	-3.21	-5.52	-5.05	-5.99
0.042	-3.01	-2.79	-3.23	-2.90	-2.66	-3.14	-5.42	-4.96	-5.87
0.043	-2.85	-2.65	-3.06	-2.76	-2.53	-2.98	-5.11	-4.67	-5.54
0.044	-2.90	-2.69	-3.10	-2.78	-2.55	-3.01	-5.19	-4.76	-5.62
0.045	-2.85	-2.63	-3.07	-2.74	-2.50	-2.97	-5.10	-4.65	-5.55
0.046	-3.00	-2.76	-3.24	-2.85	-2.59	-3.10	-5.40	-4.93	-5.87
0.047	-3.02	-2.80	-3.24	-2.87	-2.64	-3.10	-5.44	-4.99	-5.88
0.048	-2.94	-2.71	-3.16	-2.82	-2.58	-3.06	-5.27	-4.82	-5.73
0.049	-2.74	-2.54	-2.94	-2.64	-2.42	-2.86	-4.89	-4.46	-5.32
0.05	-2.70	-2.49	-2.92	-2.61	-2.37	-2.85	-4.82	-4.37	-5.26
0.051	-2.58	-2.36	-2.81	-2.55	-2.32	-2.78	-4.59	-4.13	-5.04
0.052	-2.63	-2.41	-2.85	-2.58	-2.36	-2.80	-4.68	-4.23	-5.13
0.053	-2.71	-2.48	-2.95	-2.66	-2.43	-2.89	-4.84	-4.37	-5.30
0.054	-2.62	-2.39	-2.86	-2.58	-2.34	-2.81	-4.66	-4.19	-5.13
0.055	-2.61	-2.37	-2.85	-2.58	-2.35	-2.82	-4.63	-4.16	-5.10
0.056	-2.60	-2.37	-2.82	-2.56	-2.34	-2.78	-4.61	-4.16	-5.06
0.057	-2.65	-2.41	-2.89	-2.62	-2.39	-2.85	-4.71	-4.24	-5.18
0.058	-2.81	-2.56	-3.05	-2.74	-2.50	-2.98	-5.02	-4.54	-5.49
0.059	-2.85	-2.62	-3.08	-2.77	-2.54	-2.99	-5.10	-4.64	-5.56
0.06	-2.98	-2.73	-3.22	-2.90	-2.65	-3.14	-5.35	-4.87	-5.83
0.061	-2.93	-2.67	-3.19	-2.85	-2.59	-3.10	-5.27	-4.77	-5.76
0.062	-3.02	-2.79	-3.24	-2.93	-2.71	-3.16	-5.43	-4.97	-5.89
0.063	-3.14	-2.82	-3.45	-3.07	-2.75	-3.38	-5.67	-5.11	-6.24
0.064	-3.01	-2.72	-3.29	-2.95	-2.66	-3.23	-5.41	-4.88	-5.93
0.065	-2.97	-2.65	-3.30	-2.91	-2.58	-3.24	-5.34	-4.77	-5.92
0.066	-3.01	-2.69	-3.34	-2.95	-2.62	-3.27	-5.42	-4.85	-6.00
0.067	-2.87	-2.58	-3.16	-2.81	-2.52	-3.10	-5.14	-4.61	-5.67
0.068	-2.75	-2.49	-3.01	-2.71	-2.44	-2.97	-4.91	-4.41	-5.41
0.069	-2.66	-2.42	-2.91	-2.62	-2.38	-2.86	-4.74	-4.26	-5.22
0.07	-2.52	-2.26	-2.78	-2.49	-2.23	-2.75	-4.46	-3.97	-4.96
0.071	-2.37	-2.10	-2.65	-2.35	-2.07	-2.62	-4.18	-3.67	-4.70
0.072	-2.28	-2.00	-2.57	-2.26	-1.97	-2.54	-4.01	-3.48	-4.54
0.073	-2.00	-1.74	-2.26	-1.99	-1.73	-2.25	-3.49	-2.99	-3.99
0.074	-1.88	-1.63	-2.13	-1.88	-1.63	-2.13	-3.26	-2.77	-3.74
0.075	-1.68	-1.42	-1.93	-1.69	-1.43	-1.94	-2.89	-2.40	-3.38
0.076	-1.61	-1.35	-1.87	-1.62	-1.37	-1.88	-2.77	-2.27	-3.26
0.077	-1.64	-1.41	-1.88	-1.66	-1.43	-1.89	-2.83	-2.36	-3.29
0.078	-1.61	-1.36	-1.86	-1.62	-1.37	-1.87	-2.77	-2.28	-3.25
0.079	-1.41	-1.17	-1.64	-1.42	-1.19	-1.65	-2.40	-1.94	-2.87
0.08	-1.15	-0.93	-1.38	-1.19	-0.96	-1.41	-1.95	-1.50	-2.41
0.081	-1.08	-0.86	-1.30	-1.12	-0.91	-1.34	-1.82	-1.37	-2.27
0.082	-1.06	-0.83	-1.29	-1.07	-0.85	-1.30	-1.79	-1.33	-2.26
0.083	-1.06	-0.84	-1.29	-1.07	-0.84	-1.29	-1.80	-1.34	-2.26
0.084	-1.16	-0.90	-1.42	-1.15	-0.90	-1.41	-1.96	-1.47	-2.46
0.085	-1.27	-1.01	-1.54	-1.25	-0.99	-1.51	-2.16	-1.66	-2.67
0.086	-1.28	-1.02	-1.55	-1.26	-1.00	-1.52	-2.18	-1.68	-2.68
0.087	-1.42	-1.15	-1.68	-1.39	-1.12	-1.65	-2.42	-1.92	-2.93
0.088	-1.38	-1.12	-1.65	-1.36	-1.10	-1.62	-2.36	-1.86	-2.86
0.089	-1.33	-1.05	-1.60	-1.32	-1.05	-1.59	-2.26	-1.75	-2.77
0.09	-1.20	-0.92	-1.48	-1.20	-0.92	-1.47	-2.04	-1.52	-2.56
0.091	-1.16	-0.89	-1.43	-1.16	-0.89	-1.43	-1.96	-1.46	-2.47
0.092	-1.06	-0.79	-1.34	-1.07	-0.79	-1.35	-1.80	-1.28	-2.31
0.093	-1.00	-0.74	-1.27	-1.00	-0.73	-1.26	-1.69	-1.19	-2.19
0.094	-0.96	-0.67	-1.24	-0.98	-0.69	-1.27	-1.61	-1.09	-2.14
0.095	-0.88	-0.60	-1.17	-0.87	-0.58	-1.15	-1.48	-0.96	-2.01
0.096	-0.73	-0.45	-1.00	-0.72	-0.44	-1.00	-1.21	-0.70	-1.73
0.097	-0.65	-0.34	-0.96	-0.65	-0.34	-0.96	-1.08	-0.53	-1.64
0.098	-0.59	-0.33	-0.85	-0.59	-0.32	-0.85	-0.98	-0.49	-1.48
0.099	-0.62	-0.33	-0.90	-0.62	-0.33	-0.91	-1.03	-0.51	-1.56
0.1	-0.45	-0.16	-0.74	-0.47	-0.17	-0.76	-0.75	-0.22	-1.28
0.101	-0.52	-0.23	-0.81	-0.52	-0.23	-0.82	-0.86	-0.33	-1.40
0.102	-0.51	-0.22	-0.80	-0.50	-0.20	-0.79	-0.85	-0.32	-1.37
0.103	-0.46	-0.18	-0.74	-0.43	-0.15	-0.71	-0.77	-0.25	-1.28
0.104	-0.40	-0.14	-0.65	-0.38	-0.12	-0.64	-0.66	-0.17	-1.15
0.105	-0.52	-0.27	-0.78	-0.50	-0.24	-0.75	-0.87	-0.38	-1.36
0.106	-0.69	-0.42	-0.96	-0.64	-0.37	-0.92	-1.15	-0.64	-1.66
0.107	-0.91	-0.64	-1.17	-0.82	-0.55	-1.08	-1.53	-1.02	-2.03
0.108	-0.98	-0.73	-1.24	-0.89	-0.63	-1.15	-1.66	-1.16	-2.15
0.109	-0.90	-0.65	-1.14	-0.84	-0.59	-1.08	-1.50	-1.03	-1.98
0.11	-0.98	-0.74	-1.23	-0.91	-0.66	-1.16	-1.66	-1.18	-2.13
0.111	-0.94	-0.66	-1.22	-0.87	-0.59	-1.15	-1.58	-1.07	-2.10
0.112	-0.72	-0.47	-0.98	-0.71	-0.45	-0.97	-1.20	-0.71	-1.69
0.113	-0.71	-0.44	-0.99	-0.58	-0.29	-0.86	-1.18	-0.67	-1.70
0.114	-0.66	-0.37	-0.96	-0.42	-0.12	-0.72	-1.10	-0.56	-1.64
0.115	-0.66	-0.34	-0.99	-0.25	0.08	-0.57	-1.10	-0.53	-1.67
0.116	-0.56	-0.24	-0.89	-0.11	0.23	-0.44	-0.93	-0.35	-1.51
0.117	-0.36	-0.09	-0.64	0.14	0.42	-0.14	-0.60	-0.08	-1.11
0.118	-0.16	0.11	-0.44	0.34	0.62	0.06	-0.27	0.24	-0.77
0.119	-0.06	0.20	-0.32	0.56	0.83	0.30	-0.10	0.39	-0.60
0.12	0.14	0.36	-0.09	0.75	0.98	0.52	0.22	0.68	-0.23
0.121	0.34	0.57	0.10	0.82	1.06	0.58	0.54	1.00	0.08
0.122	0.44	0.66	0.21	0.99	1.22	0.76	0.70	1.15	0.24
0.123	0.54	0.77	0.30	1.10	1.34	0.86	0.85	1.32	0.39
0.124	0.64	0.87	0.41	1.09	1.33	0.86	1.01	1.47	0.55
0.125	0.64	0.88	0.39	0.98	1.23	0.74	1.01	1.48	0.53
0.126	0.64	0.94	0.33	0.67	0.98	0.37	1.01	1.56	0.46
0.127	0.64	0.95	0.32	0.48	0.79	0.16	1.01	1.57	0.45
0.128	0.44	0.78	0.10	0.08	0.42	-0.25	0.70	1.29	0.10
0.129	0.24	0.67	-0.20	-0.35	0.09	-0.79	0.38	1.11	-0.35
0.13	-0.26	0.19	-0.72	-0.69	-0.23	-1.15	-0.43	0.32	-1.18
0.131	-1.01	-0.60	-1.42	-0.93	-0.52	-1.34	-1.70	-1.02	-2.39
0.132	-1.23	-0.83	-1.64	-1.13	-0.72	-1.55	-2.09	-1.41	-2.77
0.133	-1.53	-1.11	-1.95	-1.42	-0.99	-1.85	-2.62	-1.91	-3.32
0.134	-1.74	-1.34	-2.14	-1.62	-1.22	-2.02	-3.00	-2.33	-3.67
0.135	-1.93	-1.57	-2.30	-1.80	-1.43	-2.17	-3.36	-2.73	-3.99
0.136	-1.98	-1.67	-2.29	-1.85	-1.53	-2.16	-3.45	-2.89	-4.01
0.137	-2.11	-1.82	-2.41	-1.98	-1.68	-2.28	-3.69	-3.15	-4.23
0.138	-2.22	-1.93	-2.51	-2.08	-1.79	-2.37	-3.90	-3.37	-4.43
0.139	-2.34	-2.08	-2.60	-2.19	-1.93	-2.45	-4.13	-3.63	-4.62
0.14	-2.31	-2.03	-2.59	-2.16	-1.88	-2.44	-4.07	-3.55	-4.58
0.141	-2.31	-2.04	-2.59	-2.15	-1.88	-2.43	-4.07	-3.55	-4.58
0.142	-2.39	-2.04	-2.73	-2.22	-1.88	-2.57	-4.21	-3.60	-4.81
0.143	-2.39	-2.00	-2.78	-2.25	-1.85	-2.64	-4.21	-3.55	-4.88
0.144	-2.52	-2.10	-2.94	-2.36	-1.93	-2.78	-4.47	-3.76	-5.18
0.145	-2.41	-2.06	-2.76	-2.27	-1.91	-2.63	-4.26	-3.64	-4.87
0.146	-2.31	-2.02	-2.61	-2.17	-1.87	-2.48	-4.07	-3.53	-4.61
0.147	-2.40	-2.07	-2.73	-2.25	-1.92	-2.59	-4.24	-3.65	-4.82
0.148	-2.43	-2.16	-2.71	-2.27	-1.98	-2.56	-4.30	-3.78	-4.82
0.149	-2.41	-2.14	-2.68	-2.27	-1.99	-2.55	-4.25	-3.74	-4.76
0.15	-2.51	-2.20	-2.81	-2.37	-2.05	-2.69	-4.44	-3.88	-4.99
0.151	-2.43	-2.13	-2.73	-2.30	-1.99	-2.61	-4.29	-3.75	-4.84
0.152	-2.35	-2.08	-2.63	-2.23	-1.95	-2.50	-4.15	-3.64	-4.66
0.153	-2.48	-2.13	-2.82	-2.37	-2.02	-2.72	-4.38	-3.78	-4.98
0.154	-2.78	-2.40	-3.15	-2.63	-2.25	-3.01	-4.96	-4.31	-5.61
0.155	-2.89	-2.50	-3.29	-2.74	-2.35	-3.14	-5.19	-4.52	-5.85
0.156	-2.88	-2.49	-3.26	-2.77	-2.38	-3.15	-5.16	-4.50	-5.82
0.157	-3.07	-2.68	-3.45	-2.89	-2.51	-3.28	-5.53	-4.87	-6.18
0.158	-3.00	-2.62	-3.38	-2.84	-2.46	-3.22	-5.40	-4.75	-6.05
0.159	-2.88	-2.54	-3.23	-2.72	-2.38	-3.06	-5.17	-4.57	-5.77
0.16	-2.59	-2.27	-2.90	-2.47	-2.16	-2.78	-4.59	-4.03	-5.15
0.161	-2.38	-2.08	-2.67	-2.31	-2.01	-2.61	-4.19	-3.65	-4.73
0.162	-2.58	-2.29	-2.87	-2.44	-2.13	-2.74	-4.58	-4.05	-5.12
0.163	-2.56	-2.30	-2.81	-2.43	-2.17	-2.70	-4.53	-4.04	-5.02
0.164	-2.46	-2.20	-2.71	-2.37	-2.10	-2.63	-4.34	-3.85	-4.83
0.165	-2.45	-2.17	-2.73	-2.35	-2.06	-2.63	-4.34	-3.82	-4.86
0.166	-2.51	-2.17	-2.85	-2.41	-2.07	-2.75	-4.45	-3.85	-5.04
0.167	-2.64	-2.33	-2.95	-2.51	-2.19	-2.82	-4.70	-4.14	-5.25
0.168	-2.75	-2.43	-3.07	-2.60	-2.28	-2.93	-4.92	-4.35	-5.48
0.169	-2.36	-2.08	-2.64	-2.25	-1.97	-2.54	-4.17	-3.65	-4.69
0.17	-2.30	-2.06	-2.54	-2.18	-1.93	-2.42	-4.04	-3.57	-4.51
0.171	-2.23	-2.00	-2.45	-2.08	-1.85	-2.31	-3.91	-3.45	-4.36
0.172	-2.36	-2.07	-2.66	-2.21	-1.91	-2.51	-4.17	-3.63	-4.70
0.173	-2.30	-2.01	-2.59	-2.16	-1.86	-2.45	-4.05	-3.52	-4.58
0.174	-2.36	-2.06	-2.67	-2.20	-1.88	-2.51	-4.16	-3.61	-4.71
0.175	-2.40	-2.04	-2.77	-2.23	-1.86	-2.61	-4.24	-3.61	-4.87
0.176	-2.22	-1.82	-2.62	-2.06	-1.65	-2.46	-3.89	-3.22	-4.57
0.177	-2.26	-1.84	-2.68	-2.07	-1.64	-2.50	-3.97	-3.26	-4.67
0.178	-2.32	-1.95	-2.70	-2.13	-1.74	-2.51	-4.09	-3.45	-4.73
0.179	-2.13	-1.82	-2.44	-1.96	-1.64	-2.28	-3.73	-3.17	-4.29
0.18	-2.11	-1.82	-2.40	-1.95	-1.65	-2.25	-3.69	-3.15	-4.22
0.181	-2.25	-1.96	-2.55	-2.10	-1.80	-2.41	-3.96	-3.42	-4.50
0.182	-2.38	-2.08	-2.69	-2.19	-1.88	-2.51	-4.21	-3.65	-4.76
0.183	-2.29	-2.00	-2.57	-2.13	-1.83	-2.43	-4.02	-3.49	-4.55
0.184	-2.16	-1.86	-2.45	-1.99	-1.68	-2.29	-3.78	-3.24	-4.31
0.185	-2.07	-1.78	-2.37	-1.92	-1.62	-2.22	-3.62	-3.08	-4.16
0.186	-2.05	-1.76	-2.34	-1.90	-1.60	-2.20	-3.58	-3.04	-4.11
0.187	-1.99	-1.72	-2.25	-1.81	-1.53	-2.08	-3.46	-2.95	-3.96
0.188	-1.85	-1.58	-2.12	-1.68	-1.41	-1.95	-3.21	-2.70	-3.71
0.189	-1.81	-1.56	-2.06	-1.65	-1.40	-1.90	-3.13	-2.64	-3.61
0.19	-1.79	-1.52	-2.05	-1.67	-1.40	-1.93	-3.09	-2.59	-3.59
0.191	-1.62	-1.37	-1.88	-1.57	-1.31	-1.82	-2.79	-2.31	-3.28
0.192	-1.38	-1.10	-1.67	-1.33	-1.05	-1.61	-2.36	-1.83	-2.88
0.193	-1.52	-1.21	-1.82	-1.49	-1.19	-1.79	-2.60	-2.05	-3.15
0.194	-1.49	-1.17	-1.80	-1.47	-1.17	-1.78	-2.55	-1.99	-3.12
0.195	-1.46	-1.15	-1.77	-1.45	-1.16	-1.75	-2.50	-1.95	-3.06
0.196	-1.38	-1.07	-1.70	-1.37	-1.06	-1.67	-2.36	-1.79	-2.92
0.197	-1.27	-0.97	-1.57	-1.26	-0.97	-1.55	-2.16	-1.61	-2.70
0.198	-1.05	-0.76	-1.34	-1.04	-0.75	-1.33	-1.78	-1.25	-2.31
0.199	-0.97	-0.69	-1.26	-0.95	-0.67	-1.23	-1.64	-1.12	-2.16
0.2	-0.95	-0.67	-1.22	-0.96	-0.69	-1.23	-1.59	-1.08	-2.11
0.201	-0.87	-0.61	-1.13	-0.87	-0.61	-1.14	-1.46	-0.97	-1.96
0.202	-0.77	-0.51	-1.03	-0.79	-0.53	-1.04	-1.29	-0.79	-1.78
0.203	-0.69	-0.44	-0.94	-0.72	-0.46	-0.98	-1.15	-0.66	-1.64
0.204	-0.74	-0.48	-1.00	-0.76	-0.49	-1.02	-1.24	-0.74	-1.73
0.205	-0.79	-0.54	-1.04	-0.80	-0.55	-1.06	-1.32	-0.84	-1.80
0.206	-0.78	-0.53	-1.04	-0.81	-0.55	-1.08	-1.32	-0.82	-1.81
0.207	-0.74	-0.48	-0.99	-0.77	-0.51	-1.03	-1.23	-0.75	-1.72
0.208	-0.64	-0.38	-0.89	-0.68	-0.41	-0.94	-1.06	-0.57	-1.55
0.209	-0.61	-0.32	-0.89	-0.65	-0.36	-0.94	-1.02	-0.49	-1.54
0.21	-0.62	-0.31	-0.93	-0.68	-0.37	-0.99	-1.04	-0.48	-1.60
0.211	-0.57	-0.26	-0.88	-0.64	-0.34	-0.95	-0.95	-0.39	-1.51
0.212	-0.54	-0.21	-0.87	-0.60	-0.28	-0.92	-0.89	-0.31	-1.48
0.213	-0.48	-0.12	-0.84	-0.57	-0.23	-0.92	-0.80	-0.18	-1.41
0.214	-0.57	-0.22	-0.92	-0.64	-0.31	-0.97	-0.96	-0.35	-1.56
0.215	-0.62	-0.29	-0.94	-0.68	-0.37	-1.00	-1.03	-0.45	-1.61
0.216	-0.61	-0.28	-0.94	-0.69	-0.38	-1.00	-1.02	-0.44	-1.60
0.217	-0.78	-0.45	-1.12	-0.84	-0.53	-1.15	-1.31	-0.72	-1.90
0.218	-0.99	-0.68	-1.30	-1.01	-0.72	-1.30	-1.67	-1.11	-2.23
0.219	-1.34	-1.03	-1.65	-1.30	-1.01	-1.60	-2.29	-1.73	-2.85
0.22	-1.53	-1.22	-1.85	-1.48	-1.18	-1.78	-2.63	-2.07	-3.20
0.221	-1.63	-1.32	-1.94	-1.56	-1.27	-1.86	-2.80	-2.24	-3.36
0.222	-1.79	-1.48	-2.11	-1.72	-1.41	-2.02	-3.10	-2.54	-3.67
0.223	-1.85	-1.53	-2.16	-1.76	-1.46	-2.06	-3.20	-2.64	-3.76
0.224	-1.81	-1.51	-2.12	-1.72	-1.42	-2.02	-3.14	-2.59	-3.70
0.225	-1.82	-1.52	-2.12	-1.73	-1.43	-2.02	-3.15	-2.61	-3.69
0.226	-1.84	-1.54	-2.15	-1.75	-1.45	-2.04	-3.19	-2.65	-3.74
0.227	-1.79	-1.47	-2.10	-1.72	-1.42	-2.03	-3.09	-2.53	-3.65
0.228	-1.80	-1.47	-2.12	-1.74	-1.43	-2.06	-3.11	-2.53	-3.68
0.229	-1.77	-1.44	-2.09	-1.72	-1.40	-2.03	-3.06	-2.48	-3.63
0.23	-1.73	-1.43	-2.04	-1.70	-1.40	-2.00	-2.99	-2.44	-3.55
0.231	-1.63	-1.32	-1.93	-1.60	-1.30	-1.90	-2.80	-2.25	-3.35
0.232	-1.47	-1.14	-1.80	-1.47	-1.15	-1.79	-2.52	-1.93	-3.10
0.233	-1.45	-1.12	-1.79	-1.47	-1.14	-1.79	-2.48	-1.90	-3.07
0.234	-1.40	-1.07	-1.74	-1.44	-1.10	-1.78	-2.40	-1.80	-3.00
0.235	-1.32	-0.99	-1.66	-1.37	-1.03	-1.70	-2.26	-1.67	-2.84
0.236	-1.18	-0.84	-1.51	-1.25	-0.91	-1.59	-2.00	-1.40	-2.59
0.237	-0.96	-0.62	-1.31	-1.05	-0.70	-1.40	-1.62	-1.02	-2.23
0.238	-0.83	-0.45	-1.22	-0.96	-0.58	-1.34	-1.40	-0.74	-2.06
0.239	-0.68	-0.29	-1.08	-0.83	-0.44	-1.22	-1.14	-0.47	-1.82
0.24	-0.63	-0.26	-1.00	-0.81	-0.44	-1.18	-1.05	-0.42	-1.69
0.241	-0.69	-0.33	-1.05	-0.84	-0.48	-1.20	-1.16	-0.54	-1.78
0.242	-0.96	-0.59	-1.33	-1.05	-0.68	-1.42	-1.61	-0.97	-2.25
0.243	-1.17	-0.82	-1.53	-1.23	-0.87	-1.59	-1.99	-1.37	-2.61
0.244	-1.30	-0.94	-1.66	-1.34	-0.98	-1.70	-2.21	-1.60	-2.83
0.245	-1.26	-0.83	-1.69	-1.32	-0.92	-1.73	-2.14	-1.42	-2.86
0.246	-1.61	-1.25	-1.97	-1.61	-1.26	-1.97	-2.76	-2.14	-3.39
0.247	-1.88	-1.55	-2.21	-1.84	-1.50	-2.18	-3.26	-2.68	-3.84
0.248	-2.08	-1.76	-2.39	-1.96	-1.63	-2.30	-3.62	-3.05	-4.19
0.249	-2.22	-1.91	-2.53	-2.10	-1.78	-2.43	-3.90	-3.34	-4.46
0.25	-2.29	-1.98	-2.59	-2.16	-1.84	-2.48	-4.02	-3.47	-4.57
0.251	-2.44	-2.12	-2.76	-2.32	-1.99	-2.65	-4.31	-3.74	-4.89
0.252	-2.34	-2.03	-2.65	-2.23	-1.91	-2.54	-4.11	-3.56	-4.67
0.253	-2.45	-2.12	-2.79	-2.33	-2.00	-2.66	-4.34	-3.75	-4.92
0.254	-2.52	-2.18	-2.86	-2.41	-2.07	-2.75	-4.47	-3.87	-5.07
0.255	-2.45	-2.12	-2.78	-2.36	-2.03	-2.68	-4.34	-3.75	-4.92
0.256	-2.45	-2.09	-2.80	-2.34	-2.00	-2.68	-4.32	-3.70	-4.94
0.257	-2.43	-2.10	-2.75	-2.32	-2.00	-2.64	-4.29	-3.71	-4.87
0.258	-2.44	-2.12	-2.77	-2.33	-2.02	-2.65	-4.32	-3.74	-4.89
0.259	-2.44	-2.13	-2.76	-2.33	-2.03	-2.64	-4.32	-3.76	-4.88
0.26	-2.51	-2.22	-2.80	-2.37	-2.08	-2.66	-4.44	-3.92	-4.97
0.261	-2.54	-2.25	-2.83	-2.39	-2.09	-2.69	-4.50	-3.97	-5.04
0.262	-2.71	-2.37	-3.05	-2.52	-2.19	-2.84	-4.83	-4.24	-5.42
0.263	-2.53	-2.20	-2.87	-2.35	-2.04	-2.67	-4.49	-3.90	-5.08
0.264	-2.68	-2.32	-3.03	-2.42	-2.09	-2.75	-4.77	-4.15	-5.39
0.265	-2.65	-2.30	-2.99	-2.42	-2.09	-2.74	-4.70	-4.11	-5.30
0.266	-2.68	-2.33	-3.04	-2.45	-2.12	-2.78	-4.78	-4.16	-5.39
0.267	-2.79	-2.44	-3.15	-2.55	-2.20	-2.90	-4.99	-4.37	-5.60
0.268	-2.90	-2.53	-3.26	-2.65	-2.27	-3.02	-5.19	-4.56	-5.83
0.269	-3.05	-2.69	-3.41	-2.77	-2.40	-3.15	-5.49	-4.86	-6.11
0.27	-2.92	-2.54	-3.30	-2.67	-2.29	-3.05	-5.24	-4.60	-5.89
0.271	-2.80	-2.38	-3.22	-2.58	-2.19	-2.97	-5.01	-4.30	-5.71
0.272	-2.75	-2.34	-3.15	-2.57	-2.18	-2.97	-4.90	-4.22	-5.58
0.273	-2.96	-2.53	-3.38	-2.67	-2.25	-3.08	-5.32	-4.61	-6.03
0.274	-2.84	-2.43	-3.26	-2.57	-2.15	-2.99	-5.09	-4.39	-5.79
0.275	-2.71	-2.31	-3.11	-2.52	-2.12	-2.92	-4.83	-4.16	-5.50
0.276	-2.70	-2.31	-3.09	-2.48	-2.08	-2.87	-4.81	-4.15	-5.47
0.277	-2.53	-2.14	-2.92	-2.37	-1.99	-2.76	-4.49	-3.83	-5.15
0.278	-2.44	-2.06	-2.83	-2.30	-1.93	-2.67	-4.32	-3.66	-4.97
0.279	-2.39	-2.00	-2.77	-2.25	-1.88	-2.63	-4.21	-3.56	-4.86
0.28	-2.27	-1.89	-2.65	-2.22	-1.84	-2.59	-3.99	-3.34	-4.64
0.281	-2.25	-1.88	-2.62	-2.12	-1.76	-2.48	-3.96	-3.32	-4.59
0.282	-2.06	-1.70	-2.43	-1.95	-1.61	-2.30	-3.60	-2.97	-4.23
0.283	-1.84	-1.48	-2.20	-1.79	-1.45	-2.13	-3.19	-2.56	-3.82
0.284	-1.65	-1.26	-2.04	-1.64	-1.28	-1.99	-2.84	-2.18	-3.51
0.285	-1.55	-1.17	-1.94	-1.57	-1.23	-1.91	-2.67	-2.01	-3.32
0.286	-1.51	-1.12	-1.91	-1.54	-1.20	-1.88	-2.59	-1.92	-3.26
0.287	-1.54	-1.17	-1.92	-1.57	-1.25	-1.89	-2.65	-2.01	-3.29
0.288	-1.69	-1.35	-2.03	-1.67	-1.39	-1.96	-2.91	-2.32	-3.51
0.289	-1.66	-1.30	-2.03	-1.62	-1.31	-1.93	-2.86	-2.23	-3.49
0.29	-1.76	-1.42	-2.10	-1.66	-1.36	-1.96	-3.04	-2.44	-3.64
0.291	-1.82	-1.50	-2.14	-1.71	-1.42	-2.00	-3.15	-2.58	-3.72
0.292	-1.96	-1.63	-2.29	-1.80	-1.50	-2.10	-3.41	-2.83	-3.99
0.293	-2.22	-1.89	-2.56	-2.02	-1.71	-2.34	-3.90	-3.31	-4.49
0.294	-2.22	-1.90	-2.54	-2.03	-1.72	-2.33	-3.89	-3.32	-4.47
0.295	-2.18	-1.83	-2.53	-2.06	-1.73	-2.39	-3.81	-3.20	-4.42
0.296	-2.01	-1.63	-2.40	-1.92	-1.58	-2.27	-3.51	-2.85	-4.17
0.297	-2.05	-1.73	-2.38	-1.94	-1.63	-2.25	-3.58	-3.00	-4.16
0.298	-1.97	-1.64	-2.30	-1.86	-1.55	-2.17	-3.42	-2.84	-4.01
0.299	-1.96	-1.61	-2.32	-1.86	-1.53	-2.20	-3.42	-2.80	-4.03
0.3	-2.01	-1.65	-2.36	-1.96	-1.62	-2.30	-3.50	-2.88	-4.11
0.301	-1.91	-1.55	-2.28	-1.84	-1.50	-2.19	-3.32	-2.69	-3.96
0.302	-1.84	-1.47	-2.21	-1.78	-1.44	-2.12	-3.19	-2.55	-3.82
0.303	-1.73	-1.38	-2.09	-1.69	-1.36	-2.03	-2.99	-2.37	-3.61
0.304	-1.64	-1.30	-1.98	-1.62	-1.30	-1.94	-2.83	-2.23	-3.43
0.305	-1.63	-1.30	-1.96	-1.62	-1.30	-1.94	-2.81	-2.23	-3.39
0.306	-1.57	-1.22	-1.92	-1.57	-1.23	-1.90	-2.70	-2.09	-3.30
0.307	-1.58	-1.24	-1.91	-1.56	-1.24	-1.89	-2.71	-2.12	-3.30
0.308	-1.39	-1.05	-1.72	-1.40	-1.08	-1.72	-2.37	-1.78	-2.96
0.309	-1.26	-0.91	-1.61	-1.30	-0.97	-1.62	-2.14	-1.53	-2.75
0.31	-1.21	-0.85	-1.56	-1.23	-0.90	-1.55	-2.05	-1.43	-2.67
0.311	-1.12	-0.78	-1.47	-1.16	-0.85	-1.48	-1.90	-1.29	-2.50
0.312	-1.06	-0.75	-1.38	-1.09	-0.80	-1.39	-1.80	-1.23	-2.36
0.313	-0.91	-0.55	-1.28	-0.96	-0.63	-1.29	-1.54	-0.91	-2.17
0.314	-0.96	-0.66	-1.26	-0.96	-0.66	-1.26	-1.62	-1.08	-2.17
0.315	-1.10	-0.80	-1.39	-1.07	-0.78	-1.37	-1.85	-1.32	-2.39
0.316	-1.10	-0.81	-1.38	-1.08	-0.79	-1.36	-1.86	-1.33	-2.38
0.317	-1.12	-0.82	-1.41	-1.07	-0.79	-1.36	-1.89	-1.36	-2.43
0.318	-1.16	-0.87	-1.45	-1.11	-0.83	-1.40	-1.97	-1.43	-2.50
0.319	-0.98	-0.68	-1.29	-0.94	-0.64	-1.23	-1.66	-1.10	-2.21
0.32	-0.80	-0.46	-1.15	-0.83	-0.51	-1.16	-1.35	-0.75	-1.95
0.321	-0.67	-0.35	-0.98	-0.72	-0.40	-1.03	-1.12	-0.55	-1.68
0.322	-0.56	-0.25	-0.86	-0.58	-0.27	-0.89	-0.93	-0.38	-1.48
0.323	-0.51	-0.23	-0.80	-0.58	-0.29	-0.88	-0.85	-0.32	-1.38
0.324	-0.41	-0.10	-0.71	-0.49	-0.19	-0.80	-0.67	-0.13	-1.22
0.325	-0.32	0.00	-0.64	-0.44	-0.12	-0.75	-0.53	0.04	-1.10
0.326	-0.18	0.17	-0.54	-0.33	0.02	-0.68	-0.31	0.31	-0.93
0.327	-0.20	0.15	-0.54	-0.35	-0.01	-0.69	-0.33	0.27	-0.93
0.328	-0.07	0.29	-0.43	-0.25	0.10	-0.60	-0.12	0.50	-0.74
0.329	0.04	0.39	-0.32	-0.17	0.18	-0.52	0.05	0.67	-0.56
0.33	0.03	0.37	-0.32	-0.20	0.14	-0.53	0.04	0.64	-0.56
0.331	0.06	0.42	-0.29	-0.16	0.18	-0.50	0.09	0.71	-0.52
0.332	-0.02	0.34	-0.38	-0.22	0.13	-0.57	-0.04	0.58	-0.67
0.333	-0.32	0.04	-0.68	-0.48	-0.15	-0.82	-0.54	0.08	-1.16
0.334	-0.50	-0.11	-0.90	-0.65	-0.29	-1.01	-0.84	-0.17	-1.50
0.335	-0.87	-0.49	-1.26	-0.97	-0.63	-1.32	-1.46	-0.81	-2.12
0.336	-1.11	-0.72	-1.49	-1.15	-0.81	-1.50	-1.87	-1.22	-2.53
0.337	-1.54	-1.13	-1.95	-1.54	-1.18	-1.89	-2.65	-1.96	-3.34
0.338	-1.63	-1.19	-2.08	-1.57	-1.18	-1.96	-2.81	-2.07	-3.55
0.339	-1.93	-1.50	-2.36	-1.82	-1.40	-2.23	-3.36	-2.64	-4.07
0.34	-2.11	-1.62	-2.60	-2.03	-1.58	-2.48	-3.69	-2.89	-4.49
0.341	-2.48	-2.03	-2.93	-2.31	-1.88	-2.74	-4.39	-3.64	-5.14
0.342	-2.62	-2.14	-3.09	-2.43	-1.98	-2.88	-4.65	-3.87	-5.43
0.343	-2.53	-2.05	-3.01	-2.44	-1.98	-2.90	-4.48	-3.69	-5.28
0.344	-2.61	-2.16	-3.07	-2.52	-2.08	-2.96	-4.64	-3.89	-5.39
0.345	-2.77	-2.33	-3.22	-2.65	-2.22	-3.08	-4.95	-4.21	-5.69
0.346	-2.84	-2.41	-3.28	-2.71	-2.28	-3.13	-5.09	-4.36	-5.82
0.347	-2.85	-2.46	-3.25	-2.69	-2.30	-3.09	-5.11	-4.44	-5.78
0.348	-2.83	-2.47	-3.19	-2.67	-2.30	-3.03	-5.06	-4.43	-5.68
0.349	-2.72	-2.38	-3.07	-2.57	-2.23	-2.92	-4.86	-4.26	-5.46
0.35	-2.81	-2.49	-3.13	-2.59	-2.26	-2.92	-5.02	-4.46	-5.59
0.351	-2.90	-2.56	-3.25	-2.71	-2.35	-3.07	-5.21	-4.60	-5.82
0.352	-2.82	-2.47	-3.17	-2.61	-2.25	-2.97	-5.04	-4.43	-5.65
0.353	-2.76	-2.39	-3.13	-2.59	-2.21	-2.96	-4.93	-4.29	-5.57
0.354	-2.87	-2.48	-3.26	-2.60	-2.20	-3.00	-5.14	-4.48	-5.81
0.355	-3.03	-2.64	-3.41	-2.70	-2.29	-3.10	-5.45	-4.79	-6.11
0.356	-2.90	-2.48	-3.32	-2.67	-2.26	-3.08	-5.20	-4.50	-5.91
0.357	-2.93	-2.53	-3.33	-2.60	-2.20	-3.01	-5.26	-4.59	-5.94
0.358	-2.77	-2.39	-3.15	-2.49	-2.11	-2.87	-4.95	-4.30	-5.59
0.359	-2.78	-2.43	-3.13	-2.50	-2.14	-2.86	-4.97	-4.36	-5.58
0.36	-2.64	-2.28	-3.00	-2.47	-2.10	-2.83	-4.69	-4.07	-5.32
0.361	-2.87	-2.54	-3.21	-2.56	-2.19	-2.92	-5.15	-4.56	-5.74
0.362	-3.12	-2.74	-3.50	-2.81	-2.40	-3.22	-5.64	-4.98	-6.29
0.363	-3.12	-2.74	-3.49	-2.82	-2.43	-3.22	-5.63	-4.99	-6.27
0.364	-3.00	-2.60	-3.39	-2.73	-2.33	-3.14	-5.39	-4.73	-6.06
0.365	-3.05	-2.69	-3.42	-2.78	-2.39	-3.17	-5.50	-4.87	-6.13
0.366	-2.99	-2.63	-3.36	-2.73	-2.35	-3.12	-5.38	-4.75	-6.01
0.367	-2.99	-2.63	-3.35	-2.74	-2.36	-3.12	-5.37	-4.75	-5.99
0.368	-2.99	-2.61	-3.38	-2.74	-2.34	-3.13	-5.38	-4.73	-6.04
0.369	-2.83	-2.45	-3.21	-2.60	-2.22	-2.99	-5.07	-4.42	-5.71
0.37	-2.79	-2.42	-3.16	-2.57	-2.20	-2.94	-4.99	-4.35	-5.62
0.371	-2.72	-2.37	-3.08	-2.51	-2.15	-2.87	-4.86	-4.24	-5.48
0.372	-2.74	-2.41	-3.07	-2.51	-2.17	-2.86	-4.89	-4.30	-5.47
0.373	-2.93	-2.56	-3.29	-2.69	-2.31	-3.07	-5.25	-4.62	-5.88
0.374	-2.82	-2.45	-3.19	-2.61	-2.23	-2.99	-5.05	-4.41	-5.68
0.375	-2.74	-2.37	-3.11	-2.54	-2.16	-2.92	-4.88	-4.24	-5.52
0.376	-2.64	-2.28	-3.00	-2.47	-2.10	-2.83	-4.70	-4.07	-5.32
0.377	-2.45	-2.09	-2.82	-2.31	-1.95	-2.67	-4.34	-3.71	-4.97
0.378	-2.34	-1.99	-2.69	-2.21	-1.87	-2.55	-4.13	-3.52	-4.74
0.379	-2.16	-1.82	-2.51	-2.07	-1.74	-2.41	-3.79	-3.19	-4.39
0.38	-2.06	-1.73	-2.39	-1.99	-1.66	-2.31	-3.60	-3.02	-4.19
0.381	-1.99	-1.67	-2.31	-1.92	-1.60	-2.23	-3.46	-2.89	-4.03
0.382	-1.99	-1.68	-2.29	-1.90	-1.60	-2.21	-3.46	-2.91	-4.01
0.383	-1.88	-1.56	-2.20	-1.80	-1.49	-2.10	-3.26	-2.69	-3.83
0.384	-1.84	-1.51	-2.18	-1.79	-1.47	-2.12	-3.19	-2.60	-3.78
0.385	-1.95	-1.57	-2.34	-1.91	-1.54	-2.28	-3.40	-2.74	-4.06
0.386	-2.03	-1.62	-2.44	-2.00	-1.60	-2.41	-3.54	-2.85	-4.23
0.387	-1.48	-1.19	-1.78	-1.52	-1.23	-1.81	-2.54	-2.01	-3.08
0.388	-1.63	-1.30	-1.96	-1.60	-1.27	-1.92	-2.80	-2.21	-3.38
0.389	-1.57	-1.25	-1.90	-1.53	-1.21	-1.85	-2.70	-2.13	-3.27
0.39	-1.47	-1.14	-1.80	-1.43	-1.10	-1.76	-2.52	-1.93	-3.11
0.391	-1.31	-0.95	-1.68	-1.31	-0.95	-1.66	-2.24	-1.60	-2.87
0.392	-1.08	-0.69	-1.47	-1.11	-0.74	-1.47	-1.82	-1.16	-2.48
0.393	-1.13	-0.76	-1.49	-1.15	-0.80	-1.51	-1.91	-1.27	-2.54
0.394	-1.16	-0.81	-1.51	-1.14	-0.79	-1.49	-1.96	-1.35	-2.57
0.395	-1.08	-0.74	-1.42	-1.13	-0.79	-1.47	-1.83	-1.24	-2.42
0.396	-1.19	-0.84	-1.53	-1.15	-0.81	-1.49	-2.01	-1.41	-2.62
0.397	-0.79	-0.42	-1.16	-0.86	-0.51	-1.22	-1.33	-0.70	-1.96
0.398	-0.86	-0.49	-1.23	-0.95	-0.59	-1.31	-1.45	-0.81	-2.09
0.399	-0.68	-0.32	-1.05	-0.80	-0.44	-1.16	-1.14	-0.51	-1.77
0.4	-0.41	-0.03	-0.79	-0.60	-0.23	-0.97	-0.68	-0.03	-1.33
0.401	-0.21	0.18	-0.59	-0.39	-0.01	-0.76	-0.35	0.31	-1.00
0.402	0.04	0.45	-0.37	-0.14	0.25	-0.53	0.06	0.75	-0.63
0.403	0.41	0.89	-0.06	0.18	0.63	-0.27	0.65	1.43	-0.13
0.404	0.64	1.16	0.12	0.38	0.88	-0.12	1.00	1.85	0.16
0.405	0.39	0.81	-0.03	0.13	0.54	-0.28	0.61	1.31	-0.09
0.406	0.30	0.67	-0.08	0.03	0.41	-0.34	0.47	1.11	-0.17
0.407	0.33	0.69	-0.02	0.06	0.42	-0.30	0.53	1.14	-0.09
0.408	0.31	0.65	-0.03	0.02	0.37	-0.32	0.49	1.09	-0.11
0.409	0.42	0.81	0.04	0.10	0.47	-0.28	0.67	1.33	0.01
0.41	0.26	0.61	-0.09	-0.07	0.27	-0.41	0.40	1.01	-0.21
0.411	0.02	0.36	-0.31	-0.28	0.04	-0.61	0.03	0.62	-0.56
0.412	0.02	0.37	-0.34	-0.28	0.05	-0.61	0.02	0.64	-0.59
0.413	0.16	0.56	-0.23	-0.12	0.25	-0.49	0.26	0.92	-0.41
0.414	-0.06	0.30	-0.42	-0.36	-0.02	-0.70	-0.11	0.52	-0.73
0.415	0.04	0.45	-0.36	-0.24	0.14	-0.62	0.06	0.75	-0.62
0.416	-0.05	0.35	-0.45	-0.31	0.08	-0.70	-0.09	0.59	-0.76
0.417	-0.68	-0.28	-1.08	-0.91	-0.54	-1.27	-1.14	-0.46	-1.81
0.418	-0.82	-0.39	-1.25	-1.07	-0.69	-1.45	-1.38	-0.66	-2.09
0.419	-1.02	-0.58	-1.47	-1.26	-0.86	-1.66	-1.73	-0.99	-2.46
0.42	-1.44	-0.97	-1.91	-1.60	-1.19	-2.01	-2.46	-1.68	-3.23
0.421	-1.74	-1.24	-2.24	-1.87	-1.42	-2.32	-3.00	-2.19	-3.82
0.422	-1.98	-1.50	-2.46	-2.03	-1.58	-2.47	-3.44	-2.66	-4.23
0.423	-2.16	-1.68	-2.64	-2.17	-1.72	-2.62	-3.78	-3.00	-4.56
0.424	-2.38	-1.87	-2.89	-2.33	-1.86	-2.79	-4.20	-3.37	-5.02
0.425	-2.49	-1.98	-3.01	-2.47	-2.00	-2.94	-4.41	-3.57	-5.25
0.426	-2.62	-2.10	-3.15	-2.55	-2.06	-3.03	-4.66	-3.81	-5.52
0.427	-2.73	-2.20	-3.25	-2.60	-2.12	-3.08	-4.86	-4.01	-5.71
0.428	-2.87	-2.34	-3.40	-2.70	-2.21	-3.19	-5.14	-4.28	-6.00
0.429	-2.76	-2.25	-3.27	-2.61	-2.13	-3.08	-4.93	-4.10	-5.76
0.43	-2.75	-2.27	-3.22	-2.62	-2.18	-3.06	-4.90	-4.12	-5.69
0.431	-2.98	-2.50	-3.46	-2.76	-2.31	-3.21	-5.36	-4.58	-6.15
0.432	-3.06	-2.57	-3.56	-2.82	-2.35	-3.29	-5.52	-4.71	-6.33
0.433	-3.14	-2.66	-3.62	-2.88	-2.42	-3.34	-5.67	-4.88	-6.47
0.434	-3.20	-2.72	-3.68	-2.87	-2.42	-3.32	-5.79	-5.00	-6.58
0.435	-3.25	-2.78	-3.71	-2.89	-2.44	-3.33	-5.89	-5.12	-6.66
0.436	-3.10	-2.64	-3.57	-2.89	-2.46	-3.32	-5.60	-4.84	-6.37
0.437	-3.29	-2.87	-3.71	-2.94	-2.52	-3.36	-5.98	-5.27	-6.68
0.438	-3.39	-2.95	-3.82	-3.02	-2.59	-3.45	-6.17	-5.44	-6.90
0.439	-3.39	-2.96	-3.82	-3.03	-2.59	-3.46	-6.18	-5.46	-6.90
0.44	-3.30	-2.88	-3.72	-2.98	-2.55	-3.42	-5.99	-5.29	-6.69
0.441	-3.30	-2.88	-3.72	-2.96	-2.54	-3.38	-5.99	-5.29	-6.69
0.442	-3.25	-2.82	-3.68	-2.94	-2.51	-3.37	-5.90	-5.18	-6.62
0.443	-3.33	-2.91	-3.75	-3.01	-2.58	-3.44	-6.05	-5.34	-6.76
0.444	-3.39	-2.96	-3.81	-3.06	-2.63	-3.50	-6.17	-5.46	-6.88
0.445	-3.36	-2.93	-3.79	-3.05	-2.62	-3.49	-6.12	-5.40	-6.84
0.446	-3.42	-2.99	-3.85	-3.10	-2.66	-3.54	-6.24	-5.52	-6.96
0.447	-3.45	-3.02	-3.88	-3.12	-2.68	-3.57	-6.29	-5.57	-7.01
0.448	-3.42	-2.98	-3.87	-3.12	-2.68	-3.57	-6.25	-5.51	-6.98
0.449	-3.34	-2.91	-3.78	-3.08	-2.64	-3.52	-6.08	-5.36	-6.81
0.45	-3.29	-2.84	-3.75	-3.05	-2.61	-3.49	-5.98	-5.23	-6.74
0.451	-3.22	-2.78	-3.67	-2.97	-2.55	-3.40	-5.84	-5.10	-6.59
0.452	-3.30	-2.85	-3.75	-3.01	-2.57	-3.45	-5.99	-5.25	-6.74
0.453	-3.45	-3.00	-3.91	-3.12	-2.68	-3.56	-6.30	-5.55	-7.06
0.454	-3.49	-3.03	-3.95	-3.18	-2.74	-3.62	-6.38	-5.62	-7.14
0.455	-3.51	-3.10	-3.92	-3.16	-2.76	-3.57	-6.42	-5.73	-7.12
0.456	-3.57	-3.15	-4.00	-3.14	-2.70	-3.58	-6.55	-5.84	-7.26
0.457	-3.60	-3.20	-4.01	-3.21	-2.79	-3.64	-6.61	-5.92	-7.30
0.458	-3.52	-3.15	-3.90	-3.12	-2.72	-3.52	-6.44	-5.80	-7.09
0.459	-3.56	-3.17	-3.94	-3.18	-2.77	-3.59	-6.52	-5.86	-7.17
0.46	-3.70	-3.30	-4.10	-3.31	-2.88	-3.73	-6.81	-6.13	-7.49
0.461	-3.83	-3.38	-4.27	-3.42	-2.96	-3.87	-7.07	-6.33	-7.81
0.462	-3.83	-3.42	-4.25	-3.42	-2.98	-3.85	-7.08	-6.38	-7.78
0.463	-3.77	-3.36	-4.19	-3.40	-2.97	-3.84	-6.96	-6.26	-7.65
0.464	-3.66	-3.25	-4.06	-3.33	-2.90	-3.76	-6.72	-6.04	-7.41
0.465	-3.62	-3.21	-4.03	-3.27	-2.84	-3.70	-6.65	-5.96	-7.34
0.466	-3.67	-3.26	-4.07	-3.31	-2.89	-3.73	-6.74	-6.06	-7.42
0.467	-3.60	-3.19	-4.02	-3.30	-2.88	-3.71	-6.61	-5.92	-7.31
0.468	-3.54	-3.09	-3.98	-3.21	-2.78	-3.64	-6.47	-5.74	-7.21
0.469	-3.47	-3.01	-3.93	-3.21	-2.78	-3.64	-6.34	-5.58	-7.10
0.47	-3.34	-2.89	-3.79	-3.17	-2.74	-3.59	-6.07	-5.32	-6.83
0.471	-3.47	-2.98	-3.96	-3.25	-2.79	-3.71	-6.35	-5.54	-7.15
0.472	-3.18	-2.71	-3.65	-2.99	-2.56	-3.42	-5.75	-4.98	-6.53
0.473	-3.07	-2.62	-3.51	-2.88	-2.47	-3.29	-5.53	-4.79	-6.27
0.474	-2.91	-2.48	-3.34	-2.76	-2.35	-3.17	-5.22	-4.50	-5.94
0.475	-2.78	-2.36	-3.19	-2.65	-2.24	-3.05	-4.96	-4.26	-5.66
0.476	-2.74	-2.31	-3.16	-2.61	-2.20	-3.02	-4.88	-4.17	-5.59
0.477	-2.68	-2.24	-3.11	-2.62	-2.20	-3.03	-4.76	-4.04	-5.49
0.478	-2.59	-2.15	-3.03	-2.55	-2.12	-2.97	-4.60	-3.86	-5.33
0.479	-2.41	-1.95	-2.86	-2.39	-1.95	-2.84	-4.25	-3.50	-5.00
0.48	-2.35	-1.92	-2.78	-2.39	-1.96	-2.82	-4.14	-3.43	-4.86
0.481	-2.40	-1.97	-2.83	-2.42	-1.99	-2.85	-4.23	-3.51	-4.96
0.482	-2.23	-1.80	-2.66	-2.30	-1.88	-2.73	-3.91	-3.19	-4.62
0.483	-1.94	-1.49	-2.39	-2.15	-1.72	-2.58	-3.38	-2.63	-4.12
0.484	-2.00	-1.57	-2.42	-2.15	-1.72	-2.57	-3.48	-2.76	-4.19
0.485	-2.03	-1.60	-2.46	-2.18	-1.76	-2.61	-3.54	-2.83	-4.26
0.486	-2.05	-1.61	-2.49	-2.21	-1.78	-2.65	-3.58	-2.85	-4.31
0.487	-2.03	-1.59	-2.48	-2.21	-1.77	-2.65	-3.55	-2.81	-4.28
0.488	-1.96	-1.51	-2.40	-2.15	-1.70	-2.59	-3.40	-2.66	-4.14
0.489	-1.75	-1.31	-2.20	-1.99	-1.55	-2.44	-3.03	-2.30	-3.77
0.49	-1.51	-1.08	-1.94	-1.80	-1.37	-2.24	-2.59	-1.86	-3.31
0.491	-1.44	-1.00	-1.87	-1.67	-1.25	-2.09	-2.46	-1.73	-3.18
0.492	-1.43	-1.01	-1.86	-1.61	-1.20	-2.01	-2.45	-1.74	-3.16
0.493	-1.41	-0.99	-1.82	-1.59	-1.19	-1.99	-2.40	-1.71	-3.09
0.494	-1.34	-0.92	-1.76	-1.54	-1.14	-1.95	-2.29	-1.59	-3.00
0.495	-1.40	-0.98	-1.81	-1.57	-1.16	-1.98	-2.39	-1.69	-3.08
0.496	-1.32	-0.90	-1.75	-1.50	-1.09	-1.91	-2.26	-1.55	-2.96
0.497	-1.24	-0.84	-1.63	-1.41	-1.03	-1.79	-2.10	-1.43	-2.77
0.498	-1.22	-0.86	-1.57	-1.37	-1.02	-1.72	-2.07	-1.45	-2.69
0.499	-1.17	-0.81	-1.52	-1.34	-0.99	-1.69	-1.98	-1.36	-2.59
0.5	-1.23	-0.88	-1.57	-1.37	-1.03	-1.71	-2.09	-1.48	-2.69
0.501	-1.31	-0.97	-1.65	-1.42	-1.08	-1.76	-2.23	-1.63	-2.82
0.502	-1.35	-1.01	-1.69	-1.48	-1.14	-1.82	-2.30	-1.70	-2.90
0.503	-1.39	-1.05	-1.72	-1.51	-1.17	-1.84	-2.37	-1.78	-2.96
0.504	-1.45	-1.11	-1.78	-1.56	-1.23	-1.90	-2.48	-1.89	-3.07
0.505	-1.51	-1.17	-1.85	-1.62	-1.28	-1.96	-2.59	-2.00	-3.19
0.506	-1.59	-1.23	-1.94	-1.70	-1.35	-2.05	-2.73	-2.11	-3.35
0.507	-1.67	-1.31	-2.04	-1.80	-1.44	-2.16	-2.88	-2.25	-3.52
0.508	-1.78	-1.39	-2.16	-1.88	-1.51	-2.26	-3.07	-2.42	-3.73
0.509	-1.96	-1.54	-2.38	-1.99	-1.58	-2.39	-3.41	-2.71	-4.11
0.51	-1.86	-1.42	-2.31	-1.88	-1.45	-2.31	-3.23	-2.49	-3.97
0.511	-1.85	-1.40	-2.30	-1.90	-1.46	-2.34	-3.21	-2.45	-3.96
0.512	-1.87	-1.41	-2.34	-1.93	-1.49	-2.38	-3.25	-2.48	-4.01
0.513	-1.93	-1.46	-2.40	-1.99	-1.55	-2.44	-3.35	-2.58	-4.12
0.514	-1.97	-1.49	-2.44	-2.03	-1.58	-2.48	-3.42	-2.64	-4.20
0.515	-2.00	-1.52	-2.48	-2.06	-1.61	-2.51	-3.48	-2.70	-4.27
0.516	-2.04	-1.59	-2.50	-2.03	-1.59	-2.48	-3.56	-2.81	-4.31
0.517	-1.95	-1.49	-2.41	-1.99	-1.54	-2.44	-3.40	-2.64	-4.15
0.518	-2.01	-1.55	-2.46	-2.00	-1.55	-2.45	-3.50	-2.74	-4.25
0.519	-1.97	-1.49	-2.44	-2.02	-1.57	-2.47	-3.42	-2.64	-4.20
0.52	-2.00	-1.53	-2.47	-2.04	-1.59	-2.49	-3.48	-2.70	-4.25
0.521	-2.01	-1.54	-2.48	-2.05	-1.59	-2.50	-3.51	-2.74	-4.28
0.522	-1.97	-1.51	-2.43	-2.00	-1.56	-2.44	-3.43	-2.67	-4.19
0.523	-1.93	-1.48	-2.39	-1.94	-1.50	-2.38	-3.36	-2.60	-4.11
0.524	-1.96	-1.48	-2.43	-1.87	-1.43	-2.32	-3.40	-2.62	-4.18
0.525	-2.01	-1.51	-2.50	-1.90	-1.44	-2.35	-3.50	-2.69	-4.31
0.526	-2.00	-1.49	-2.52	-1.87	-1.39	-2.35	-3.49	-2.65	-4.34
0.527	-2.07	-1.56	-2.58	-1.93	-1.46	-2.40	-3.61	-2.78	-4.44
0.528	-2.16	-1.64	-2.68	-2.05	-1.58	-2.52	-3.78	-2.94	-4.62
0.529	-2.08	-1.59	-2.58	-2.09	-1.62	-2.56	-3.64	-2.83	-4.45
0.53	-2.24	-1.75	-2.73	-2.21	-1.75	-2.68	-3.93	-3.13	-4.74
0.531	-2.31	-1.85	-2.77	-2.23	-1.80	-2.67	-4.06	-3.31	-4.82
0.532	-2.31	-1.87	-2.74	-2.24	-1.82	-2.66	-4.06	-3.33	-4.78
0.533	-2.48	-2.05	-2.92	-2.35	-1.93	-2.77	-4.39	-3.67	-5.11
0.534	-2.58	-2.14	-3.02	-2.44	-2.01	-2.86	-4.58	-3.85	-5.31
0.535	-2.68	-2.25	-3.12	-2.52	-2.09	-2.94	-4.78	-4.05	-5.50
0.536	-2.74	-2.30	-3.18	-2.56	-2.14	-2.98	-4.90	-4.16	-5.63
0.537	-2.78	-2.33	-3.23	-2.61	-2.18	-3.04	-4.96	-4.22	-5.71
0.538	-2.82	-2.36	-3.28	-2.66	-2.22	-3.10	-5.04	-4.28	-5.80
0.539	-2.90	-2.43	-3.38	-2.74	-2.29	-3.20	-5.21	-4.43	-5.99
0.54	-2.89	-2.40	-3.38	-2.75	-2.28	-3.21	-5.18	-4.38	-5.98
0.541	-2.99	-2.51	-3.48	-2.81	-2.34	-3.28	-5.38	-4.59	-6.18
0.542	-3.02	-2.52	-3.51	-2.84	-2.37	-3.31	-5.43	-4.62	-6.24
0.543	-2.78	-2.29	-3.27	-2.68	-2.22	-3.14	-4.97	-4.17	-5.77
0.544	-2.86	-2.37	-3.34	-2.69	-2.23	-3.14	-5.12	-4.32	-5.92
0.545	-2.73	-2.26	-3.19	-2.56	-2.12	-2.99	-4.86	-4.10	-5.63
0.546	-2.59	-2.15	-3.04	-2.42	-2.00	-2.84	-4.60	-3.86	-5.34
0.547	-2.56	-2.13	-2.99	-2.40	-1.98	-2.81	-4.54	-3.82	-5.26
0.548	-2.52	-2.09	-2.94	-2.36	-1.95	-2.76	-4.46	-3.75	-5.16
0.549	-2.53	-2.11	-2.94	-2.35	-1.95	-2.75	-4.48	-3.78	-5.18
0.55	-2.48	-2.08	-2.89	-2.30	-1.90	-2.69	-4.40	-3.71	-5.08
0.551	-2.48	-2.07	-2.89	-2.28	-1.89	-2.68	-4.39	-3.70	-5.08
0.552	-2.44	-2.05	-2.82	-2.23	-1.83	-2.62	-4.30	-3.65	-4.96
0.553	-2.33	-1.96	-2.71	-2.13	-1.74	-2.52	-4.10	-3.46	-4.75
0.554	-2.17	-1.79	-2.55	-2.05	-1.66	-2.43	-3.79	-3.15	-4.44
0.555	-2.24	-1.87	-2.60	-2.03	-1.65	-2.41	-3.93	-3.29	-4.56
0.556	-2.22	-1.85	-2.59	-2.02	-1.64	-2.40	-3.89	-3.26	-4.53
0.557	-2.27	-1.90	-2.63	-2.04	-1.65	-2.42	-3.98	-3.35	-4.61
0.558	-2.09	-1.73	-2.45	-1.96	-1.59	-2.34	-3.66	-3.04	-4.28
0.559	-2.10	-1.74	-2.45	-1.91	-1.53	-2.28	-3.66	-3.05	-4.28
0.56	-1.93	-1.56	-2.30	-1.86	-1.49	-2.24	-3.35	-2.72	-3.98
0.561	-1.96	-1.60	-2.31	-1.78	-1.41	-2.15	-3.40	-2.79	-4.02
0.562	-1.87	-1.52	-2.23	-1.71	-1.33	-2.08	-3.25	-2.63	-3.87
0.563	-1.80	-1.45	-2.15	-1.63	-1.26	-2.00	-3.12	-2.51	-3.73
0.564	-1.68	-1.33	-2.03	-1.53	-1.16	-1.89	-2.89	-2.28	-3.50
0.565	-1.50	-1.16	-1.85	-1.39	-1.02	-1.75	-2.58	-1.97	-3.18
0.566	-1.40	-1.06	-1.75	-1.29	-0.93	-1.66	-2.40	-1.79	-3.01
0.567	-1.27	-0.92	-1.63	-1.18	-0.82	-1.55	-2.17	-1.55	-2.78
0.568	-1.25	-0.90	-1.59	-1.18	-0.82	-1.53	-2.12	-1.52	-2.72
0.569	-1.34	-1.01	-1.67	-1.29	-0.94	-1.64	-2.29	-1.70	-2.87
0.57	-1.35	-1.01	-1.68	-1.33	-0.98	-1.67	-2.30	-1.71	-2.89
0.571	-1.37	-1.02	-1.72	-1.36	-1.01	-1.71	-2.33	-1.72	-2.94
0.572	-1.33	-0.96	-1.70	-1.36	-1.00	-1.72	-2.27	-1.63	-2.90
0.573	-1.13	-0.76	-1.50	-1.20	-0.84	-1.56	-1.91	-1.28	-2.55
0.574	-1.04	-0.67	-1.41	-1.13	-0.78	-1.49	-1.75	-1.12	-2.39
0.575	-0.93	-0.58	-1.28	-1.06	-0.72	-1.41	-1.57	-0.96	-2.18
0.576	-0.92	-0.58	-1.27	-1.02	-0.68	-1.37	-1.55	-0.95	-2.15
0.577	-0.93	-0.60	-1.27	-1.04	-0.70	-1.38	-1.57	-0.98	-2.16
0.578	-1.03	-0.69	-1.36	-1.10	-0.76	-1.45	-1.73	-1.14	-2.32
0.579	-1.07	-0.73	-1.41	-1.16	-0.81	-1.51	-1.81	-1.21	-2.41
0.58	-1.22	-0.85	-1.59	-1.26	-0.90	-1.63	-2.08	-1.44	-2.72
0.581	-1.40	-0.99	-1.81	-1.42	-1.02	-1.82	-2.39	-1.69	-3.08
0.582	-1.41	-0.99	-1.82	-1.46	-1.06	-1.86	-2.40	-1.71	-3.09
0.583	-1.38	-0.96	-1.80	-1.44	-1.03	-1.84	-2.35	-1.65	-3.05
0.584	-1.21	-0.82	-1.61	-1.28	-0.90	-1.65	-2.06	-1.39	-2.73
0.585	-1.23	-0.82	-1.63	-1.30	-0.91	-1.69	-2.08	-1.40	-2.77
0.586	-1.22	-0.80	-1.64	-1.30	-0.89	-1.70	-2.08	-1.37	-2.78
0.587	-1.29	-0.86	-1.71	-1.34	-0.93	-1.75	-2.19	-1.48	-2.90
0.588	-1.33	-0.90	-1.76	-1.38	-0.96	-1.79	-2.26	-1.55	-2.98
0.589	-1.27	-0.84	-1.70	-1.32	-0.90	-1.74	-2.16	-1.45	-2.88
0.59	-1.15	-0.71	-1.58	-1.25	-0.83	-1.68	-1.94	-1.22	-2.67
0.591	-1.19	-0.76	-1.62	-1.26	-0.83	-1.68	-2.02	-1.30	-2.74
0.592	-1.39	-0.91	-1.86	-1.45	-0.99	-1.91	-2.37	-1.59	-3.14
0.593	-1.31	-0.88	-1.73	-1.37	-0.95	-1.79	-2.23	-1.52	-2.94
0.594	-1.17	-0.78	-1.57	-1.23	-0.84	-1.63	-1.99	-1.32	-2.66
0.595	-1.02	-0.65	-1.39	-1.08	-0.71	-1.45	-1.72	-1.08	-2.36
0.596	-0.87	-0.51	-1.23	-0.94	-0.58	-1.30	-1.46	-0.84	-2.08
0.597	-0.87	-0.53	-1.20	-0.93	-0.57	-1.29	-1.46	-0.87	-2.05
0.598	-0.94	-0.59	-1.29	-0.92	-0.56	-1.27	-1.58	-0.98	-2.19
0.599	-0.91	-0.56	-1.26	-0.89	-0.53	-1.25	-1.53	-0.92	-2.14
0.6	-0.91	-0.52	-1.30	-0.80	-0.44	-1.17	-1.53	-0.87	-2.19
0.601	-0.72	-0.34	-1.10	-0.70	-0.34	-1.06	-1.20	-0.56	-1.85
0.602	-0.71	-0.34	-1.09	-0.65	-0.30	-1.01	-1.20	-0.56	-1.83
0.603	-0.63	-0.25	-1.00	-0.57	-0.22	-0.93	-1.04	-0.40	-1.69
0.604	-0.60	-0.21	-0.99	-0.53	-0.18	-0.89	-1.00	-0.34	-1.66
0.605	-0.55	-0.15	-0.94	-0.50	-0.13	-0.86	-0.91	-0.24	-1.58
0.606	-0.50	-0.10	-0.90	-0.45	-0.09	-0.81	-0.84	-0.16	-1.51
0.607	-0.50	-0.11	-0.89	-0.44	-0.08	-0.79	-0.84	-0.18	-1.50
0.608	-0.62	-0.24	-1.00	-0.54	-0.20	-0.88	-1.03	-0.38	-1.68
0.609	-0.71	-0.33	-1.09	-0.63	-0.30	-0.96	-1.19	-0.54	-1.84
0.61	-0.73	-0.34	-1.11	-0.68	-0.34	-1.01	-1.22	-0.56	-1.88
0.611	-0.80	-0.41	-1.18	-0.75	-0.41	-1.09	-1.33	-0.67	-1.99
0.612	-0.85	-0.46	-1.24	-0.76	-0.42	-1.10	-1.43	-0.77	-2.09
0.613	-0.88	-0.49	-1.26	-0.79	-0.44	-1.14	-1.47	-0.81	-2.13
0.614	-0.96	-0.55	-1.36	-0.88	-0.52	-1.24	-1.61	-0.93	-2.30
0.615	-1.06	-0.65	-1.48	-0.98	-0.61	-1.35	-1.79	-1.10	-2.49
0.616	-1.25	-0.75	-1.74	-1.14	-0.72	-1.55	-2.12	-1.31	-2.93
0.617	-1.36	-0.91	-1.81	-1.26	-0.86	-1.66	-2.32	-1.57	-3.06
0.618	-1.32	-0.89	-1.75	-1.30	-0.90	-1.70	-2.25	-1.52	-2.97
0.619	-1.41	-0.98	-1.85	-1.40	-1.00	-1.81	-2.41	-1.69	-3.14
0.62	-1.49	-1.03	-1.94	-1.47	-1.05	-1.89	-2.55	-1.80	-3.30
0.621	-1.59	-1.12	-2.06	-1.56	-1.12	-1.99	-2.73	-1.95	-3.50
0.622	-1.76	-1.29	-2.22	-1.68	-1.25	-2.11	-3.03	-2.27	-3.80
0.623	-1.92	-1.46	-2.37	-1.83	-1.40	-2.26	-3.33	-2.57	-4.09
0.624	-2.13	-1.67	-2.59	-2.01	-1.57	-2.45	-3.73	-2.96	-4.49
0.625	-2.34	-1.85	-2.82	-2.17	-1.72	-2.62	-4.11	-3.32	-4.90
0.626	-2.45	-1.95	-2.95	-2.26	-1.79	-2.72	-4.33	-3.51	-5.14
0.627	-2.51	-2.03	-2.99	-2.32	-1.85	-2.79	-4.45	-3.65	-5.24
0.628	-2.61	-2.10	-3.12	-2.40	-1.91	-2.89	-4.63	-3.80	-5.46
0.629	-2.70	-2.22	-3.18	-2.46	-1.98	-2.93	-4.82	-4.03	-5.60
0.63	-2.75	-2.30	-3.21	-2.53	-2.07	-2.99	-4.91	-4.16	-5.66
0.631	-2.79	-2.35	-3.22	-2.52	-2.07	-2.98	-4.98	-4.25	-5.71
0.632	-2.76	-2.32	-3.19	-2.51	-2.06	-2.96	-4.92	-4.20	-5.65
0.633	-2.72	-2.29	-3.16	-2.48	-2.04	-2.92	-4.86	-4.14	-5.58
0.634	-2.74	-2.30	-3.18	-2.50	-2.06	-2.94	-4.89	-4.16	-5.62
0.635	-2.73	-2.27	-3.18	-2.50	-2.05	-2.94	-4.86	-4.11	-5.61
0.636	-2.71	-2.24	-3.17	-2.48	-2.03	-2.93	-4.83	-4.06	-5.59
0.637	-2.76	-2.30	-3.23	-2.51	-2.06	-2.96	-4.93	-4.16	-5.70
0.638	-2.62	-2.14	-3.09	-2.41	-1.96	-2.86	-4.65	-3.87	-5.43
0.639	-2.60	-2.12	-3.09	-2.40	-1.95	-2.86	-4.63	-3.83	-5.42
0.64	-2.55	-2.05	-3.04	-2.36	-1.90	-2.82	-4.51	-3.70	-5.33
0.641	-2.52	-2.00	-3.04	-2.36	-1.89	-2.83	-4.46	-3.62	-5.31
0.642	-2.51	-1.97	-3.05	-2.33	-1.84	-2.82	-4.44	-3.57	-5.32
0.643	-2.39	-1.83	-2.96	-2.26	-1.76	-2.76	-4.22	-3.31	-5.13
0.644	-2.37	-1.78	-2.96	-2.24	-1.72	-2.76	-4.18	-3.23	-5.13
0.645	-2.13	-1.61	-2.65	-2.22	-1.69	-2.75	-3.72	-2.88	-4.57
0.646	-2.29	-1.81	-2.78	-2.30	-1.79	-2.81	-4.03	-3.24	-4.83
0.647	-2.31	-1.83	-2.79	-2.33	-1.83	-2.82	-4.07	-3.28	-4.85
0.648	-2.30	-1.83	-2.76	-2.33	-1.84	-2.81	-4.04	-3.28	-4.81
0.649	-2.33	-1.88	-2.79	-2.37	-1.89	-2.85	-4.11	-3.35	-4.86
0.65	-2.43	-1.97	-2.88	-2.44	-1.97	-2.91	-4.28	-3.53	-5.04
0.651	-2.38	-1.95	-2.81	-2.41	-1.97	-2.85	-4.20	-3.48	-4.92
0.652	-2.62	-2.17	-3.08	-2.52	-2.07	-2.98	-4.66	-3.91	-5.41
0.653	-2.50	-2.06	-2.94	-2.42	-1.98	-2.87	-4.42	-3.69	-5.15
0.654	-2.43	-2.00	-2.86	-2.35	-1.92	-2.79	-4.29	-3.57	-5.01
0.655	-2.40	-1.97	-2.83	-2.32	-1.88	-2.75	-4.23	-3.51	-4.95
0.656	-2.27	-1.84	-2.71	-2.21	-1.77	-2.65	-3.99	-3.27	-4.72
0.657	-2.28	-1.86	-2.70	-2.20	-1.77	-2.63	-4.01	-3.30	-4.72
0.658	-2.39	-1.97	-2.81	-2.28	-1.87	-2.70	-4.21	-3.51	-4.91
0.659	-2.42	-2.01	-2.83	-2.31	-1.90	-2.72	-4.27	-3.58	-4.96
0.66	-2.43	-2.02	-2.85	-2.31	-1.89	-2.72	-4.30	-3.60	-4.99
0.661	-2.47	-2.04	-2.89	-2.30	-1.88	-2.73	-4.36	-3.65	-5.08
0.662	-2.50	-2.06	-2.94	-2.31	-1.88	-2.74	-4.42	-3.69	-5.15
0.663	-2.54	-2.10	-2.98	-2.33	-1.90	-2.76	-4.50	-3.76	-5.23
0.664	-2.50	-2.08	-2.93	-2.28	-1.86	-2.69	-4.43	-3.72	-5.14
0.665	-2.47	-2.05	-2.89	-2.23	-1.82	-2.64	-4.37	-3.67	-5.08
0.666	-2.42	-1.99	-2.86	-2.18	-1.77	-2.59	-4.27	-3.55	-5.00
0.667	-2.50	-2.05	-2.94	-2.26	-1.83	-2.69	-4.42	-3.68	-5.16
0.668	-2.49	-2.00	-2.98	-2.26	-1.81	-2.71	-4.41	-3.61	-5.21
0.669	-2.59	-2.11	-3.07	-2.35	-1.90	-2.80	-4.60	-3.82	-5.39
0.67	-2.59	-2.11	-3.07	-2.36	-1.90	-2.82	-4.60	-3.81	-5.39
0.671	-2.61	-2.13	-3.09	-2.37	-1.91	-2.83	-4.64	-3.85	-5.43
0.672	-2.62	-2.14	-3.11	-2.37	-1.90	-2.84	-4.66	-3.87	-5.45
0.673	-2.73	-2.25	-3.22	-2.44	-1.97	-2.92	-4.88	-4.08	-5.67
0.674	-2.64	-2.16	-3.11	-2.36	-1.90	-2.82	-4.69	-3.91	-5.46
0.675	-2.50	-2.05	-2.96	-2.31	-1.87	-2.75	-4.43	-3.67	-5.19
0.676	-2.54	-2.08	-2.99	-2.27	-1.82	-2.71	-4.50	-3.74	-5.25
0.677	-2.39	-1.93	-2.85	-2.14	-1.70	-2.58	-4.21	-3.45	-4.97
0.678	-2.31	-1.85	-2.76	-2.09	-1.65	-2.52	-4.06	-3.30	-4.81
0.679	-2.24	-1.78	-2.71	-2.05	-1.61	-2.49	-3.94	-3.17	-4.71
0.68	-2.23	-1.76	-2.71	-2.06	-1.61	-2.51	-3.92	-3.14	-4.70
0.681	-2.18	-1.70	-2.66	-2.05	-1.60	-2.51	-3.82	-3.02	-4.61
0.682	-2.09	-1.62	-2.56	-2.00	-1.55	-2.45	-3.65	-2.88	-4.42
0.683	-1.86	-1.41	-2.32	-1.88	-1.46	-2.31	-3.23	-2.48	-3.98
0.684	-1.87	-1.41	-2.33	-1.87	-1.44	-2.31	-3.24	-2.48	-4.00
0.685	-1.98	-1.52	-2.44	-1.94	-1.49	-2.39	-3.45	-2.69	-4.21
0.686	-2.00	-1.52	-2.48	-1.97	-1.50	-2.44	-3.48	-2.69	-4.27
0.687	-1.70	-1.26	-2.14	-1.71	-1.29	-2.13	-2.94	-2.21	-3.67
0.688	-1.41	-0.97	-1.85	-1.47	-1.07	-1.87	-2.41	-1.68	-3.14
0.689	-0.90	-0.46	-1.35	-1.04	-0.64	-1.44	-1.52	-0.78	-2.26
0.69	-0.88	-0.45	-1.32	-1.08	-0.67	-1.49	-1.48	-0.76	-2.21
0.691	-1.02	-0.56	-1.48	-1.16	-0.75	-1.58	-1.72	-0.96	-2.48
0.692	-1.01	-0.55	-1.48	-1.22	-0.79	-1.64	-1.71	-0.94	-2.47
0.693	-0.79	-0.34	-1.23	-1.01	-0.60	-1.41	-1.32	-0.58	-2.05
0.694	-1.31	-0.75	-1.88	-1.46	-0.96	-1.96	-2.23	-1.32	-3.14
0.695	-1.29	-0.71	-1.86	-1.45	-0.93	-1.96	-2.19	-1.26	-3.12
0.696	-1.29	-0.73	-1.85	-1.46	-0.95	-1.96	-2.20	-1.30	-3.10
0.697	-1.25	-0.72	-1.78	-1.36	-0.88	-1.84	-2.12	-1.27	-2.98
0.698	-1.09	-0.58	-1.59	-1.27	-0.81	-1.73	-1.84	-1.01	-2.66
0.699	-0.98	-0.49	-1.47	-1.17	-0.72	-1.61	-1.65	-0.85	-2.46
0.7	-0.89	-0.40	-1.38	-1.11	-0.67	-1.56	-1.49	-0.69	-2.30
0.701	-0.91	-0.41	-1.41	-1.11	-0.67	-1.55	-1.53	-0.71	-2.34
0.702	-0.88	-0.39	-1.37	-1.08	-0.64	-1.52	-1.48	-0.68	-2.28
0.703	-1.05	-0.51	-1.58	-1.23	-0.74	-1.71	-1.77	-0.91	-2.63
0.704	-0.93	-0.46	-1.41	-1.13	-0.69	-1.57	-1.57	-0.79	-2.36
0.705	-0.80	-0.34	-1.27	-1.01	-0.60	-1.42	-1.35	-0.58	-2.11
0.706	-0.78	-0.36	-1.20	-0.94	-0.56	-1.31	-1.31	-0.60	-2.01
0.707	-0.88	-0.46	-1.29	-0.99	-0.62	-1.36	-1.47	-0.78	-2.16
0.708	-1.10	-0.68	-1.53	-1.13	-0.76	-1.51	-1.86	-1.15	-2.57
0.709	-1.24	-0.78	-1.71	-1.22	-0.83	-1.61	-2.11	-1.35	-2.88
0.71	-1.43	-0.94	-1.91	-1.33	-0.94	-1.72	-2.44	-1.64	-3.23
0.711	-1.60	-1.07	-2.12	-1.44	-1.03	-1.85	-2.75	-1.90	-3.60
0.712	-1.95	-1.36	-2.53	-1.71	-1.27	-2.15	-3.39	-2.45	-4.33
0.713	-2.06	-1.52	-2.59	-1.81	-1.38	-2.24	-3.59	-2.73	-4.46
0.714	-2.17	-1.69	-2.66	-1.89	-1.48	-2.30	-3.81	-3.01	-4.60
0.715	-2.67	-2.18	-3.15	-2.32	-1.88	-2.76	-4.74	-3.95	-5.54
0.716	-2.63	-2.17	-3.08	-2.31	-1.87	-2.74	-4.67	-3.92	-5.42
0.717	-2.67	-2.22	-3.13	-2.34	-1.91	-2.78	-4.76	-4.01	-5.51
0.718	-2.69	-2.25	-3.14	-2.35	-1.92	-2.79	-4.80	-4.06	-5.55
0.719	-2.72	-2.27	-3.16	-2.36	-1.93	-2.79	-4.85	-4.10	-5.59
0.72	-2.68	-2.25	-3.11	-2.34	-1.91	-2.77	-4.78	-4.06	-5.50
0.721	-2.63	-2.21	-3.06	-2.30	-1.87	-2.72	-4.68	-3.97	-5.39
0.722	-2.60	-2.17	-3.03	-2.23	-1.80	-2.66	-4.62	-3.90	-5.34
0.723	-2.49	-2.06	-2.92	-2.17	-1.75	-2.59	-4.41	-3.69	-5.13
0.724	-2.45	-2.01	-2.89	-2.13	-1.71	-2.55	-4.34	-3.60	-5.07
0.725	-2.41	-1.96	-2.85	-2.13	-1.70	-2.56	-4.24	-3.50	-4.99
0.726	-2.47	-2.00	-2.93	-2.16	-1.71	-2.60	-4.36	-3.60	-5.12
0.727	-2.49	-2.03	-2.96	-2.16	-1.72	-2.61	-4.41	-3.64	-5.18
0.728	-2.47	-1.99	-2.95	-2.16	-1.71	-2.61	-4.37	-3.58	-5.15
0.729	-2.40	-1.90	-2.89	-2.12	-1.67	-2.58	-4.23	-3.42	-5.04
0.73	-2.30	-1.79	-2.81	-2.07	-1.61	-2.53	-4.05	-3.22	-4.88
0.731	-2.17	-1.67	-2.67	-2.02	-1.56	-2.48	-3.80	-2.98	-4.62
0.732	-2.12	-1.62	-2.63	-1.95	-1.49	-2.40	-3.71	-2.89	-4.54
0.733	-2.17	-1.68	-2.65	-1.96	-1.52	-2.41	-3.79	-3.00	-4.59
0.734	-2.09	-1.60	-2.57	-1.91	-1.47	-2.35	-3.64	-2.84	-4.44
0.735	-2.04	-1.55	-2.53	-1.88	-1.43	-2.32	-3.56	-2.76	-4.37
0.736	-1.92	-1.43	-2.41	-1.78	-1.33	-2.22	-3.33	-2.53	-4.13
0.737	-1.84	-1.35	-2.33	-1.72	-1.27	-2.17	-3.18	-2.38	-3.99
0.738	-1.80	-1.33	-2.28	-1.70	-1.26	-2.14	-3.12	-2.34	-3.90
0.739	-1.81	-1.34	-2.28	-1.71	-1.28	-2.15	-3.14	-2.37	-3.91
0.74	-1.88	-1.42	-2.34	-1.76	-1.34	-2.19	-3.25	-2.49	-4.02
0.741	-1.97	-1.51	-2.43	-1.84	-1.41	-2.27	-3.43	-2.67	-4.19
0.742	-2.06	-1.61	-2.52	-1.91	-1.48	-2.34	-3.60	-2.85	-4.36
0.743	-2.11	-1.66	-2.57	-1.96	-1.52	-2.39	-3.70	-2.95	-4.45
0.744	-2.21	-1.75	-2.67	-2.03	-1.59	-2.47	-3.88	-3.12	-4.64
0.745	-2.28	-1.83	-2.74	-2.09	-1.64	-2.53	-4.02	-3.26	-4.77
0.746	-2.44	-2.00	-2.88	-2.15	-1.72	-2.59	-4.31	-3.58	-5.04
0.747	-2.52	-2.11	-2.94	-2.17	-1.76	-2.59	-4.47	-3.77	-5.17
0.748	-2.47	-2.07	-2.86	-2.13	-1.73	-2.54	-4.36	-3.70	-5.03
0.749	-2.33	-1.96	-2.70	-2.03	-1.65	-2.41	-4.09	-3.46	-4.73
0.75	-2.22	-1.87	-2.57	-1.96	-1.60	-2.31	-3.90	-3.29	-4.51
0.751	-2.18	-1.85	-2.52	-1.93	-1.59	-2.27	-3.83	-3.24	-4.41
0.752	-2.19	-1.87	-2.51	-1.92	-1.59	-2.25	-3.84	-3.27	-4.41
0.753	-2.24	-1.89	-2.59	-1.97	-1.62	-2.31	-3.93	-3.32	-4.54
0.754	-2.20	-1.85	-2.56	-1.92	-1.57	-2.26	-3.87	-3.25	-4.48
0.755	-2.26	-1.87	-2.66	-1.93	-1.57	-2.29	-3.97	-3.30	-4.64
0.756	-2.12	-1.75	-2.49	-1.83	-1.48	-2.19	-3.70	-3.06	-4.34
0.757	-2.29	-1.90	-2.68	-1.99	-1.61	-2.37	-4.03	-3.37	-4.70
0.758	-2.26	-1.84	-2.68	-2.05	-1.66	-2.45	-3.97	-3.26	-4.67
0.759	-2.40	-1.95	-2.85	-2.15	-1.72	-2.58	-4.24	-3.49	-4.98
0.76	-2.19	-1.78	-2.60	-1.99	-1.60	-2.38	-3.84	-3.15	-4.52
0.761	-2.01	-1.62	-2.39	-1.83	-1.47	-2.20	-3.50	-2.84	-4.15
0.762	-1.82	-1.42	-2.22	-1.73	-1.36	-2.10	-3.15	-2.47	-3.84
0.763	-1.86	-1.46	-2.26	-1.77	-1.40	-2.13	-3.23	-2.55	-3.91
0.764	-1.74	-1.37	-2.11	-1.70	-1.35	-2.05	-3.00	-2.37	-3.64
0.765	-1.87	-1.48	-2.27	-1.75	-1.39	-2.12	-3.25	-2.58	-3.92
0.766	-1.85	-1.46	-2.24	-1.75	-1.38	-2.12	-3.20	-2.54	-3.87
0.767	-1.86	-1.45	-2.26	-1.76	-1.38	-2.14	-3.22	-2.53	-3.91
0.768	-1.85	-1.43	-2.27	-1.75	-1.36	-2.14	-3.20	-2.50	-3.91
0.769	-1.91	-1.49	-2.33	-1.80	-1.41	-2.18	-3.31	-2.61	-4.01
0.77	-1.96	-1.53	-2.38	-1.83	-1.44	-2.23	-3.40	-2.70	-4.11
0.771	-1.93	-1.49	-2.36	-1.83	-1.43	-2.24	-3.35	-2.62	-4.07
0.772	-1.84	-1.38	-2.31	-1.78	-1.36	-2.21	-3.19	-2.43	-3.96
0.773	-1.78	-1.30	-2.25	-1.76	-1.32	-2.20	-3.07	-2.29	-3.86
0.774	-1.67	-1.19	-2.15	-1.68	-1.24	-2.12	-2.88	-2.09	-3.67
0.775	-1.54	-1.09	-2.00	-1.58	-1.16	-2.00	-2.65	-1.89	-3.41
0.776	-1.36	-0.91	-1.81	-1.43	-1.03	-1.84	-2.32	-1.57	-3.06
0.777	-1.24	-0.82	-1.67	-1.35	-0.97	-1.74	-2.11	-1.40	-2.82
0.778	-1.00	-0.55	-1.45	-1.19	-0.79	-1.58	-1.69	-0.95	-2.44
0.779	-1.20	-0.75	-1.65	-1.28	-0.89	-1.66	-2.04	-1.29	-2.79
0.78	-1.03	-0.62	-1.45	-1.14	-0.77	-1.51	-1.75	-1.05	-2.45
0.781	-0.86	-0.46	-1.27	-1.04	-0.69	-1.40	-1.45	-0.77	-2.13
0.782	-0.75	-0.39	-1.11	-0.92	-0.58	-1.26	-1.26	-0.64	-1.88
0.783	-0.71	-0.35	-1.06	-0.88	-0.56	-1.21	-1.19	-0.57	-1.80
0.784	-0.78	-0.46	-1.10	-0.95	-0.64	-1.25	-1.31	-0.74	-1.88
0.785	-0.99	-0.65	-1.33	-1.10	-0.79	-1.40	-1.67	-1.07	-2.27
0.786	-1.21	-0.81	-1.61	-1.27	-0.94	-1.60	-2.06	-1.38	-2.74
0.787	-1.39	-0.99	-1.78	-1.42	-1.09	-1.76	-2.36	-1.69	-3.04
0.788	-1.57	-1.17	-1.97	-1.58	-1.23	-1.93	-2.69	-2.01	-3.37
0.789	-1.90	-1.46	-2.34	-1.84	-1.46	-2.22	-3.29	-2.56	-4.03
0.79	-2.20	-1.73	-2.68	-2.09	-1.68	-2.49	-3.87	-3.09	-4.65
0.791	-2.47	-1.96	-2.99	-2.30	-1.87	-2.73	-4.37	-3.54	-5.21
0.792	-2.55	-2.10	-3.01	-2.39	-1.96	-2.81	-4.53	-3.77	-5.29
0.793	-2.98	-2.50	-3.46	-2.71	-2.27	-3.16	-5.36	-4.57	-6.15
0.794	-3.54	-2.99	-4.09	-3.14	-2.65	-3.64	-6.48	-5.59	-7.36
0.795	-3.70	-3.18	-4.21	-3.30	-2.81	-3.78	-6.80	-5.97	-7.63
0.796	-3.81	-3.29	-4.34	-3.40	-2.90	-3.91	-7.04	-6.19	-7.90
0.797	-3.76	-3.25	-4.27	-3.36	-2.86	-3.85	-6.93	-6.10	-7.76
0.798	-3.48	-3.03	-3.94	-3.15	-2.68	-3.61	-6.36	-5.61	-7.11
0.799	-3.67	-3.20	-4.15	-3.25	-2.78	-3.72	-6.75	-5.97	-7.53
0.8	-3.60	-3.15	-4.04	-3.21	-2.74	-3.67	-6.59	-5.86	-7.33
0.801	-3.87	-3.35	-4.39	-3.40	-2.90	-3.90	-7.17	-6.32	-8.01
0.802	-3.71	-3.26	-4.17	-3.29	-2.82	-3.77	-6.84	-6.08	-7.60
0.803	-3.72	-3.25	-4.18	-3.31	-2.83	-3.79	-6.84	-6.07	-7.61
0.804	-3.66	-3.21	-4.12	-3.28	-2.80	-3.75	-6.73	-5.98	-7.49
0.805	-3.76	-3.33	-4.20	-3.28	-2.81	-3.75	-6.93	-6.21	-7.66
0.806	-3.71	-3.28	-4.13	-3.24	-2.78	-3.70	-6.82	-6.10	-7.54
0.807	-3.59	-3.15	-4.04	-3.16	-2.70	-3.62	-6.59	-5.85	-7.34
0.808	-3.47	-3.02	-3.92	-3.03	-2.58	-3.49	-6.33	-5.59	-7.08
0.809	-3.38	-2.93	-3.84	-2.97	-2.52	-3.43	-6.17	-5.42	-6.91
0.81	-3.00	-2.60	-3.40	-2.62	-2.22	-3.02	-5.40	-4.72	-6.07
0.811	-2.65	-2.25	-3.05	-2.31	-1.92	-2.70	-4.72	-4.05	-5.40
0.812	-2.54	-2.13	-2.95	-2.27	-1.88	-2.67	-4.50	-3.81	-5.19
0.813	-2.53	-2.12	-2.95	-2.25	-1.85	-2.65	-4.49	-3.79	-5.19
0.814	-2.45	-2.02	-2.88	-2.19	-1.78	-2.60	-4.33	-3.61	-5.05
0.815	-2.42	-1.99	-2.84	-2.16	-1.76	-2.56	-4.27	-3.56	-4.97
0.816	-2.39	-1.98	-2.80	-2.14	-1.73	-2.54	-4.21	-3.52	-4.91
0.817	-2.37	-1.94	-2.81	-2.14	-1.71	-2.57	-4.19	-3.46	-4.91
0.818	-2.33	-1.86	-2.80	-2.13	-1.67	-2.59	-4.11	-3.33	-4.88
0.819	-2.17	-1.69	-2.65	-2.01	-1.57	-2.46	-3.80	-3.01	-4.60
0.82	-2.00	-1.52	-2.48	-1.93	-1.49	-2.36	-3.48	-2.70	-4.27
0.821	-1.94	-1.47	-2.41	-1.83	-1.42	-2.25	-3.37	-2.60	-4.14
0.822	-1.83	-1.38	-2.29	-1.75	-1.34	-2.15	-3.18	-2.42	-3.93
0.823	-1.79	-1.35	-2.23	-1.69	-1.30	-2.09	-3.09	-2.36	-3.82
0.824	-1.81	-1.36	-2.26	-1.72	-1.31	-2.13	-3.13	-2.38	-3.88
0.825	-1.86	-1.39	-2.33	-1.74	-1.31	-2.17	-3.22	-2.45	-3.99
0.826	-1.90	-1.42	-2.38	-1.77	-1.32	-2.21	-3.30	-2.50	-4.09
0.827	-1.88	-1.39	-2.38	-1.75	-1.29	-2.21	-3.27	-2.46	-4.08
0.828	-1.97	-1.46	-2.47	-1.80	-1.33	-2.28	-3.43	-2.60	-4.25
0.829	-1.97	-1.47	-2.47	-1.80	-1.33	-2.27	-3.43	-2.61	-4.25
0.83	-2.01	-1.50	-2.51	-1.81	-1.34	-2.29	-3.50	-2.68	-4.32
0.831	-1.84	-1.33	-2.36	-1.78	-1.30	-2.25	-3.19	-2.35	-4.03
0.832	-1.83	-1.33	-2.32	-1.71	-1.24	-2.18	-3.16	-2.35	-3.97
0.833	-1.65	-1.17	-2.14	-1.63	-1.17	-2.10	-2.85	-2.05	-3.64
0.834	-1.57	-1.10	-2.03	-1.52	-1.08	-1.97	-2.69	-1.92	-3.45
0.835	-1.59	-1.14	-2.04	-1.52	-1.09	-1.96	-2.73	-1.99	-3.48
0.836	-1.53	-1.08	-1.97	-1.48	-1.05	-1.91	-2.62	-1.88	-3.36
0.837	-1.54	-1.10	-1.99	-1.49	-1.06	-1.92	-2.65	-1.91	-3.39
0.838	-1.49	-1.03	-1.94	-1.47	-1.04	-1.90	-2.55	-1.80	-3.30
0.839	-1.46	-1.04	-1.89	-1.42	-1.01	-1.84	-2.50	-1.79	-3.22
0.84	-1.39	-0.98	-1.80	-1.36	-0.96	-1.77	-2.38	-1.69	-3.07
0.841	-1.27	-0.89	-1.66	-1.27	-0.89	-1.65	-2.17	-1.51	-2.82
0.842	-1.09	-0.72	-1.46	-1.12	-0.75	-1.49	-1.84	-1.20	-2.48
0.843	-1.06	-0.70	-1.43	-1.07	-0.70	-1.44	-1.80	-1.17	-2.42
0.844	-0.90	-0.53	-1.27	-0.95	-0.58	-1.33	-1.51	-0.88	-2.14
0.845	-0.89	-0.53	-1.26	-0.95	-0.58	-1.32	-1.50	-0.87	-2.13
0.846	-0.90	-0.54	-1.26	-0.98	-0.61	-1.34	-1.51	-0.88	-2.13
0.847	-0.94	-0.57	-1.30	-1.04	-0.67	-1.40	-1.57	-0.95	-2.20
0.848	-0.97	-0.60	-1.33	-1.08	-0.72	-1.45	-1.63	-1.00	-2.25
0.849	-1.05	-0.66	-1.44	-1.19	-0.81	-1.56	-1.78	-1.11	-2.44
0.85	-1.11	-0.69	-1.52	-1.28	-0.87	-1.69	-1.87	-1.17	-2.57
0.851	-1.37	-0.93	-1.82	-1.44	-1.01	-1.87	-2.34	-1.60	-3.09
0.852	-1.28	-0.86	-1.71	-1.36	-0.96	-1.77	-2.19	-1.47	-2.90
0.853	-1.10	-0.69	-1.51	-1.23	-0.83	-1.62	-1.86	-1.17	-2.55
0.854	-0.94	-0.54	-1.34	-1.10	-0.70	-1.49	-1.58	-0.90	-2.25
0.855	-0.80	-0.39	-1.21	-0.97	-0.56	-1.37	-1.34	-0.64	-2.03
0.856	-0.77	-0.34	-1.20	-0.97	-0.54	-1.40	-1.28	-0.57	-2.00
0.857	-0.64	-0.18	-1.10	-0.91	-0.46	-1.36	-1.07	-0.31	-1.83
0.858	-0.62	-0.15	-1.09	-0.89	-0.44	-1.35	-1.04	-0.27	-1.81
0.859	-0.70	-0.25	-1.14	-0.95	-0.51	-1.39	-1.17	-0.43	-1.90
0.86	-0.73	-0.28	-1.17	-0.99	-0.56	-1.42	-1.21	-0.48	-1.95
0.861	-0.96	-0.50	-1.43	-1.16	-0.71	-1.61	-1.63	-0.86	-2.39
0.862	-1.29	-0.83	-1.75	-1.41	-0.97	-1.85	-2.19	-1.44	-2.95
0.863	-1.56	-1.09	-2.02	-1.59	-1.14	-2.03	-2.67	-1.91	-3.44
0.864	-1.83	-1.36	-2.30	-1.83	-1.37	-2.28	-3.18	-2.41	-3.95
0.865	-2.21	-1.72	-2.69	-2.10	-1.63	-2.57	-3.87	-3.07	-4.67
0.866	-2.39	-1.92	-2.86	-2.22	-1.76	-2.69	-4.22	-3.45	-5.00
0.867	-2.65	-2.17	-3.13	-2.39	-1.93	-2.86	-4.71	-3.93	-5.50
0.868	-2.66	-2.18	-3.13	-2.48	-2.03	-2.93	-4.73	-3.95	-5.51
0.869	-2.84	-2.40	-3.28	-2.57	-2.13	-3.01	-5.08	-4.35	-5.82
0.87	-2.89	-2.43	-3.35	-2.62	-2.17	-3.07	-5.18	-4.42	-5.94
0.871	-3.03	-2.59	-3.47	-2.74	-2.30	-3.18	-5.46	-4.72	-6.19
0.872	-3.16	-2.72	-3.59	-2.83	-2.39	-3.27	-5.71	-4.98	-6.44
0.873	-3.17	-2.73	-3.60	-2.84	-2.39	-3.28	-5.73	-5.00	-6.45
0.874	-3.22	-2.77	-3.67	-2.86	-2.40	-3.32	-5.83	-5.08	-6.57
0.875	-3.11	-2.69	-3.53	-2.75	-2.31	-3.19	-5.61	-4.90	-6.32
0.876	-3.09	-2.70	-3.47	-2.72	-2.32	-3.13	-5.57	-4.91	-6.23
0.877	-3.05	-2.69	-3.42	-2.68	-2.29	-3.07	-5.50	-4.87	-6.13
0.878	-2.97	-2.59	-3.34	-2.62	-2.23	-3.02	-5.33	-4.69	-5.98
0.879	-3.19	-2.75	-3.62	-2.84	-2.39	-3.29	-5.77	-5.05	-6.50
0.88	-3.25	-2.78	-3.71	-2.98	-2.52	-3.44	-5.89	-5.12	-6.65
0.881	-3.52	-3.05	-4.00	-3.15	-2.66	-3.64	-6.45	-5.67	-7.23
0.882	-3.42	-2.95	-3.89	-3.07	-2.59	-3.55	-6.24	-5.46	-7.02
0.883	-3.47	-3.01	-3.92	-3.07	-2.60	-3.55	-6.33	-5.58	-7.08
0.884	-3.51	-3.06	-3.95	-3.05	-2.58	-3.52	-6.41	-5.67	-7.16
0.885	-3.58	-3.15	-4.02	-3.09	-2.62	-3.56	-6.57	-5.84	-7.30
0.886	-3.56	-3.12	-4.00	-3.06	-2.59	-3.53	-6.52	-5.79	-7.26
0.887	-3.38	-2.93	-3.84	-3.00	-2.53	-3.46	-6.17	-5.41	-6.92
0.888	-3.48	-3.03	-3.92	-3.04	-2.59	-3.50	-6.35	-5.62	-7.08
0.889	-3.24	-2.83	-3.65	-2.84	-2.41	-3.27	-5.88	-5.19	-6.57
0.89	-3.15	-2.76	-3.54	-2.73	-2.31	-3.14	-5.69	-5.02	-6.35
0.891	-2.92	-2.53	-3.31	-2.55	-2.15	-2.96	-5.24	-4.58	-5.90
0.892	-2.88	-2.49	-3.26	-2.51	-2.10	-2.91	-5.15	-4.50	-5.81
0.893	-2.83	-2.45	-3.21	-2.48	-2.08	-2.89	-5.07	-4.41	-5.72
0.894	-2.77	-2.40	-3.15	-2.47	-2.07	-2.87	-4.96	-4.32	-5.60
0.895	-2.74	-2.37	-3.11	-2.47	-2.08	-2.87	-4.89	-4.26	-5.52
0.896	-2.75	-2.38	-3.12	-2.49	-2.10	-2.89	-4.92	-4.28	-5.55
0.897	-2.73	-2.37	-3.10	-2.49	-2.10	-2.88	-4.88	-4.25	-5.51
0.898	-2.69	-2.32	-3.06	-2.46	-2.07	-2.86	-4.80	-4.16	-5.43
0.899	-2.57	-2.20	-2.93	-2.38	-1.99	-2.76	-4.56	-3.92	-5.19
0.9	-2.55	-2.18	-2.91	-2.35	-1.97	-2.73	-4.51	-3.89	-5.14
0.901	-2.41	-2.05	-2.78	-2.28	-1.91	-2.66	-4.26	-3.63	-4.90
0.902	-2.36	-1.99	-2.74	-2.25	-1.87	-2.62	-4.17	-3.53	-4.81
0.903	-2.20	-1.82	-2.58	-2.12	-1.74	-2.50	-3.86	-3.21	-4.51
0.904	-2.13	-1.74	-2.51	-2.05	-1.67	-2.44	-3.72	-3.06	-4.37
0.905	-2.14	-1.76	-2.51	-2.08	-1.70	-2.46	-3.74	-3.09	-4.38
0.906	-2.12	-1.74	-2.50	-2.07	-1.70	-2.45	-3.70	-3.05	-4.35
0.907	-2.13	-1.75	-2.52	-2.10	-1.72	-2.48	-3.73	-3.08	-4.38
0.908	-2.08	-1.71	-2.46	-2.07	-1.69	-2.45	-3.64	-3.00	-4.28
0.909	-2.06	-1.69	-2.43	-2.06	-1.68	-2.44	-3.59	-2.95	-4.23
0.91	-2.01	-1.63	-2.40	-2.05	-1.66	-2.44	-3.51	-2.85	-4.17
0.911	-1.94	-1.57	-2.30	-1.96	-1.59	-2.33	-3.36	-2.74	-3.99
0.912	-2.06	-1.70	-2.42	-2.07	-1.70	-2.43	-3.59	-2.97	-4.21
0.913	-2.21	-1.83	-2.59	-2.14	-1.77	-2.52	-3.88	-3.23	-4.53
0.914	-2.22	-1.82	-2.61	-2.21	-1.82	-2.59	-3.89	-3.22	-4.56
0.915	-2.36	-1.96	-2.75	-2.31	-1.93	-2.69	-4.15	-3.48	-4.82
0.916	-2.56	-2.15	-2.97	-2.45	-2.07	-2.84	-4.55	-3.85	-5.24
0.917	-2.83	-2.40	-3.27	-2.66	-2.26	-3.07	-5.07	-4.35	-5.80
0.918	-2.92	-2.46	-3.38	-2.78	-2.35	-3.22	-5.24	-4.48	-6.00
0.919	-3.07	-2.60	-3.53	-2.86	-2.42	-3.29	-5.53	-4.77	-6.29
0.92	-3.14	-2.70	-3.57	-2.90	-2.47	-3.32	-5.67	-4.95	-6.39
0.921	-3.27	-2.86	-3.68	-2.98	-2.56	-3.40	-5.94	-5.25	-6.63
0.922	-3.35	-2.94	-3.76	-3.02	-2.59	-3.44	-6.10	-5.40	-6.79
0.923	-3.32	-2.92	-3.73	-3.00	-2.57	-3.43	-6.04	-5.36	-6.73
0.924	-3.27	-2.86	-3.68	-2.96	-2.52	-3.40	-5.94	-5.25	-6.63
0.925	-3.16	-2.73	-3.58	-2.92	-2.47	-3.36	-5.71	-5.00	-6.42
0.926	-3.08	-2.65	-3.52	-2.83	-2.38	-3.29	-5.56	-4.83	-6.29
0.927	-3.14	-2.71	-3.57	-2.86	-2.42	-3.30	-5.68	-4.96	-6.39
0.928	-3.10	-2.66	-3.53	-2.84	-2.40	-3.27	-5.59	-4.86	-6.31
0.929	-2.99	-2.56	-3.43	-2.76	-2.33	-3.20	-5.39	-4.66	-6.12
0.93	-2.83	-2.42	-3.25	-2.65	-2.23	-3.07	-5.07	-4.38	-5.77
0.931	-2.78	-2.39	-3.17	-2.56	-2.16	-2.97	-4.96	-4.30	-5.62
0.932	-2.63	-2.26	-3.00	-2.43	-2.04	-2.82	-4.68	-4.05	-5.32
0.933	-2.36	-1.98	-2.73	-2.21	-1.83	-2.59	-4.15	-3.51	-4.79
0.934	-2.15	-1.80	-2.49	-2.05	-1.68	-2.42	-3.76	-3.15	-4.36
0.935	-2.09	-1.76	-2.42	-1.98	-1.63	-2.33	-3.65	-3.07	-4.24
0.936	-2.03	-1.72	-2.35	-1.93	-1.59	-2.28	-3.55	-2.98	-4.12
0.937	-1.96	-1.64	-2.29	-1.88	-1.53	-2.23	-3.41	-2.84	-3.99
0.938	-1.83	-1.49	-2.18	-1.79	-1.43	-2.15	-3.17	-2.57	-3.77
0.939	-1.70	-1.33	-2.07	-1.75	-1.39	-2.10	-2.94	-2.30	-3.58
0.94	-1.78	-1.40	-2.16	-1.82	-1.46	-2.18	-3.08	-2.44	-3.73
0.941	-1.71	-1.35	-2.08	-1.74	-1.38	-2.09	-2.96	-2.33	-3.59
0.942	-1.56	-1.19	-1.93	-1.62	-1.26	-1.98	-2.68	-2.04	-3.32
0.943	-1.38	-1.00	-1.76	-1.44	-1.08	-1.81	-2.36	-1.71	-3.01
0.944	-1.31	-0.91	-1.71	-1.43	-1.05	-1.81	-2.23	-1.55	-2.91
0.945	-1.18	-0.75	-1.60	-1.30	-0.91	-1.70	-2.00	-1.28	-2.71
0.946	-1.09	-0.63	-1.55	-1.23	-0.81	-1.65	-1.85	-1.09	-2.60
0.947	-0.95	-0.47	-1.42	-1.11	-0.67	-1.54	-1.59	-0.81	-2.37
0.948	-0.89	-0.43	-1.36	-1.06	-0.63	-1.50	-1.50	-0.73	-2.27
0.949	-0.78	-0.31	-1.25	-0.98	-0.53	-1.42	-1.31	-0.54	-2.09
0.95	-0.62	-0.13	-1.10	-0.83	-0.38	-1.29	-1.03	-0.23	-1.83
0.951	-0.58	-0.08	-1.09	-0.81	-0.34	-1.28	-0.97	-0.15	-1.79
0.952	-0.59	-0.08	-1.11	-0.82	-0.34	-1.29	-0.99	-0.15	-1.83
0.953	-0.57	-0.06	-1.08	-0.81	-0.34	-1.29	-0.95	-0.12	-1.79
0.954	-0.62	-0.10	-1.13	-0.86	-0.38	-1.33	-1.03	-0.18	-1.87
0.955	-0.63	-0.11	-1.15	-0.88	-0.40	-1.35	-1.05	-0.21	-1.90
0.956	-0.67	-0.15	-1.19	-0.91	-0.44	-1.39	-1.11	-0.27	-1.96
0.957	-0.83	-0.33	-1.32	-1.06	-0.61	-1.52	-1.38	-0.57	-2.20
0.958	-0.96	-0.48	-1.43	-1.17	-0.73	-1.61	-1.61	-0.84	-2.39
0.959	-0.91	-0.43	-1.39	-1.18	-0.72	-1.64	-1.53	-0.74	-2.32
0.96	-0.93	-0.43	-1.43	-1.17	-0.72	-1.63	-1.56	-0.75	-2.38
0.961	-1.09	-0.63	-1.55	-1.28	-0.85	-1.70	-1.85	-1.08	-2.61
0.962	-1.17	-0.72	-1.63	-1.34	-0.92	-1.77	-1.99	-1.23	-2.75
0.963	-1.32	-0.86	-1.78	-1.45	-1.03	-1.87	-2.25	-1.50	-3.01
0.964	-1.50	-1.03	-1.97	-1.60	-1.17	-2.03	-2.57	-1.80	-3.35
0.965	-1.56	-1.09	-2.03	-1.66	-1.22	-2.10	-2.67	-1.90	-3.45
0.966	-1.55	-1.08	-2.02	-1.65	-1.22	-2.09	-2.66	-1.88	-3.44
0.967	-1.54	-1.08	-2.00	-1.64	-1.21	-2.07	-2.64	-1.88	-3.40
0.968	-1.69	-1.27	-2.10	-1.71	-1.30	-2.11	-2.91	-2.21	-3.60
0.969	-1.73	-1.32	-2.14	-1.69	-1.29	-2.10	-2.99	-2.30	-3.67
0.97	-1.61	-1.21	-2.01	-1.58	-1.19	-1.98	-2.77	-2.08	-3.45
0.971	-1.54	-1.11	-1.97	-1.57	-1.17	-1.98	-2.64	-1.92	-3.36
0.972	-1.41	-0.95	-1.87	-1.48	-1.06	-1.90	-2.41	-1.64	-3.17
0.973	-1.49	-1.03	-1.95	-1.55	-1.14	-1.97	-2.56	-1.80	-3.31
0.974	-1.50	-1.04	-1.96	-1.57	-1.14	-1.99	-2.57	-1.81	-3.33
0.975	-1.47	-1.01	-1.92	-1.55	-1.12	-1.97	-2.51	-1.76	-3.26
0.976	-1.47	-1.00	-1.94	-1.56	-1.12	-1.99	-2.52	-1.75	-3.29
0.977	-1.39	-0.91	-1.87	-1.51	-1.07	-1.94	-2.37	-1.59	-3.16
0.978	-1.37	-0.88	-1.86	-1.49	-1.05	-1.93	-2.34	-1.54	-3.14
0.979	-1.37	-0.89	-1.85	-1.50	-1.06	-1.94	-2.34	-1.55	-3.13
0.98	-1.47	-1.00	-1.95	-1.60	-1.16	-2.05	-2.52	-1.75	-3.30
0.981	-1.53	-1.03	-2.04	-1.61	-1.15	-2.07	-2.63	-1.81	-3.45
0.982	-1.64	-1.14	-2.15	-1.70	-1.23	-2.16	-2.83	-2.00	-3.65
0.983	-1.87	-1.27	-2.46	-1.88	-1.36	-2.40	-3.24	-2.29	-4.19
0.984	-1.85	-1.23	-2.47	-1.87	-1.33	-2.41	-3.21	-2.22	-4.19
0.985	-1.85	-1.24	-2.45	-1.86	-1.32	-2.41	-3.20	-2.24	-4.17
0.986	-1.86	-1.30	-2.42	-1.85	-1.34	-2.35	-3.22	-2.32	-4.12
0.987	-1.83	-1.31	-2.35	-1.80	-1.33	-2.27	-3.17	-2.32	-4.02
0.988	-1.69	-1.19	-2.20	-1.69	-1.23	-2.14	-2.92	-2.10	-3.74
0.989	-1.63	-1.14	-2.11	-1.63	-1.19	-2.08	-2.80	-2.00	-3.59
0.99	-1.68	-1.18	-2.17	-1.68	-1.23	-2.13	-2.89	-2.08	-3.70
0.991	-1.71	-1.19	-2.23	-1.70	-1.23	-2.17	-2.95	-2.10	-3.80
0.992	-1.59	-1.12	-2.07	-1.59	-1.14	-2.04	-2.74	-1.96	-3.52
0.993	-1.53	-1.06	-2.00	-1.57	-1.12	-2.01	-2.62	-1.85	-3.39
0.994	-1.33	-0.85	-1.80	-1.33	-0.89	-1.77	-2.26	-1.48	-3.04
0.995	-1.25	-0.75	-1.75	-1.29	-0.85	-1.74	-2.12	-1.31	-2.94
0.996	-1.12	-0.63	-1.61	-1.19	-0.75	-1.63	-1.89	-1.09	-2.69
0.997	-1.08	-0.59	-1.58	-1.08	-0.65	-1.52	-1.84	-1.02	-2.65
0.998	-1.03	-0.55	-1.50	-1.03	-0.61	-1.45	-1.73	-0.95	-2.52
0.999	-0.98	-0.53	-1.44	-0.99	-0.59	-1.40	-1.66	-0.90	-2.42
1	-1.00	-0.54	-1.46	-1.02	-0.61	-1.42	-1.69	-0.94	-2.45
1.001	-0.97	-0.51	-1.44	-0.97	-0.57	-1.37	-1.64	-0.88	-2.41
1.002	-0.95	-0.50	-1.40	-0.95	-0.57	-1.33	-1.61	-0.86	-2.35
1.003	-1.17	-0.63	-1.71	-1.15	-0.70	-1.60	-1.98	-1.11	-2.85
1.004	-1.26	-0.74	-1.78	-1.17	-0.75	-1.60	-2.15	-1.31	-2.99
1.005	-1.26	-0.74	-1.77	-1.17	-0.74	-1.59	-2.14	-1.30	-2.98
1.006	-1.23	-0.71	-1.75	-1.14	-0.72	-1.57	-2.09	-1.25	-2.93
1.007	-1.24	-0.74	-1.74	-1.14	-0.73	-1.56	-2.11	-1.29	-2.93
1.008	-1.32	-0.84	-1.81	-1.20	-0.78	-1.61	-2.25	-1.46	-3.05
1.009	-1.37	-0.88	-1.85	-1.23	-0.82	-1.65	-2.34	-1.54	-3.13
1.01	-1.42	-0.94	-1.91	-1.28	-0.86	-1.70	-2.43	-1.64	-3.23
1.011	-1.40	-0.91	-1.88	-1.26	-0.83	-1.69	-2.38	-1.59	-3.18
1.012	-1.42	-0.95	-1.90	-1.28	-0.86	-1.70	-2.43	-1.65	-3.22
1.013	-1.34	-0.84	-1.83	-1.22	-0.78	-1.65	-2.28	-1.47	-3.08
1.014	-1.33	-0.85	-1.82	-1.21	-0.79	-1.64	-2.27	-1.48	-3.07
1.015	-1.21	-0.73	-1.69	-1.12	-0.70	-1.55	-2.06	-1.27	-2.85
1.016	-1.17	-0.69	-1.64	-1.09	-0.66	-1.51	-1.98	-1.20	-2.76
1.017	-1.05	-0.57	-1.52	-0.99	-0.57	-1.41	-1.77	-0.99	-2.55
1.018	-1.00	-0.54	-1.45	-0.95	-0.53	-1.36	-1.68	-0.93	-2.44
1.019	-0.87	-0.40	-1.33	-0.89	-0.48	-1.29	-1.46	-0.69	-2.22
1.02	-0.84	-0.36	-1.32	-0.87	-0.45	-1.28	-1.41	-0.63	-2.20
1.021	-0.72	-0.26	-1.19	-0.78	-0.37	-1.18	-1.21	-0.44	-1.97
1.022	-0.59	-0.14	-1.05	-0.72	-0.31	-1.13	-0.99	-0.23	-1.74
1.023	-0.63	-0.12	-1.14	-0.80	-0.38	-1.23	-1.05	-0.23	-1.88
1.024	-0.61	-0.09	-1.14	-0.76	-0.33	-1.18	-1.03	-0.18	-1.87
1.025	-0.54	-0.03	-1.05	-0.70	-0.29	-1.12	-0.90	-0.07	-1.73
1.026	-0.47	0.02	-0.96	-0.66	-0.25	-1.06	-0.78	0.03	-1.59
1.027	-0.39	0.09	-0.86	-0.61	-0.21	-1.00	-0.64	0.14	-1.42
1.028	-0.38	0.09	-0.85	-0.59	-0.20	-0.97	-0.63	0.14	-1.41
1.029	-0.38	0.08	-0.84	-0.59	-0.21	-0.97	-0.63	0.13	-1.39
1.03	-0.47	-0.02	-0.92	-0.65	-0.27	-1.03	-0.78	-0.03	-1.52
1.031	-0.56	-0.12	-1.00	-0.72	-0.34	-1.09	-0.94	-0.21	-1.67
1.032	-0.67	-0.24	-1.10	-0.79	-0.42	-1.16	-1.12	-0.40	-1.84
1.033	-0.80	-0.38	-1.22	-0.88	-0.51	-1.25	-1.34	-0.63	-2.04
1.034	-0.90	-0.48	-1.31	-0.96	-0.59	-1.33	-1.51	-0.81	-2.21
1.035	-1.01	-0.59	-1.43	-1.05	-0.68	-1.43	-1.70	-1.00	-2.40
1.036	-1.17	-0.75	-1.59	-1.19	-0.81	-1.56	-1.98	-1.28	-2.69
1.037	-1.25	-0.82	-1.67	-1.26	-0.88	-1.65	-2.12	-1.41	-2.83
1.038	-1.41	-0.97	-1.84	-1.38	-0.99	-1.77	-2.40	-1.68	-3.12
1.039	-1.48	-1.04	-1.91	-1.44	-1.05	-1.83	-2.53	-1.81	-3.25
1.04	-1.39	-0.95	-1.83	-1.38	-0.98	-1.77	-2.38	-1.65	-3.11
1.041	-1.50	-1.05	-1.95	-1.46	-1.06	-1.87	-2.57	-1.82	-3.32
1.042	-1.42	-0.98	-1.85	-1.37	-0.97	-1.77	-2.42	-1.70	-3.14
1.043	-1.35	-0.91	-1.79	-1.31	-0.90	-1.72	-2.30	-1.56	-3.04
1.044	-1.27	-0.81	-1.73	-1.24	-0.82	-1.66	-2.16	-1.40	-2.92
1.045	-1.25	-0.77	-1.73	-1.24	-0.82	-1.67	-2.13	-1.34	-2.92
1.046	-1.33	-0.84	-1.82	-1.27	-0.84	-1.71	-2.27	-1.47	-3.07
1.047	-1.41	-0.92	-1.90	-1.30	-0.86	-1.74	-2.41	-1.60	-3.21
1.048	-1.50	-1.02	-1.98	-1.30	-0.86	-1.75	-2.58	-1.79	-3.36
1.049	-1.54	-1.08	-2.00	-1.31	-0.86	-1.76	-2.65	-1.88	-3.41
1.05	-1.53	-1.08	-1.99	-1.30	-0.86	-1.74	-2.63	-1.88	-3.38
1.051	-1.54	-1.07	-2.01	-1.33	-0.88	-1.77	-2.65	-1.87	-3.42
1.052	-1.61	-1.11	-2.11	-1.37	-0.92	-1.83	-2.78	-1.96	-3.59
1.053	-1.54	-1.03	-2.04	-1.34	-0.87	-1.80	-2.64	-1.81	-3.47
1.054	-1.52	-0.99	-2.04	-1.32	-0.85	-1.80	-2.60	-1.75	-3.46
1.055	-1.35	-0.85	-1.84	-1.26	-0.82	-1.71	-2.30	-1.49	-3.11
1.056	-1.43	-0.97	-1.89	-1.19	-0.76	-1.61	-2.45	-1.69	-3.21
1.057	-1.28	-0.82	-1.74	-1.07	-0.64	-1.49	-2.18	-1.42	-2.95
1.058	-1.21	-0.72	-1.70	-1.00	-0.56	-1.44	-2.05	-1.25	-2.86
1.059	-1.21	-0.74	-1.68	-1.00	-0.58	-1.43	-2.05	-1.28	-2.83
1.06	-1.17	-0.69	-1.64	-0.99	-0.56	-1.42	-1.98	-1.20	-2.76
1.061	-1.01	-0.53	-1.49	-0.89	-0.46	-1.32	-1.70	-0.92	-2.49
1.062	-0.80	-0.34	-1.26	-0.75	-0.33	-1.16	-1.34	-0.58	-2.11
1.063	-0.65	-0.20	-1.09	-0.65	-0.25	-1.05	-1.08	-0.34	-1.82
1.064	-0.45	0.00	-0.90	-0.51	-0.11	-0.90	-0.75	0.00	-1.50
1.065	-0.25	0.21	-0.70	-0.37	0.02	-0.77	-0.41	0.34	-1.16
1.066	-0.03	0.41	-0.47	-0.23	0.15	-0.61	-0.05	0.68	-0.78
1.067	0.11	0.54	-0.31	-0.14	0.23	-0.51	0.17	0.88	-0.54
1.068	0.23	0.65	-0.19	-0.05	0.31	-0.42	0.36	1.06	-0.34
1.069	0.33	0.74	-0.08	0.01	0.37	-0.35	0.52	1.21	-0.18
1.07	0.36	0.78	-0.06	0.04	0.40	-0.33	0.57	1.27	-0.13
1.071	0.34	0.76	-0.09	0.03	0.40	-0.34	0.53	1.24	-0.18
1.072	0.34	0.77	-0.09	0.02	0.39	-0.35	0.54	1.26	-0.19
1.073	0.36	0.79	-0.07	0.04	0.41	-0.34	0.57	1.29	-0.15
1.074	0.33	0.77	-0.10	0.02	0.39	-0.36	0.52	1.25	-0.21
1.075	0.37	0.79	-0.04	0.02	0.38	-0.34	0.59	1.29	-0.11
1.076	0.39	0.78	-0.01	0.00	0.35	-0.35	0.61	1.28	-0.06
1.077	0.31	0.69	-0.07	-0.02	0.32	-0.36	0.49	1.14	-0.16
1.078	0.35	0.72	-0.02	0.00	0.33	-0.33	0.56	1.19	-0.08
1.079	0.42	0.77	0.07	0.05	0.37	-0.27	0.66	1.27	0.05
1.08	0.48	0.83	0.14	0.09	0.41	-0.23	0.76	1.36	0.16
1.081	0.52	0.87	0.18	0.12	0.44	-0.20	0.82	1.42	0.22
1.082	0.50	0.85	0.15	0.11	0.43	-0.22	0.79	1.40	0.18
1.083	0.42	0.78	0.05	0.05	0.38	-0.28	0.66	1.29	0.03
1.084	0.32	0.72	-0.08	-0.01	0.33	-0.36	0.51	1.18	-0.17
1.085	0.29	0.67	-0.10	-0.03	0.31	-0.38	0.45	1.11	-0.21
1.086	0.02	0.39	-0.36	-0.10	0.24	-0.43	0.02	0.65	-0.62
1.087	-0.11	0.25	-0.47	-0.17	0.16	-0.51	-0.19	0.44	-0.81
1.088	-0.34	-0.01	-0.67	-0.22	0.11	-0.55	-0.57	0.02	-1.15
1.089	-0.40	-0.05	-0.74	-0.28	0.06	-0.61	-0.66	-0.06	-1.26
1.09	-0.53	-0.17	-0.89	-0.38	-0.04	-0.73	-0.88	-0.26	-1.50
1.091	-0.54	-0.17	-0.91	-0.42	-0.07	-0.77	-0.90	-0.26	-1.54
1.092	-0.58	-0.20	-0.97	-0.45	-0.09	-0.81	-0.97	-0.31	-1.63
1.093	-0.81	-0.43	-1.20	-0.60	-0.24	-0.96	-1.37	-0.71	-2.02
1.094	-0.98	-0.58	-1.38	-0.72	-0.34	-1.09	-1.66	-0.98	-2.33
1.095	-1.15	-0.74	-1.56	-0.83	-0.44	-1.22	-1.95	-1.25	-2.64
1.096	-1.25	-0.84	-1.67	-0.89	-0.50	-1.29	-2.13	-1.43	-2.83
1.097	-1.28	-0.84	-1.71	-0.90	-0.50	-1.31	-2.18	-1.45	-2.90
1.098	-1.17	-0.70	-1.63	-0.91	-0.49	-1.32	-1.98	-1.22	-2.74
1.099	-1.31	-0.79	-1.83	-0.91	-0.48	-1.33	-2.24	-1.39	-3.08
1.1	-1.17	-0.69	-1.66	-0.83	-0.42	-1.24	-1.99	-1.20	-2.78
1.101	-1.17	-0.70	-1.65	-0.83	-0.41	-1.26	-1.99	-1.21	-2.77
1.102	-1.26	-0.78	-1.75	-0.90	-0.46	-1.34	-2.15	-1.35	-2.94
1.103	-1.35	-0.83	-1.87	-0.96	-0.49	-1.43	-2.30	-1.46	-3.14
1.104	-1.28	-0.72	-1.83	-0.95	-0.45	-1.45	-2.18	-1.28	-3.07
1.105	-1.14	-0.60	-1.67	-0.84	-0.37	-1.31	-1.93	-1.06	-2.79
1.106	-0.92	-0.39	-1.44	-0.67	-0.22	-1.12	-1.55	-0.69	-2.40
1.107	-0.83	-0.30	-1.36	-0.57	-0.14	-1.00	-1.39	-0.54	-2.25
1.108	-0.64	-0.12	-1.15	-0.44	-0.03	-0.86	-1.07	-0.23	-1.91
1.109	-0.60	-0.11	-1.10	-0.42	-0.01	-0.82	-1.01	-0.20	-1.81
1.11	-0.26	0.18	-0.71	-0.39	0.00	-0.78	-0.44	0.30	-1.18
1.111	-0.49	-0.06	-0.92	-0.47	-0.08	-0.86	-0.82	-0.10	-1.54
1.112	-0.61	-0.20	-1.02	-0.56	-0.17	-0.94	-1.02	-0.32	-1.71
1.113	-0.75	-0.34	-1.15	-0.66	-0.27	-1.05	-1.25	-0.57	-1.94
1.114	-0.83	-0.43	-1.24	-0.73	-0.34	-1.12	-1.40	-0.72	-2.08
1.115	-0.90	-0.49	-1.31	-0.77	-0.38	-1.17	-1.51	-0.82	-2.20
1.116	-1.02	-0.61	-1.44	-0.87	-0.47	-1.28	-1.73	-1.03	-2.42
1.117	-1.10	-0.70	-1.50	-0.94	-0.54	-1.35	-1.86	-1.19	-2.53
1.118	-1.12	-0.73	-1.51	-0.95	-0.54	-1.36	-1.90	-1.24	-2.56
1.119	-1.27	-0.88	-1.65	-1.02	-0.61	-1.43	-2.15	-1.50	-2.81
1.12	-1.33	-0.94	-1.72	-1.06	-0.64	-1.47	-2.27	-1.61	-2.93
1.121	-1.51	-1.10	-1.91	-1.13	-0.70	-1.55	-2.58	-1.90	-3.26
1.122	-1.68	-1.27	-2.09	-1.19	-0.75	-1.63	-2.90	-2.21	-3.59
1.123	-1.75	-1.35	-2.16	-1.22	-0.78	-1.65	-3.03	-2.35	-3.72
1.124	-1.73	-1.34	-2.12	-1.22	-0.79	-1.64	-2.99	-2.33	-3.66
1.125	-1.69	-1.30	-2.07	-1.20	-0.77	-1.62	-2.91	-2.25	-3.56
1.126	-1.58	-1.17	-1.98	-1.19	-0.76	-1.62	-2.71	-2.03	-3.39
1.127	-1.51	-1.11	-1.91	-1.16	-0.74	-1.59	-2.59	-1.91	-3.26
1.128	-1.48	-1.09	-1.88	-1.14	-0.71	-1.57	-2.54	-1.87	-3.21
1.129	-1.53	-1.13	-1.94	-1.17	-0.73	-1.60	-2.63	-1.95	-3.32
1.13	-1.59	-1.17	-2.01	-1.20	-0.75	-1.64	-2.74	-2.04	-3.45
1.131	-1.59	-1.15	-2.03	-1.19	-0.74	-1.65	-2.74	-2.00	-3.47
1.132	-1.71	-1.25	-2.18	-1.25	-0.79	-1.71	-2.96	-2.19	-3.73
1.133	-1.83	-1.33	-2.33	-1.27	-0.79	-1.74	-3.17	-2.36	-3.99
1.134	-1.70	-1.21	-2.20	-1.26	-0.77	-1.75	-2.94	-2.13	-3.75
1.135	-1.36	-0.87	-1.85	-1.18	-0.72	-1.65	-2.32	-1.52	-3.12
1.136	-1.55	-1.09	-2.01	-1.16	-0.70	-1.62	-2.66	-1.90	-3.42
1.137	-1.55	-1.09	-2.02	-1.14	-0.67	-1.60	-2.67	-1.90	-3.43
1.138	-1.68	-1.21	-2.14	-1.13	-0.66	-1.61	-2.89	-2.13	-3.66
1.139	-1.56	-1.10	-2.02	-1.03	-0.57	-1.50	-2.69	-1.93	-3.45
1.14	-1.41	-0.94	-1.88	-0.91	-0.45	-1.38	-2.42	-1.64	-3.19
1.141	-1.18	-0.69	-1.67	-0.82	-0.36	-1.28	-2.00	-1.19	-2.81
1.142	-1.20	-0.73	-1.66	-0.76	-0.30	-1.21	-2.03	-1.27	-2.80
1.143	-1.10	-0.65	-1.54	-0.69	-0.24	-1.14	-1.86	-1.11	-2.60
1.144	-1.06	-0.63	-1.49	-0.67	-0.22	-1.12	-1.79	-1.07	-2.51
1.145	-1.01	-0.59	-1.43	-0.64	-0.19	-1.09	-1.71	-1.00	-2.42
1.146	-0.90	-0.50	-1.31	-0.55	-0.11	-0.99	-1.52	-0.83	-2.20
1.147	-0.73	-0.35	-1.12	-0.42	0.00	-0.85	-1.23	-0.57	-1.89
1.148	-0.60	-0.22	-0.98	-0.31	0.11	-0.73	-1.00	-0.35	-1.65
1.149	-0.45	-0.07	-0.83	-0.22	0.20	-0.63	-0.75	-0.10	-1.40
1.15	-0.38	-0.01	-0.74	-0.12	0.29	-0.52	-0.63	0.00	-1.25
1.151	-0.33	0.02	-0.68	-0.11	0.28	-0.50	-0.55	0.06	-1.15
1.152	-0.45	-0.04	-0.85	-0.22	0.21	-0.65	-0.74	-0.06	-1.43
1.153	-0.45	-0.01	-0.89	-0.24	0.22	-0.70	-0.75	-0.01	-1.48
1.154	-0.35	0.09	-0.78	-0.17	0.28	-0.62	-0.58	0.15	-1.31
1.155	-0.27	0.16	-0.70	-0.11	0.33	-0.55	-0.45	0.27	-1.17
1.156	-0.14	0.28	-0.56	-0.03	0.41	-0.46	-0.24	0.47	-0.95
1.157	-0.06	0.37	-0.48	0.06	0.48	-0.37	-0.11	0.61	-0.82
1.158	0.02	0.41	-0.38	0.11	0.52	-0.30	0.02	0.69	-0.66
1.159	0.08	0.48	-0.33	0.15	0.56	-0.27	0.12	0.80	-0.57
1.16	0.09	0.50	-0.32	0.15	0.56	-0.27	0.14	0.83	-0.56
1.161	0.11	0.53	-0.31	0.16	0.58	-0.25	0.17	0.87	-0.53
1.162	0.19	0.60	-0.22	0.23	0.64	-0.17	0.30	0.99	-0.39
1.163	0.29	0.71	-0.12	0.28	0.69	-0.13	0.46	1.16	-0.24
1.164	0.27	0.69	-0.14	0.31	0.72	-0.10	0.43	1.12	-0.27
1.165	0.30	0.72	-0.12	0.33	0.74	-0.09	0.47	1.17	-0.23
1.166	0.35	0.77	-0.07	0.35	0.77	-0.07	0.55	1.25	-0.15
1.167	0.36	0.79	-0.07	0.35	0.78	-0.08	0.57	1.28	-0.15
1.168	0.36	0.79	-0.08	0.33	0.77	-0.10	0.56	1.28	-0.16
1.169	0.44	0.89	0.00	0.38	0.82	-0.06	0.70	1.44	-0.04
1.17	0.45	0.89	0.01	0.38	0.82	-0.06	0.71	1.45	-0.03
1.171	0.40	0.85	-0.04	0.35	0.79	-0.09	0.63	1.37	-0.10
1.172	0.42	0.85	-0.02	0.36	0.80	-0.08	0.66	1.38	-0.07
1.173	0.43	0.86	-0.01	0.37	0.81	-0.07	0.67	1.39	-0.05
1.174	0.46	0.89	0.03	0.37	0.81	-0.07	0.72	1.44	0.00
1.175	0.41	0.84	-0.03	0.35	0.79	-0.09	0.64	1.36	-0.09
1.176	0.41	0.86	-0.03	0.36	0.80	-0.09	0.65	1.39	-0.09
1.177	0.42	0.86	-0.03	0.35	0.80	-0.10	0.65	1.39	-0.09
1.178	0.38	0.81	-0.06	0.36	0.80	-0.09	0.59	1.32	-0.13
1.179	0.40	0.84	-0.03	0.39	0.83	-0.06	0.64	1.36	-0.09
1.18	0.43	0.86	-0.01	0.42	0.87	-0.03	0.67	1.39	-0.05
1.181	0.55	0.97	0.14	0.47	0.90	0.05	0.87	1.57	0.17
1.182	0.60	0.99	0.22	0.52	0.93	0.12	0.95	1.61	0.29
1.183	0.65	1.01	0.28	0.57	0.96	0.18	1.01	1.65	0.38
1.184	0.60	0.95	0.24	0.55	0.93	0.17	0.94	1.55	0.32
1.185	0.63	0.98	0.27	0.56	0.94	0.19	0.98	1.60	0.36
1.186	0.59	0.94	0.24	0.58	0.95	0.21	0.93	1.53	0.32
1.187	0.59	0.96	0.23	0.57	0.94	0.20	0.93	1.56	0.30
1.188	0.59	0.97	0.21	0.56	0.94	0.19	0.92	1.57	0.28
1.189	0.52	0.89	0.15	0.50	0.87	0.13	0.81	1.45	0.18
1.19	0.49	0.89	0.09	0.41	0.78	0.05	0.77	1.45	0.10
1.191	0.22	0.58	-0.15	0.30	0.66	-0.05	0.34	0.97	-0.30
1.192	0.11	0.48	-0.27	0.23	0.59	-0.13	0.16	0.80	-0.48
1.193	-0.13	0.30	-0.55	0.06	0.46	-0.34	-0.22	0.50	-0.93
1.194	-0.21	0.22	-0.63	0.01	0.41	-0.39	-0.35	0.37	-1.06
1.195	-0.42	0.00	-0.84	-0.15	0.25	-0.54	-0.70	0.01	-1.41
1.196	-0.52	-0.09	-0.94	-0.25	0.16	-0.66	-0.86	-0.15	-1.57
1.197	-0.58	-0.15	-1.00	-0.36	0.05	-0.77	-0.96	-0.25	-1.67
1.198	-0.82	-0.41	-1.22	-0.49	-0.09	-0.89	-1.37	-0.69	-2.05
1.199	-0.95	-0.53	-1.38	-0.59	-0.17	-1.01	-1.60	-0.89	-2.32
1.2	-1.09	-0.65	-1.53	-0.70	-0.27	-1.14	-1.84	-1.11	-2.57
1.201	-1.05	-0.61	-1.50	-0.70	-0.27	-1.13	-1.78	-1.05	-2.52
1.202	-1.05	-0.58	-1.51	-0.71	-0.27	-1.15	-1.77	-1.01	-2.53
1.203	-1.08	-0.61	-1.56	-0.73	-0.30	-1.17	-1.84	-1.06	-2.61
1.204	-1.06	-0.57	-1.55	-0.72	-0.28	-1.16	-1.79	-0.99	-2.59
1.205	-1.03	-0.53	-1.54	-0.70	-0.27	-1.14	-1.74	-0.92	-2.57
1.206	-1.01	-0.51	-1.52	-0.70	-0.26	-1.14	-1.71	-0.89	-2.54
1.207	-0.90	-0.41	-1.40	-0.65	-0.22	-1.07	-1.52	-0.71	-2.32
1.208	-0.81	-0.40	-1.22	-0.54	-0.15	-0.93	-1.37	-0.67	-2.06
1.209	-0.70	-0.30	-1.09	-0.46	-0.09	-0.83	-1.17	-0.50	-1.84
1.21	-0.73	-0.37	-1.10	-0.48	-0.13	-0.83	-1.23	-0.60	-1.86
1.211	-0.65	-0.32	-0.99	-0.42	-0.08	-0.75	-1.09	-0.50	-1.69
1.212	-0.62	-0.28	-0.95	-0.38	-0.05	-0.72	-1.03	-0.44	-1.62
1.213	-0.74	-0.39	-1.09	-0.49	-0.15	-0.83	-1.24	-0.63	-1.84
1.214	-0.73	-0.37	-1.10	-0.46	-0.14	-0.79	-1.23	-0.60	-1.85
1.215	-0.91	-0.49	-1.33	-0.61	-0.25	-0.98	-1.53	-0.83	-2.23
1.216	-1.02	-0.59	-1.45	-0.72	-0.35	-1.09	-1.73	-1.01	-2.44
1.217	-1.10	-0.66	-1.54	-0.80	-0.41	-1.19	-1.86	-1.13	-2.60
1.218	-1.01	-0.54	-1.49	-0.83	-0.42	-1.23	-1.71	-0.93	-2.49
1.219	-1.03	-0.57	-1.49	-0.80	-0.39	-1.20	-1.74	-0.98	-2.51
1.22	-1.09	-0.63	-1.54	-0.79	-0.40	-1.18	-1.84	-1.09	-2.60
1.221	-1.04	-0.63	-1.45	-0.74	-0.36	-1.12	-1.76	-1.06	-2.45
1.222	-0.91	-0.51	-1.32	-0.65	-0.28	-1.01	-1.54	-0.86	-2.22
1.223	-0.80	-0.40	-1.19	-0.57	-0.21	-0.92	-1.34	-0.67	-2.01
1.224	-0.70	-0.31	-1.09	-0.50	-0.16	-0.85	-1.17	-0.51	-1.84
1.225	-0.58	-0.18	-0.97	-0.42	-0.08	-0.77	-0.96	-0.30	-1.63
1.226	-0.42	-0.01	-0.82	-0.33	0.02	-0.67	-0.69	-0.01	-1.38
1.227	-0.27	0.14	-0.68	-0.23	0.12	-0.58	-0.45	0.25	-1.14
1.228	-0.24	0.17	-0.65	-0.19	0.17	-0.54	-0.40	0.29	-1.09
1.229	-0.09	0.32	-0.51	-0.10	0.26	-0.45	-0.16	0.54	-0.86
1.23	0.01	0.44	-0.42	0.00	0.35	-0.36	0.01	0.73	-0.71
1.231	0.33	0.77	-0.12	0.15	0.51	-0.21	0.51	1.25	-0.22
1.232	0.44	0.87	0.00	0.20	0.56	-0.16	0.69	1.41	-0.03
1.233	0.42	0.85	-0.01	0.20	0.56	-0.16	0.66	1.38	-0.06
1.234	0.41	0.84	-0.03	0.18	0.54	-0.19	0.64	1.36	-0.09
1.235	0.40	0.84	-0.04	0.16	0.53	-0.20	0.63	1.37	-0.10
1.236	0.38	0.83	-0.07	0.14	0.51	-0.23	0.59	1.34	-0.15
1.237	0.36	0.82	-0.09	0.12	0.50	-0.26	0.57	1.33	-0.18
1.238	0.25	0.71	-0.22	0.03	0.42	-0.36	0.38	1.15	-0.38
1.239	0.15	0.63	-0.33	-0.05	0.36	-0.45	0.23	1.02	-0.55
1.24	0.11	0.60	-0.37	-0.07	0.34	-0.48	0.17	0.97	-0.62
1.241	0.01	0.47	-0.44	-0.15	0.25	-0.56	0.01	0.76	-0.74
1.242	-0.21	0.25	-0.67	-0.31	0.11	-0.73	-0.35	0.41	-1.12
1.243	-0.47	0.00	-0.94	-0.49	-0.07	-0.92	-0.78	-0.01	-1.55
1.244	-0.67	-0.22	-1.12	-0.63	-0.22	-1.04	-1.13	-0.38	-1.87
1.245	-0.96	-0.52	-1.40	-0.82	-0.43	-1.22	-1.62	-0.89	-2.36
1.246	-1.28	-0.81	-1.75	-1.02	-0.62	-1.41	-2.19	-1.41	-2.96
1.247	-1.42	-0.94	-1.89	-1.11	-0.71	-1.51	-2.42	-1.64	-3.20
1.248	-1.56	-1.12	-2.00	-1.22	-0.82	-1.62	-2.68	-1.95	-3.41
1.249	-1.62	-1.19	-2.04	-1.27	-0.88	-1.66	-2.79	-2.08	-3.50
1.25	-1.66	-1.24	-2.09	-1.36	-0.96	-1.76	-2.87	-2.16	-3.58
1.251	-1.52	-1.09	-1.96	-1.26	-0.86	-1.67	-2.62	-1.90	-3.34
1.252	-1.47	-1.03	-1.90	-1.23	-0.83	-1.63	-2.51	-1.78	-3.24
1.253	-1.66	-1.22	-2.11	-1.34	-0.94	-1.74	-2.87	-2.13	-3.60
1.254	-1.73	-1.28	-2.18	-1.37	-0.96	-1.78	-2.99	-2.24	-3.73
1.255	-1.82	-1.37	-2.27	-1.43	-1.02	-1.84	-3.16	-2.41	-3.91
1.256	-1.85	-1.31	-2.40	-1.43	-1.01	-1.85	-3.21	-2.34	-4.09
1.257	-1.86	-1.28	-2.45	-1.43	-1.01	-1.86	-3.23	-2.30	-4.17
1.258	-1.78	-1.28	-2.29	-1.42	-1.02	-1.82	-3.09	-2.26	-3.91
1.259	-1.79	-1.27	-2.31	-1.39	-1.00	-1.79	-3.10	-2.25	-3.95
1.26	-1.67	-1.16	-2.18	-1.40	-1.00	-1.80	-2.87	-2.04	-3.70
1.261	-1.80	-1.22	-2.38	-1.37	-0.95	-1.78	-3.11	-2.18	-4.04
1.262	-1.76	-1.17	-2.35	-1.34	-0.92	-1.77	-3.04	-2.09	-3.99
1.263	-1.76	-1.16	-2.35	-1.32	-0.88	-1.75	-3.04	-2.09	-3.99
1.264	-1.62	-1.08	-2.17	-1.25	-0.82	-1.67	-2.79	-1.91	-3.67
1.265	-1.40	-0.86	-1.94	-1.10	-0.67	-1.54	-2.40	-1.53	-3.27
1.266	-1.27	-0.75	-1.78	-1.05	-0.62	-1.47	-2.16	-1.32	-2.99
1.267	-1.20	-0.71	-1.69	-1.02	-0.60	-1.43	-2.04	-1.24	-2.84
1.268	-1.15	-0.69	-1.61	-1.00	-0.60	-1.41	-1.95	-1.20	-2.71
1.269	-1.15	-0.70	-1.61	-0.99	-0.59	-1.40	-1.96	-1.20	-2.71
1.27	-1.02	-0.54	-1.49	-0.90	-0.49	-1.30	-1.72	-0.94	-2.50
1.271	-0.93	-0.45	-1.41	-0.84	-0.44	-1.24	-1.57	-0.78	-2.36
1.272	-0.78	-0.28	-1.29	-0.75	-0.34	-1.16	-1.31	-0.49	-2.14
1.273	-0.72	-0.22	-1.23	-0.71	-0.30	-1.12	-1.21	-0.39	-2.04
1.274	-0.62	-0.10	-1.14	-0.65	-0.22	-1.07	-1.04	-0.19	-1.88
1.275	-0.60	-0.10	-1.11	-0.63	-0.21	-1.04	-1.01	-0.19	-1.83
1.276	-0.52	-0.04	-0.99	-0.57	-0.17	-0.97	-0.86	-0.08	-1.64
1.277	-0.51	-0.05	-0.98	-0.52	-0.13	-0.91	-0.85	-0.08	-1.62
1.278	-0.39	0.05	-0.84	-0.46	-0.08	-0.85	-0.65	0.08	-1.39
1.279	-0.45	-0.01	-0.89	-0.43	-0.05	-0.81	-0.75	-0.02	-1.48
1.28	-0.30	0.10	-0.70	-0.38	-0.01	-0.74	-0.50	0.18	-1.17
1.281	-0.40	0.02	-0.81	-0.38	-0.02	-0.74	-0.66	0.04	-1.35
1.282	-0.57	-0.11	-1.03	-0.47	-0.08	-0.86	-0.95	-0.19	-1.72
1.283	-0.60	-0.13	-1.07	-0.51	-0.10	-0.92	-1.00	-0.23	-1.78
1.284	-0.70	-0.18	-1.23	-0.58	-0.14	-1.02	-1.18	-0.33	-2.03
1.285	-0.73	-0.19	-1.26	-0.60	-0.15	-1.04	-1.22	-0.35	-2.09
1.286	-0.74	-0.22	-1.27	-0.61	-0.17	-1.05	-1.25	-0.39	-2.10
1.287	-0.61	-0.11	-1.11	-0.63	-0.19	-1.07	-1.02	-0.21	-1.83
1.288	-0.65	-0.14	-1.15	-0.66	-0.21	-1.10	-1.08	-0.26	-1.91
1.289	-0.73	-0.21	-1.25	-0.71	-0.27	-1.15	-1.22	-0.38	-2.06
1.29	-0.82	-0.29	-1.35	-0.77	-0.33	-1.22	-1.38	-0.52	-2.24
1.291	-0.66	-0.15	-1.17	-0.78	-0.33	-1.23	-1.11	-0.28	-1.94
1.292	-0.65	-0.14	-1.17	-0.77	-0.32	-1.22	-1.09	-0.25	-1.94
1.293	-0.78	-0.23	-1.32	-0.82	-0.36	-1.27	-1.30	-0.42	-2.18
1.294	-0.89	-0.32	-1.46	-0.86	-0.39	-1.32	-1.50	-0.58	-2.42
1.295	-0.93	-0.36	-1.50	-0.88	-0.42	-1.35	-1.57	-0.65	-2.49
1.296	-0.91	-0.33	-1.49	-0.90	-0.44	-1.36	-1.53	-0.60	-2.46
1.297	-0.88	-0.33	-1.43	-0.90	-0.44	-1.36	-1.49	-0.60	-2.38
1.298	-0.98	-0.41	-1.55	-0.90	-0.45	-1.35	-1.65	-0.74	-2.57
1.299	-0.92	-0.42	-1.42	-0.85	-0.44	-1.27	-1.55	-0.74	-2.36
1.3	-0.86	-0.41	-1.31	-0.82	-0.42	-1.21	-1.45	-0.70	-2.20
1.301	-0.82	-0.38	-1.26	-0.77	-0.38	-1.16	-1.38	-0.65	-2.10
1.302	-0.75	-0.32	-1.18	-0.71	-0.33	-1.09	-1.26	-0.54	-1.98
1.303	-0.69	-0.24	-1.14	-0.62	-0.24	-1.00	-1.16	-0.41	-1.91
1.304	-0.63	-0.16	-1.09	-0.54	-0.15	-0.92	-1.05	-0.28	-1.81
1.305	-0.56	-0.09	-1.03	-0.47	-0.08	-0.85	-0.93	-0.16	-1.70
1.306	-0.43	0.04	-0.90	-0.37	0.01	-0.76	-0.71	0.07	-1.48
1.307	-0.35	0.12	-0.82	-0.32	0.07	-0.71	-0.59	0.19	-1.36
1.308	-0.27	0.20	-0.75	-0.26	0.13	-0.65	-0.45	0.33	-1.24
1.309	-0.16	0.32	-0.63	-0.20	0.19	-0.59	-0.27	0.52	-1.05
1.31	-0.05	0.43	-0.54	-0.15	0.24	-0.53	-0.10	0.70	-0.89
1.311	-0.04	0.45	-0.53	-0.13	0.25	-0.52	-0.08	0.72	-0.88
1.312	0.07	0.57	-0.44	-0.05	0.33	-0.44	0.10	0.92	-0.72
1.313	0.11	0.61	-0.38	0.04	0.44	-0.35	0.17	0.98	-0.64
1.314	0.26	0.80	-0.28	0.13	0.54	-0.28	0.41	1.29	-0.47
1.315	0.39	0.92	-0.15	0.20	0.61	-0.20	0.61	1.47	-0.26
1.316	0.49	1.01	-0.03	0.27	0.68	-0.13	0.77	1.62	-0.08
1.317	0.50	0.99	0.02	0.32	0.71	-0.07	0.79	1.59	0.00
1.318	0.53	0.98	0.08	0.33	0.71	-0.04	0.83	1.58	0.08
1.319	0.51	0.93	0.09	0.30	0.67	-0.06	0.80	1.51	0.10
1.32	0.38	0.77	-0.02	0.22	0.57	-0.13	0.59	1.26	-0.08
1.321	0.27	0.67	-0.14	0.14	0.50	-0.21	0.42	1.10	-0.26
1.322	0.17	0.58	-0.25	0.07	0.44	-0.29	0.26	0.96	-0.43
1.323	0.07	0.50	-0.37	0.01	0.39	-0.38	0.10	0.82	-0.62
1.324	-0.01	0.43	-0.45	-0.06	0.34	-0.46	-0.02	0.71	-0.76
1.325	-0.04	0.42	-0.50	-0.09	0.33	-0.51	-0.07	0.69	-0.84
1.326	-0.10	0.37	-0.57	-0.12	0.33	-0.56	-0.17	0.61	-0.95
1.327	-0.03	0.42	-0.48	-0.06	0.37	-0.49	-0.06	0.69	-0.80
1.328	-0.07	0.36	-0.49	-0.07	0.34	-0.48	-0.12	0.60	-0.83
1.329	-0.15	0.28	-0.58	-0.12	0.28	-0.51	-0.25	0.47	-0.97
1.33	-0.19	0.22	-0.60	-0.12	0.26	-0.50	-0.33	0.36	-1.01
1.331	-0.22	0.19	-0.62	-0.10	0.27	-0.48	-0.36	0.32	-1.04
1.332	-0.25	0.14	-0.65	-0.10	0.26	-0.47	-0.43	0.24	-1.10
1.333	-0.40	0.00	-0.81	-0.21	0.17	-0.59	-0.67	0.02	-1.36
1.334	-0.59	-0.16	-1.01	-0.30	0.09	-0.69	-0.98	-0.27	-1.69
1.335	-0.51	-0.09	-0.93	-0.33	0.07	-0.73	-0.85	-0.15	-1.56
1.336	-0.38	0.08	-0.83	-0.34	0.08	-0.76	-0.63	0.13	-1.38
1.337	-0.56	-0.09	-1.03	-0.37	0.07	-0.82	-0.93	-0.16	-1.70
1.338	-0.63	-0.16	-1.10	-0.39	0.06	-0.83	-1.05	-0.27	-1.83
1.339	-0.65	-0.17	-1.12	-0.40	0.04	-0.84	-1.09	-0.30	-1.87
1.34	-0.65	-0.18	-1.12	-0.40	0.04	-0.84	-1.08	-0.31	-1.86
1.341	-0.61	-0.13	-1.08	-0.38	0.06	-0.81	-1.01	-0.23	-1.79
1.342	-0.62	-0.13	-1.10	-0.38	0.05	-0.81	-1.03	-0.24	-1.82
1.343	-0.54	-0.06	-1.02	-0.34	0.08	-0.76	-0.90	-0.12	-1.68
1.344	-0.43	0.02	-0.87	-0.25	0.15	-0.64	-0.71	0.03	-1.45
1.345	-0.12	0.33	-0.58	-0.11	0.26	-0.48	-0.21	0.55	-0.96
1.346	-0.04	0.39	-0.47	0.03	0.39	-0.33	-0.07	0.65	-0.79
1.347	0.09	0.54	-0.35	0.14	0.50	-0.21	0.14	0.89	-0.60
1.348	0.22	0.69	-0.26	0.21	0.58	-0.15	0.34	1.12	-0.44
1.349	0.34	0.83	-0.15	0.29	0.66	-0.08	0.54	1.34	-0.27
1.35	0.44	0.95	-0.08	0.34	0.72	-0.03	0.69	1.52	-0.15
1.351	0.40	0.92	-0.12	0.32	0.71	-0.07	0.63	1.47	-0.22
1.352	0.57	1.04	0.10	0.44	0.82	0.06	0.90	1.67	0.13
1.353	0.73	1.19	0.28	0.56	0.94	0.19	1.15	1.90	0.40
1.354	0.92	1.34	0.49	0.70	1.06	0.34	1.43	2.13	0.72
1.355	1.09	1.50	0.68	0.80	1.15	0.45	1.69	2.37	1.00
1.356	1.06	1.47	0.64	0.79	1.14	0.43	1.64	2.34	0.94
1.357	1.03	1.47	0.59	0.79	1.15	0.42	1.60	2.34	0.87
1.358	1.12	1.57	0.67	0.85	1.23	0.48	1.73	2.48	0.98
1.359	1.14	1.61	0.67	0.93	1.31	0.55	1.76	2.53	0.99
1.36	1.11	1.53	0.69	0.92	1.30	0.55	1.72	2.43	1.01
1.361	1.12	1.55	0.68	0.92	1.29	0.55	1.73	2.45	1.00
1.362	1.10	1.53	0.67	0.92	1.30	0.55	1.70	2.42	0.98
1.363	1.02	1.43	0.61	0.87	1.25	0.50	1.59	2.28	0.89
1.364	0.87	1.25	0.48	0.79	1.15	0.42	1.35	2.01	0.69
1.365	0.69	1.05	0.32	0.69	1.05	0.34	1.08	1.71	0.45
1.366	0.54	0.87	0.21	0.61	0.96	0.27	0.85	1.43	0.26
1.367	0.29	0.64	-0.06	0.52	0.87	0.17	0.46	1.07	-0.15
1.368	0.18	0.52	-0.17	0.44	0.79	0.09	0.28	0.88	-0.32
1.369	0.06	0.44	-0.32	0.32	0.68	-0.05	0.09	0.73	-0.56
1.37	-0.21	0.17	-0.59	0.19	0.57	-0.19	-0.35	0.31	-1.00
1.371	-0.39	0.00	-0.78	0.06	0.46	-0.34	-0.65	0.02	-1.31
1.372	-0.60	-0.23	-0.97	-0.08	0.31	-0.48	-1.01	-0.37	-1.64
1.373	-0.72	-0.34	-1.10	-0.16	0.23	-0.56	-1.21	-0.55	-1.86
1.374	-0.85	-0.49	-1.21	-0.24	0.15	-0.64	-1.42	-0.81	-2.04
1.375	-0.81	-0.45	-1.17	-0.31	0.09	-0.71	-1.36	-0.74	-1.98
1.376	-0.93	-0.58	-1.28	-0.30	0.10	-0.70	-1.57	-0.95	-2.18
1.377	-0.95	-0.57	-1.34	-0.31	0.09	-0.72	-1.60	-0.95	-2.26
1.378	-0.88	-0.45	-1.31	-0.26	0.14	-0.67	-1.48	-0.76	-2.19
1.379	-0.92	-0.48	-1.36	-0.29	0.12	-0.70	-1.55	-0.82	-2.28
1.38	-0.94	-0.49	-1.38	-0.30	0.12	-0.71	-1.58	-0.83	-2.32
1.381	-0.94	-0.51	-1.38	-0.27	0.14	-0.68	-1.59	-0.86	-2.32
1.382	-0.89	-0.45	-1.33	-0.23	0.18	-0.65	-1.49	-0.76	-2.23
1.383	-0.73	-0.25	-1.20	-0.18	0.24	-0.60	-1.22	-0.44	-2.00
1.384	-0.74	-0.27	-1.21	-0.15	0.28	-0.57	-1.25	-0.47	-2.02
1.385	-0.62	-0.15	-1.09	-0.07	0.35	-0.50	-1.03	-0.26	-1.80
1.386	-0.37	0.13	-0.87	-0.06	0.37	-0.49	-0.61	0.21	-1.43
1.387	-0.29	0.21	-0.79	-0.01	0.41	-0.44	-0.48	0.33	-1.30
1.388	-0.27	0.22	-0.76	0.00	0.41	-0.42	-0.45	0.36	-1.25
1.389	-0.26	0.23	-0.74	0.00	0.42	-0.41	-0.43	0.37	-1.22
1.39	-0.13	0.33	-0.60	0.07	0.48	-0.35	-0.23	0.54	-1.00
1.391	0.02	0.51	-0.47	0.16	0.57	-0.24	0.02	0.82	-0.78
1.392	0.11	0.60	-0.37	0.22	0.62	-0.18	0.18	0.98	-0.62
1.393	0.17	0.67	-0.33	0.24	0.65	-0.16	0.26	1.08	-0.56
1.394	0.12	0.62	-0.38	0.24	0.64	-0.16	0.18	0.99	-0.63
1.395	0.02	0.51	-0.48	0.18	0.58	-0.22	0.02	0.83	-0.79
1.396	0.10	0.58	-0.38	0.18	0.57	-0.22	0.15	0.94	-0.64
1.397	0.20	0.73	-0.32	0.21	0.61	-0.20	0.32	1.17	-0.53
1.398	0.29	0.85	-0.26	0.26	0.68	-0.16	0.46	1.36	-0.43
1.399	0.28	0.82	-0.27	0.23	0.65	-0.18	0.43	1.32	-0.45
1.4	0.21	0.74	-0.32	0.19	0.60	-0.22	0.33	1.19	-0.53
1.401	0.20	0.71	-0.31	0.17	0.57	-0.23	0.31	1.14	-0.51
1.402	0.19	0.67	-0.30	0.16	0.56	-0.24	0.29	1.09	-0.50
1.403	0.18	0.66	-0.30	0.15	0.55	-0.25	0.28	1.07	-0.51
1.404	0.08	0.55	-0.39	0.09	0.49	-0.32	0.12	0.89	-0.66
1.405	-0.10	0.31	-0.52	0.06	0.47	-0.35	-0.18	0.52	-0.87
1.406	-0.26	0.16	-0.68	-0.05	0.36	-0.45	-0.44	0.27	-1.14
1.407	-0.37	0.05	-0.80	-0.13	0.28	-0.54	-0.62	0.09	-1.33
1.408	-0.34	0.07	-0.75	-0.11	0.29	-0.51	-0.57	0.12	-1.26
1.409	-0.15	0.22	-0.53	-0.04	0.34	-0.42	-0.26	0.39	-0.90
1.41	-0.13	0.26	-0.53	-0.04	0.34	-0.41	-0.23	0.45	-0.90
1.411	-0.17	0.26	-0.61	-0.08	0.31	-0.47	-0.29	0.43	-1.01
1.412	-0.23	0.19	-0.66	-0.12	0.26	-0.51	-0.39	0.32	-1.10
1.413	-0.23	0.20	-0.65	-0.12	0.28	-0.51	-0.38	0.33	-1.08
1.414	-0.02	0.45	-0.48	-0.08	0.33	-0.48	-0.03	0.74	-0.80
1.415	-0.01	0.45	-0.47	-0.04	0.37	-0.45	-0.02	0.74	-0.79
1.416	0.13	0.60	-0.34	0.01	0.43	-0.40	0.20	0.98	-0.58
1.417	0.24	0.72	-0.25	0.10	0.53	-0.33	0.37	1.17	-0.43
1.418	0.12	0.59	-0.35	0.14	0.58	-0.31	0.18	0.96	-0.59
1.419	0.08	0.54	-0.37	0.10	0.53	-0.33	0.13	0.88	-0.63
1.42	0.13	0.58	-0.32	0.13	0.55	-0.30	0.20	0.95	-0.55
1.421	0.19	0.66	-0.27	0.15	0.59	-0.29	0.30	1.08	-0.47
1.422	0.22	0.73	-0.28	0.16	0.63	-0.31	0.35	1.17	-0.48
1.423	0.22	0.70	-0.27	0.14	0.59	-0.30	0.34	1.14	-0.45
1.424	0.25	0.71	-0.21	0.14	0.56	-0.28	0.39	1.15	-0.37
1.425	0.32	0.76	-0.11	0.20	0.59	-0.20	0.51	1.23	-0.21
1.426	0.34	0.77	-0.09	0.19	0.57	-0.19	0.54	1.25	-0.18
1.427	0.36	0.78	-0.06	0.18	0.56	-0.19	0.57	1.28	-0.14
1.428	0.41	0.83	-0.01	0.20	0.57	-0.17	0.65	1.35	-0.05
1.429	0.40	0.81	-0.01	0.16	0.53	-0.20	0.63	1.32	-0.06
1.43	0.36	0.76	-0.04	0.19	0.55	-0.17	0.57	1.24	-0.11
1.431	0.51	0.89	0.13	0.29	0.64	-0.06	0.80	1.45	0.15
1.432	0.60	0.98	0.22	0.35	0.71	0.00	0.94	1.59	0.30
1.433	0.66	1.04	0.28	0.39	0.74	0.04	1.04	1.68	0.39
1.434	0.83	1.18	0.48	0.50	0.85	0.15	1.30	1.91	0.69
1.435	0.87	1.23	0.52	0.53	0.88	0.18	1.36	1.97	0.74
1.436	0.82	1.17	0.46	0.51	0.86	0.16	1.28	1.89	0.66
1.437	0.87	1.23	0.52	0.49	0.84	0.14	1.36	1.97	0.74
1.438	0.86	1.22	0.50	0.46	0.82	0.11	1.34	1.96	0.72
1.439	0.88	1.25	0.51	0.47	0.83	0.10	1.37	2.01	0.73
1.44	0.89	1.26	0.51	0.46	0.83	0.10	1.38	2.02	0.74
1.441	0.97	1.36	0.59	0.53	0.91	0.15	1.51	2.17	0.85
1.442	0.97	1.35	0.58	0.51	0.89	0.13	1.50	2.16	0.84
1.443	0.99	1.38	0.60	0.52	0.90	0.14	1.54	2.20	0.87
1.444	1.00	1.39	0.60	0.51	0.89	0.13	1.55	2.21	0.88
1.445	1.06	1.46	0.66	0.56	0.95	0.17	1.64	2.32	0.97
1.446	1.03	1.44	0.63	0.52	0.91	0.12	1.60	2.29	0.92
1.447	1.02	1.42	0.62	0.49	0.88	0.10	1.58	2.25	0.90
1.448	0.95	1.35	0.56	0.43	0.82	0.04	1.48	2.15	0.81
1.449	0.86	1.24	0.47	0.37	0.75	-0.01	1.34	2.00	0.68
1.45	0.66	1.04	0.28	0.23	0.60	-0.13	1.03	1.68	0.38
1.451	0.46	0.84	0.08	0.10	0.45	-0.26	0.73	1.38	0.08
1.452	0.23	0.62	-0.15	-0.07	0.28	-0.42	0.36	1.02	-0.29
1.453	-0.16	0.25	-0.57	-0.24	0.10	-0.58	-0.26	0.43	-0.95
1.454	-0.33	0.07	-0.73	-0.34	0.00	-0.67	-0.55	0.13	-1.23
1.455	-0.56	-0.15	-0.96	-0.45	-0.11	-0.78	-0.93	-0.25	-1.62
1.456	-0.50	-0.10	-0.89	-0.46	-0.13	-0.80	-0.83	-0.16	-1.50
1.457	-0.45	-0.07	-0.83	-0.42	-0.09	-0.74	-0.75	-0.10	-1.40
1.458	-0.49	-0.11	-0.86	-0.43	-0.10	-0.76	-0.81	-0.17	-1.46
1.459	-0.59	-0.23	-0.95	-0.51	-0.18	-0.83	-0.98	-0.36	-1.61
1.46	-0.57	-0.20	-0.93	-0.57	-0.25	-0.90	-0.95	-0.32	-1.58
1.461	-0.66	-0.29	-1.03	-0.61	-0.27	-0.95	-1.10	-0.46	-1.74
1.462	-0.72	-0.33	-1.11	-0.66	-0.31	-1.02	-1.20	-0.54	-1.87
1.463	-0.66	-0.26	-1.06	-0.61	-0.25	-0.97	-1.10	-0.43	-1.77
1.464	-0.58	-0.17	-0.99	-0.55	-0.19	-0.91	-0.97	-0.28	-1.65
1.465	-0.47	-0.05	-0.89	-0.46	-0.09	-0.84	-0.78	-0.07	-1.49
1.466	-0.33	0.11	-0.77	-0.36	0.02	-0.74	-0.55	0.18	-1.28
1.467	-0.28	0.17	-0.72	-0.32	0.07	-0.71	-0.46	0.28	-1.20
1.468	-0.21	0.25	-0.66	-0.27	0.13	-0.67	-0.35	0.41	-1.10
1.469	-0.08	0.37	-0.54	-0.16	0.23	-0.56	-0.14	0.60	-0.89
1.47	-0.02	0.41	-0.46	-0.11	0.27	-0.49	-0.05	0.68	-0.77
1.471	0.07	0.49	-0.36	-0.04	0.32	-0.40	0.10	0.81	-0.61
1.472	0.12	0.53	-0.29	-0.01	0.34	-0.36	0.19	0.88	-0.50
1.473	0.18	0.58	-0.22	0.03	0.38	-0.31	0.29	0.97	-0.39
1.474	0.25	0.64	-0.15	0.09	0.44	-0.25	0.39	1.06	-0.29
1.475	0.36	0.76	-0.05	0.14	0.48	-0.21	0.56	1.25	-0.12
1.476	0.46	0.84	0.07	0.20	0.54	-0.14	0.72	1.38	0.07
1.477	0.57	0.96	0.19	0.28	0.62	-0.07	0.90	1.55	0.25
1.478	0.67	1.06	0.29	0.34	0.69	0.00	1.06	1.71	0.40
1.479	0.73	1.12	0.34	0.38	0.73	0.03	1.15	1.81	0.48
1.48	0.73	1.12	0.33	0.39	0.75	0.03	1.14	1.81	0.47
1.481	0.83	1.24	0.41	0.43	0.80	0.06	1.29	1.98	0.60
1.482	0.88	1.30	0.46	0.47	0.85	0.09	1.38	2.08	0.67
1.483	0.90	1.31	0.48	0.48	0.86	0.11	1.40	2.09	0.70
1.484	0.97	1.38	0.56	0.54	0.91	0.18	1.51	2.20	0.82
1.485	1.04	1.45	0.63	0.60	0.97	0.23	1.61	2.30	0.93
1.486	1.05	1.45	0.65	0.63	0.99	0.26	1.62	2.30	0.95
1.487	1.08	1.47	0.69	0.65	1.01	0.30	1.67	2.34	1.01
1.488	1.02	1.40	0.65	0.64	0.99	0.29	1.59	2.23	0.94
1.489	0.89	1.26	0.52	0.56	0.91	0.22	1.38	2.02	0.75
1.49	0.74	1.11	0.36	0.47	0.82	0.13	1.15	1.79	0.51
1.491	0.63	1.02	0.23	0.43	0.79	0.06	0.98	1.65	0.31
1.492	0.50	0.91	0.10	0.37	0.74	-0.01	0.79	1.48	0.11
1.493	0.41	0.81	0.00	0.30	0.68	-0.07	0.64	1.32	-0.04
1.494	0.30	0.70	-0.10	0.22	0.60	-0.16	0.47	1.15	-0.21
1.495	0.21	0.62	-0.21	0.15	0.54	-0.23	0.33	1.02	-0.37
1.496	0.12	0.55	-0.30	0.08	0.48	-0.31	0.19	0.90	-0.52
1.497	-0.09	0.35	-0.54	-0.04	0.36	-0.45	-0.16	0.58	-0.91
1.498	-0.16	0.29	-0.61	-0.10	0.30	-0.51	-0.27	0.47	-1.02
1.499	-0.19	0.27	-0.64	-0.13	0.28	-0.54	-0.31	0.44	-1.06
1.5	-0.12	0.33	-0.57	-0.15	0.26	-0.56	-0.20	0.54	-0.94
1.501	-0.12	0.34	-0.57	-0.15	0.27	-0.56	-0.20	0.55	-0.96
1.502	-0.13	0.33	-0.58	-0.15	0.26	-0.56	-0.21	0.54	-0.97
1.503	-0.19	0.26	-0.64	-0.18	0.23	-0.59	-0.32	0.43	-1.06
1.504	-0.20	0.23	-0.64	-0.20	0.20	-0.59	-0.34	0.39	-1.07
1.505	-0.22	0.22	-0.66	-0.20	0.19	-0.59	-0.37	0.36	-1.10
1.506	-0.19	0.24	-0.62	-0.19	0.19	-0.57	-0.32	0.40	-1.04
1.507	-0.13	0.30	-0.57	-0.15	0.23	-0.53	-0.23	0.50	-0.95
1.508	-0.11	0.32	-0.55	-0.12	0.27	-0.50	-0.20	0.53	-0.93
1.509	-0.07	0.38	-0.52	-0.07	0.32	-0.47	-0.12	0.63	-0.86
1.51	0.00	0.42	-0.42	-0.04	0.34	-0.41	-0.01	0.70	-0.72
1.511	0.03	0.44	-0.37	0.01	0.37	-0.36	0.04	0.72	-0.64
1.512	0.17	0.56	-0.23	0.06	0.41	-0.29	0.26	0.92	-0.41
1.513	0.25	0.65	-0.15	0.13	0.48	-0.22	0.39	1.06	-0.28
1.514	0.31	0.71	-0.08	0.17	0.52	-0.17	0.49	1.16	-0.18
1.515	0.34	0.74	-0.06	0.19	0.54	-0.15	0.54	1.21	-0.14
1.516	0.35	0.76	-0.05	0.20	0.54	-0.15	0.55	1.24	-0.13
1.517	0.34	0.75	-0.08	0.19	0.54	-0.15	0.53	1.23	-0.17
1.518	0.41	0.83	-0.01	0.19	0.53	-0.16	0.65	1.36	-0.05
1.519	0.43	0.87	0.00	0.22	0.57	-0.14	0.68	1.41	-0.05
1.52	0.41	0.86	-0.03	0.24	0.61	-0.13	0.65	1.39	-0.09
1.521	0.45	0.91	-0.01	0.27	0.66	-0.11	0.71	1.46	-0.05
1.522	0.30	0.76	-0.15	0.24	0.63	-0.14	0.48	1.23	-0.28
1.523	0.32	0.77	-0.12	0.26	0.65	-0.12	0.51	1.25	-0.23
1.524	0.33	0.78	-0.13	0.27	0.66	-0.12	0.51	1.26	-0.24
1.525	0.24	0.72	-0.24	0.25	0.65	-0.15	0.37	1.16	-0.41
1.526	0.21	0.69	-0.27	0.22	0.63	-0.18	0.32	1.11	-0.47
1.527	0.16	0.64	-0.32	0.15	0.55	-0.25	0.25	1.04	-0.53
1.528	0.23	0.69	-0.24	0.10	0.49	-0.29	0.36	1.13	-0.41
1.529	-0.07	0.41	-0.55	0.02	0.42	-0.37	-0.12	0.67	-0.91
1.53	-0.12	0.37	-0.62	-0.08	0.32	-0.47	-0.21	0.60	-1.02
1.531	-0.31	0.18	-0.80	-0.13	0.27	-0.53	-0.52	0.28	-1.32
1.532	-0.36	0.12	-0.83	-0.14	0.25	-0.53	-0.60	0.18	-1.38
1.533	-0.48	-0.05	-0.92	-0.24	0.13	-0.61	-0.80	-0.08	-1.53
1.534	-0.59	-0.17	-1.00	-0.35	0.01	-0.71	-0.98	-0.28	-1.68
1.535	-0.62	-0.22	-1.03	-0.33	0.02	-0.69	-1.04	-0.36	-1.72
1.536	-0.63	-0.22	-1.03	-0.32	0.03	-0.67	-1.05	-0.36	-1.73
1.537	-0.77	-0.36	-1.19	-0.45	-0.08	-0.81	-1.30	-0.60	-1.99
1.538	-0.76	-0.37	-1.16	-0.41	-0.06	-0.76	-1.28	-0.61	-1.95
1.539	-0.69	-0.28	-1.09	-0.34	0.01	-0.68	-1.15	-0.47	-1.82
1.54	-0.60	-0.19	-1.02	-0.27	0.07	-0.62	-1.01	-0.32	-1.70
1.541	-0.64	-0.24	-1.04	-0.27	0.08	-0.61	-1.07	-0.39	-1.74
1.542	-0.60	-0.18	-1.03	-0.24	0.12	-0.59	-1.01	-0.30	-1.71
1.543	-0.60	-0.16	-1.03	-0.25	0.11	-0.61	-1.00	-0.27	-1.72
1.544	-0.61	-0.15	-1.06	-0.28	0.09	-0.64	-1.01	-0.25	-1.77
1.545	-0.54	-0.05	-1.03	-0.17	0.19	-0.53	-0.90	-0.10	-1.70
1.546	-0.46	0.03	-0.95	-0.14	0.22	-0.51	-0.76	0.04	-1.57
1.547	-0.48	0.01	-0.96	-0.17	0.20	-0.54	-0.79	0.00	-1.58
1.548	-0.43	0.07	-0.93	-0.16	0.22	-0.55	-0.72	0.10	-1.53
1.549	-0.31	0.17	-0.79	-0.08	0.29	-0.45	-0.51	0.28	-1.31
1.55	-0.14	0.33	-0.60	0.04	0.39	-0.31	-0.23	0.53	-1.00
1.551	0.13	0.61	-0.34	0.21	0.56	-0.14	0.21	0.99	-0.57
1.552	0.08	0.55	-0.40	0.18	0.53	-0.16	0.12	0.90	-0.66
1.553	-0.01	0.48	-0.51	0.10	0.45	-0.25	-0.03	0.78	-0.84
1.554	-0.04	0.43	-0.50	0.07	0.41	-0.27	-0.07	0.69	-0.84
1.555	-0.05	0.40	-0.50	0.05	0.39	-0.30	-0.09	0.66	-0.83
1.556	-0.06	0.38	-0.50	0.05	0.39	-0.29	-0.10	0.63	-0.83
1.557	0.03	0.46	-0.39	0.09	0.43	-0.25	0.05	0.76	-0.66
1.558	0.30	0.70	-0.11	0.29	0.61	-0.03	0.47	1.15	-0.21
1.559	0.46	0.84	0.08	0.40	0.72	0.09	0.72	1.38	0.07
1.56	0.53	0.91	0.15	0.44	0.76	0.13	0.83	1.48	0.19
1.561	0.55	0.93	0.18	0.45	0.77	0.14	0.87	1.52	0.22
1.562	0.55	0.93	0.17	0.45	0.77	0.13	0.86	1.52	0.21
1.563	0.56	0.95	0.18	0.48	0.79	0.16	0.89	1.54	0.23
1.564	0.64	1.03	0.24	0.53	0.84	0.22	1.00	1.67	0.33
1.565	0.58	1.00	0.16	0.55	0.86	0.23	0.91	1.61	0.21
1.566	0.62	1.05	0.18	0.59	0.91	0.26	0.97	1.70	0.24
1.567	0.54	0.98	0.10	0.56	0.89	0.24	0.85	1.58	0.12
1.568	0.45	0.89	0.01	0.50	0.83	0.17	0.70	1.43	-0.03
1.569	0.41	0.85	-0.02	0.45	0.78	0.13	0.65	1.37	-0.07
1.57	0.28	0.71	-0.14	0.39	0.72	0.06	0.45	1.16	-0.26
1.571	0.25	0.69	-0.19	0.36	0.68	0.03	0.39	1.12	-0.35
1.572	0.11	0.53	-0.31	0.31	0.63	-0.02	0.17	0.87	-0.54
1.573	0.06	0.49	-0.36	0.27	0.61	-0.06	0.09	0.81	-0.62
1.574	-0.06	0.36	-0.48	0.20	0.54	-0.13	-0.10	0.60	-0.81
1.575	-0.17	0.26	-0.59	0.14	0.48	-0.21	-0.28	0.43	-0.99
1.576	-0.05	0.37	-0.47	0.14	0.48	-0.21	-0.08	0.62	-0.79
1.577	-0.02	0.43	-0.46	0.12	0.47	-0.24	-0.04	0.70	-0.77
1.578	-0.26	0.18	-0.70	0.07	0.43	-0.29	-0.44	0.30	-1.17
1.579	-0.23	0.21	-0.68	0.06	0.42	-0.30	-0.39	0.35	-1.13
1.58	-0.19	0.27	-0.65	0.06	0.43	-0.30	-0.32	0.43	-1.08
1.581	-0.08	0.38	-0.55	0.10	0.46	-0.27	-0.15	0.62	-0.92
1.582	-0.03	0.41	-0.46	0.13	0.49	-0.23	-0.05	0.67	-0.78
1.583	0.10	0.54	-0.33	0.20	0.55	-0.16	0.16	0.89	-0.57
1.584	0.23	0.68	-0.22	0.26	0.62	-0.09	0.36	1.10	-0.39
1.585	0.33	0.78	-0.12	0.32	0.68	-0.03	0.52	1.26	-0.23
1.586	0.29	0.75	-0.17	0.31	0.67	-0.05	0.46	1.22	-0.31
1.587	0.23	0.71	-0.25	0.28	0.64	-0.08	0.35	1.14	-0.44
1.588	0.14	0.64	-0.35	0.23	0.58	-0.13	0.22	1.03	-0.58
1.589	0.17	0.64	-0.31	0.20	0.56	-0.15	0.26	1.05	-0.52
1.59	0.12	0.60	-0.35	0.17	0.53	-0.18	0.19	0.98	-0.59
1.591	-0.02	0.48	-0.52	0.10	0.47	-0.26	-0.03	0.78	-0.85
1.592	0.06	0.53	-0.42	0.15	0.51	-0.21	0.09	0.87	-0.70
1.593	0.22	0.66	-0.23	0.24	0.60	-0.12	0.34	1.08	-0.39
1.594	0.35	0.83	-0.14	0.34	0.69	-0.01	0.55	1.35	-0.25
1.595	0.35	0.83	-0.13	0.36	0.71	0.02	0.55	1.34	-0.23
1.596	0.32	0.81	-0.16	0.35	0.70	0.00	0.51	1.30	-0.28
1.597	0.33	0.82	-0.17	0.34	0.70	-0.01	0.51	1.33	-0.30
1.598	0.38	0.86	-0.11	0.40	0.74	0.06	0.59	1.39	-0.21
1.599	0.45	0.91	-0.02	0.45	0.79	0.12	0.70	1.47	-0.06
1.6	0.49	0.95	0.02	0.49	0.82	0.16	0.76	1.53	0.00
1.601	0.52	1.00	0.04	0.52	0.86	0.17	0.82	1.61	0.03
1.602	0.57	1.06	0.07	0.55	0.91	0.19	0.89	1.70	0.08
1.603	0.62	1.13	0.10	0.59	0.96	0.22	0.97	1.81	0.13
1.604	0.63	1.15	0.11	0.61	1.00	0.22	0.99	1.84	0.15
1.605	0.71	1.24	0.18	0.57	0.96	0.18	1.11	1.97	0.25
1.606	0.69	1.19	0.19	0.58	0.94	0.22	1.08	1.90	0.27
1.607	0.70	1.17	0.24	0.60	0.93	0.26	1.10	1.87	0.33
1.608	0.72	1.16	0.27	0.63	0.95	0.31	1.12	1.86	0.39
1.609	0.70	1.13	0.27	0.64	0.95	0.34	1.10	1.81	0.38
1.61	0.67	1.09	0.25	0.62	0.92	0.32	1.05	1.75	0.35
1.611	0.70	1.09	0.30	0.63	0.93	0.33	1.09	1.76	0.42
1.612	0.71	1.09	0.33	0.61	0.91	0.31	1.11	1.77	0.46
1.613	0.67	1.04	0.30	0.60	0.89	0.31	1.06	1.69	0.42
1.614	0.70	1.08	0.33	0.61	0.91	0.32	1.10	1.74	0.46
1.615	0.71	1.09	0.33	0.61	0.90	0.31	1.11	1.76	0.47
1.616	0.69	1.07	0.32	0.59	0.89	0.28	1.08	1.73	0.44
1.617	0.66	1.05	0.28	0.57	0.87	0.26	1.04	1.70	0.39
1.618	0.62	1.02	0.23	0.53	0.85	0.22	0.98	1.64	0.31
1.619	0.55	0.93	0.17	0.52	0.82	0.21	0.86	1.51	0.21
1.62	0.51	0.84	0.17	0.48	0.78	0.17	0.80	1.39	0.21
1.621	0.45	0.82	0.08	0.43	0.73	0.12	0.71	1.34	0.07
1.622	0.44	0.81	0.07	0.42	0.72	0.11	0.69	1.33	0.05
1.623	0.42	0.81	0.04	0.41	0.73	0.10	0.66	1.32	0.01
1.624	0.33	0.72	-0.05	0.36	0.67	0.05	0.52	1.18	-0.13
1.625	0.25	0.63	-0.13	0.30	0.60	0.00	0.39	1.05	-0.26
1.626	0.23	0.62	-0.16	0.29	0.59	-0.02	0.36	1.02	-0.30
1.627	0.31	0.70	-0.08	0.34	0.64	0.03	0.49	1.15	-0.18
1.628	0.38	0.77	-0.02	0.38	0.68	0.07	0.59	1.26	-0.08
1.629	0.49	0.88	0.10	0.45	0.75	0.15	0.77	1.43	0.11
1.63	0.59	0.98	0.21	0.51	0.81	0.21	0.93	1.59	0.27
1.631	0.61	1.00	0.21	0.49	0.80	0.18	0.95	1.63	0.28
1.632	0.60	1.01	0.20	0.48	0.79	0.16	0.95	1.63	0.27
1.633	0.58	0.99	0.16	0.45	0.77	0.13	0.91	1.60	0.21
1.634	0.50	0.93	0.07	0.39	0.73	0.05	0.79	1.51	0.07
1.635	0.49	0.99	-0.01	0.39	0.76	0.03	0.77	1.59	-0.05
1.636	0.36	0.89	-0.17	0.29	0.67	-0.08	0.57	1.42	-0.29
1.637	0.31	0.83	-0.21	0.25	0.62	-0.13	0.49	1.33	-0.36
1.638	0.26	0.77	-0.25	0.20	0.58	-0.17	0.41	1.25	-0.43
1.639	0.19	0.66	-0.28	0.15	0.51	-0.21	0.29	1.07	-0.48
1.64	0.13	0.59	-0.32	0.12	0.48	-0.24	0.21	0.97	-0.55
1.641	0.12	0.58	-0.34	0.11	0.48	-0.25	0.18	0.94	-0.57
1.642	0.12	0.58	-0.34	0.09	0.46	-0.27	0.18	0.94	-0.57
1.643	0.09	0.54	-0.37	0.06	0.43	-0.31	0.13	0.88	-0.62
1.644	0.01	0.48	-0.45	0.02	0.39	-0.35	0.01	0.78	-0.76
1.645	-0.01	0.47	-0.48	-0.04	0.33	-0.41	-0.02	0.76	-0.80
1.646	-0.06	0.42	-0.53	-0.08	0.29	-0.45	-0.10	0.68	-0.88
1.647	-0.08	0.42	-0.58	-0.12	0.25	-0.49	-0.14	0.68	-0.96
1.648	-0.13	0.37	-0.63	-0.16	0.21	-0.53	-0.22	0.60	-1.04
1.649	-0.20	0.28	-0.69	-0.16	0.22	-0.54	-0.34	0.45	-1.13
1.65	-0.19	0.33	-0.72	-0.17	0.22	-0.56	-0.32	0.53	-1.17
1.651	-0.20	0.32	-0.73	-0.16	0.23	-0.56	-0.34	0.51	-1.20
1.652	-0.25	0.26	-0.77	-0.19	0.20	-0.57	-0.42	0.41	-1.26
1.653	-0.30	0.20	-0.80	-0.21	0.16	-0.58	-0.49	0.32	-1.31
1.654	-0.38	0.10	-0.86	-0.26	0.10	-0.63	-0.63	0.16	-1.43
1.655	-0.46	0.00	-0.92	-0.30	0.06	-0.66	-0.76	0.00	-1.52
1.656	-0.43	0.04	-0.89	-0.31	0.05	-0.66	-0.71	0.06	-1.48
1.657	-0.48	-0.03	-0.92	-0.38	-0.04	-0.73	-0.79	-0.06	-1.53
1.658	-0.57	-0.16	-0.99	-0.40	-0.06	-0.74	-0.96	-0.26	-1.66
1.659	-0.58	-0.16	-1.00	-0.43	-0.08	-0.77	-0.97	-0.27	-1.67
1.66	-0.64	-0.22	-1.06	-0.48	-0.12	-0.84	-1.07	-0.37	-1.78
1.661	-0.86	-0.43	-1.30	-0.54	-0.18	-0.90	-1.45	-0.72	-2.18
1.662	-0.84	-0.40	-1.27	-0.54	-0.18	-0.90	-1.41	-0.68	-2.13
1.663	-0.84	-0.41	-1.28	-0.56	-0.19	-0.92	-1.42	-0.69	-2.15
1.664	-0.85	-0.43	-1.28	-0.56	-0.20	-0.92	-1.44	-0.72	-2.15
1.665	-0.87	-0.45	-1.29	-0.57	-0.20	-0.93	-1.47	-0.77	-2.17
1.666	-0.78	-0.38	-1.18	-0.50	-0.15	-0.85	-1.31	-0.64	-1.99
1.667	-0.75	-0.35	-1.16	-0.44	-0.09	-0.80	-1.27	-0.58	-1.95
1.668	-0.50	-0.10	-0.91	-0.28	0.07	-0.62	-0.84	-0.15	-1.53
1.669	-0.31	0.12	-0.74	-0.14	0.22	-0.49	-0.51	0.21	-1.23
1.67	-0.15	0.30	-0.60	-0.09	0.29	-0.46	-0.26	0.49	-1.00
1.671	-0.20	0.30	-0.69	-0.04	0.34	-0.41	-0.33	0.48	-1.14
1.672	-0.29	0.24	-0.83	-0.07	0.31	-0.45	-0.49	0.38	-1.36
1.673	-0.14	0.38	-0.65	-0.05	0.32	-0.43	-0.24	0.60	-1.07
1.674	-0.14	0.33	-0.61	0.03	0.39	-0.32	-0.23	0.54	-1.01
1.675	-0.08	0.37	-0.54	0.08	0.43	-0.28	-0.14	0.61	-0.90
1.676	-0.04	0.39	-0.46	0.12	0.47	-0.23	-0.07	0.64	-0.78
1.677	0.03	0.44	-0.39	0.16	0.50	-0.19	0.03	0.73	-0.66
1.678	0.07	0.47	-0.32	0.19	0.52	-0.15	0.11	0.79	-0.57
1.679	0.11	0.50	-0.29	0.21	0.54	-0.12	0.16	0.84	-0.51
1.68	0.15	0.55	-0.25	0.24	0.58	-0.09	0.23	0.91	-0.44
1.681	0.15	0.56	-0.25	0.25	0.58	-0.08	0.24	0.93	-0.45
1.682	0.05	0.46	-0.35	0.18	0.51	-0.15	0.07	0.76	-0.61
1.683	0.19	0.59	-0.22	0.22	0.55	-0.10	0.29	0.97	-0.39
1.684	0.24	0.65	-0.17	0.26	0.59	-0.07	0.38	1.07	-0.32
1.685	0.12	0.53	-0.29	0.18	0.51	-0.15	0.19	0.88	-0.51
1.686	0.18	0.60	-0.23	0.21	0.54	-0.12	0.28	0.98	-0.41
1.687	0.26	0.65	-0.13	0.22	0.54	-0.10	0.41	1.07	-0.26
1.688	0.26	0.63	-0.12	0.25	0.55	-0.06	0.40	1.05	-0.24
1.689	0.31	0.68	-0.06	0.29	0.59	-0.01	0.49	1.13	-0.15
1.69	0.42	0.79	0.06	0.37	0.67	0.07	0.66	1.30	0.03
1.691	0.51	0.89	0.13	0.44	0.75	0.13	0.81	1.46	0.16
1.692	0.55	0.96	0.14	0.46	0.78	0.13	0.86	1.55	0.18
1.693	0.54	0.97	0.11	0.46	0.80	0.11	0.85	1.57	0.13
1.694	0.49	0.95	0.04	0.43	0.81	0.06	0.77	1.53	0.02
1.695	0.32	0.81	-0.17	0.33	0.73	-0.07	0.51	1.31	-0.30
1.696	0.25	0.71	-0.21	0.30	0.70	-0.10	0.39	1.15	-0.37
1.697	0.14	0.63	-0.35	0.22	0.63	-0.19	0.22	1.01	-0.58
1.698	0.05	0.55	-0.45	0.16	0.58	-0.27	0.07	0.89	-0.75
1.699	-0.01	0.51	-0.53	0.11	0.56	-0.33	-0.03	0.82	-0.88
1.7	-0.05	0.46	-0.55	0.11	0.53	-0.32	-0.09	0.73	-0.90
1.701	-0.06	0.43	-0.55	0.11	0.52	-0.31	-0.11	0.69	-0.91
1.702	-0.07	0.40	-0.54	0.11	0.52	-0.30	-0.12	0.65	-0.90
1.703	-0.18	0.28	-0.64	0.08	0.48	-0.31	-0.29	0.47	-1.06
1.704	-0.13	0.33	-0.58	0.13	0.50	-0.24	-0.22	0.53	-0.97
1.705	-0.10	0.33	-0.52	0.15	0.50	-0.20	-0.17	0.55	-0.88
1.706	-0.02	0.40	-0.44	0.19	0.53	-0.15	-0.04	0.66	-0.75
1.707	0.03	0.43	-0.37	0.23	0.55	-0.10	0.04	0.72	-0.63
1.708	0.00	0.39	-0.39	0.20	0.51	-0.12	-0.01	0.66	-0.67
1.709	-0.02	0.36	-0.40	0.18	0.49	-0.13	-0.04	0.61	-0.69
1.71	-0.08	0.29	-0.44	0.13	0.43	-0.17	-0.13	0.50	-0.76
1.711	-0.02	0.36	-0.39	0.21	0.51	-0.10	-0.03	0.61	-0.68
1.712	0.05	0.43	-0.34	0.23	0.53	-0.08	0.07	0.73	-0.59
1.713	0.12	0.56	-0.32	0.26	0.59	-0.06	0.19	0.92	-0.54
1.714	0.18	0.60	-0.24	0.29	0.61	-0.03	0.29	0.99	-0.42
1.715	0.33	0.74	-0.09	0.32	0.64	0.00	0.51	1.20	-0.18
1.716	0.34	0.77	-0.08	0.39	0.71	0.07	0.54	1.25	-0.17
1.717	0.46	0.91	0.00	0.47	0.81	0.14	0.72	1.48	-0.03
1.718	0.48	0.95	0.02	0.50	0.85	0.15	0.76	1.52	-0.01
1.719	0.51	0.98	0.05	0.53	0.88	0.18	0.81	1.57	0.04
1.72	0.42	0.87	-0.04	0.47	0.82	0.13	0.65	1.41	-0.10
1.721	0.32	0.79	-0.15	0.41	0.77	0.06	0.50	1.27	-0.27
1.722	0.27	0.74	-0.20	0.38	0.73	0.02	0.42	1.19	-0.35
1.723	0.22	0.72	-0.28	0.34	0.70	-0.03	0.34	1.16	-0.48
1.724	0.27	0.74	-0.21	0.39	0.75	0.03	0.42	1.20	-0.36
1.725	0.28	0.74	-0.18	0.38	0.74	0.01	0.44	1.20	-0.32
1.726	0.24	0.70	-0.22	0.37	0.73	0.01	0.37	1.13	-0.38
1.727	0.21	0.66	-0.25	0.35	0.71	-0.01	0.32	1.07	-0.43
1.728	0.16	0.61	-0.29	0.33	0.70	-0.03	0.25	1.00	-0.50
1.729	0.12	0.56	-0.32	0.29	0.66	-0.07	0.18	0.91	-0.55
1.73	0.04	0.47	-0.40	0.24	0.61	-0.12	0.05	0.78	-0.68
1.731	0.07	0.49	-0.34	0.27	0.62	-0.08	0.11	0.81	-0.59
1.732	0.15	0.55	-0.25	0.32	0.66	-0.02	0.23	0.91	-0.45
1.733	0.15	0.57	-0.26	0.32	0.66	-0.03	0.24	0.93	-0.46
1.734	0.17	0.57	-0.24	0.31	0.65	-0.03	0.26	0.94	-0.42
1.735	0.27	0.70	-0.15	0.38	0.73	0.04	0.42	1.14	-0.29
1.736	0.39	0.82	-0.04	0.45	0.80	0.09	0.61	1.32	-0.11
1.737	0.61	1.05	0.17	0.58	0.94	0.22	0.96	1.69	0.23
1.738	0.78	1.24	0.32	0.72	1.10	0.34	1.22	1.98	0.46
1.739	0.78	1.25	0.32	0.73	1.14	0.32	1.22	1.99	0.46
1.74	0.71	1.17	0.25	0.67	1.05	0.28	1.10	1.86	0.34
1.741	0.57	1.02	0.13	0.57	0.94	0.20	0.90	1.64	0.16
1.742	0.18	0.53	-0.17	0.23	0.51	-0.05	0.29	0.89	-0.32
1.743	0.03	0.37	-0.31	0.15	0.44	-0.13	0.04	0.64	-0.55
1.744	-0.02	0.33	-0.38	0.14	0.44	-0.16	-0.05	0.56	-0.66
1.745	-0.12	0.27	-0.52	0.10	0.44	-0.24	-0.21	0.46	-0.89
1.746	-0.16	0.29	-0.61	0.09	0.48	-0.29	-0.27	0.47	-1.01
1.747	-0.20	0.26	-0.66	0.05	0.44	-0.34	-0.34	0.42	-1.10
1.748	-0.26	0.20	-0.72	-0.01	0.38	-0.39	-0.44	0.32	-1.20
1.749	-0.18	0.30	-0.66	0.01	0.42	-0.39	-0.30	0.49	-1.09
1.75	-0.08	0.36	-0.52	0.04	0.41	-0.34	-0.15	0.59	-0.88
1.751	-0.10	0.33	-0.53	0.04	0.39	-0.31	-0.17	0.54	-0.89
1.752	0.00	0.43	-0.43	0.12	0.49	-0.25	-0.01	0.71	-0.73
1.753	0.10	0.56	-0.36	0.20	0.59	-0.19	0.15	0.91	-0.62
1.754	0.00	0.45	-0.45	0.14	0.51	-0.24	-0.01	0.74	-0.75
1.755	-0.13	0.34	-0.60	0.04	0.41	-0.33	-0.22	0.55	-1.00
1.756	0.07	0.51	-0.37	0.17	0.55	-0.21	0.10	0.84	-0.63
1.757	0.04	0.47	-0.40	0.13	0.50	-0.24	0.05	0.77	-0.67
1.758	0.07	0.51	-0.36	0.13	0.49	-0.23	0.11	0.83	-0.61
1.759	0.08	0.52	-0.36	0.16	0.51	-0.19	0.12	0.85	-0.61
1.76	0.10	0.52	-0.33	0.15	0.48	-0.18	0.14	0.85	-0.56
1.761	-0.01	0.40	-0.41	0.06	0.37	-0.25	-0.02	0.66	-0.70
1.762	-0.07	0.33	-0.47	0.00	0.31	-0.31	-0.13	0.55	-0.81
1.763	0.08	0.47	-0.32	0.13	0.43	-0.18	0.11	0.79	-0.56
1.764	0.25	0.64	-0.14	0.26	0.56	-0.05	0.39	1.05	-0.28
1.765	0.40	0.80	-0.01	0.36	0.66	0.05	0.62	1.30	-0.06
1.766	0.50	0.90	0.10	0.44	0.75	0.14	0.78	1.47	0.10
1.767	0.57	0.97	0.16	0.51	0.81	0.20	0.89	1.58	0.20
1.768	0.61	1.03	0.20	0.56	0.87	0.25	0.96	1.66	0.27
1.769	0.66	1.07	0.24	0.60	0.91	0.29	1.03	1.73	0.33
1.77	0.67	1.09	0.25	0.61	0.92	0.29	1.05	1.75	0.34
1.771	0.80	1.22	0.38	0.67	0.98	0.35	1.24	1.95	0.54
1.772	0.84	1.27	0.41	0.72	1.04	0.41	1.31	2.02	0.59
1.773	1.03	1.51	0.55	0.84	1.16	0.51	1.60	2.38	0.81
1.774	1.07	1.54	0.59	0.86	1.18	0.53	1.65	2.44	0.87
1.775	1.08	1.54	0.62	0.87	1.18	0.55	1.67	2.43	0.92
1.776	1.11	1.56	0.67	0.89	1.20	0.58	1.72	2.46	0.98
1.777	1.10	1.54	0.66	0.89	1.21	0.57	1.70	2.44	0.97
1.778	1.14	1.61	0.66	0.92	1.26	0.59	1.76	2.53	0.98
1.779	1.07	1.52	0.61	0.86	1.18	0.54	1.65	2.41	0.90
1.78	0.91	1.32	0.50	0.75	1.06	0.44	1.42	2.11	0.73
1.781	0.79	1.20	0.38	0.67	0.98	0.36	1.23	1.92	0.54
1.782	0.66	1.06	0.26	0.58	0.89	0.27	1.03	1.71	0.36
1.783	0.61	1.01	0.20	0.56	0.87	0.25	0.95	1.64	0.26
1.784	0.54	0.95	0.14	0.52	0.83	0.21	0.85	1.54	0.17
1.785	0.42	0.84	0.01	0.45	0.76	0.14	0.67	1.36	-0.02
1.786	0.33	0.75	-0.09	0.39	0.71	0.08	0.52	1.23	-0.18
1.787	0.22	0.64	-0.21	0.33	0.65	0.00	0.34	1.05	-0.38
1.788	0.02	0.45	-0.40	0.20	0.53	-0.12	0.03	0.74	-0.68
1.789	-0.12	0.31	-0.55	0.11	0.44	-0.22	-0.20	0.52	-0.92
1.79	-0.15	0.30	-0.60	0.12	0.46	-0.22	-0.25	0.50	-1.00
1.791	-0.06	0.44	-0.56	0.14	0.50	-0.22	-0.11	0.71	-0.92
1.792	-0.23	0.28	-0.74	0.08	0.45	-0.29	-0.38	0.45	-1.22
1.793	-0.21	0.29	-0.70	0.11	0.48	-0.26	-0.34	0.46	-1.15
1.794	-0.20	0.29	-0.69	0.12	0.50	-0.25	-0.34	0.46	-1.14
1.795	-0.07	0.38	-0.52	0.20	0.56	-0.16	-0.12	0.63	-0.87
1.796	-0.02	0.43	-0.47	0.25	0.60	-0.10	-0.05	0.70	-0.79
1.797	-0.14	0.33	-0.61	0.18	0.54	-0.17	-0.24	0.53	-1.01
1.798	-0.15	0.33	-0.63	0.18	0.55	-0.18	-0.25	0.54	-1.05
1.799	-0.09	0.41	-0.60	0.21	0.58	-0.15	-0.16	0.66	-0.98
1.8	0.09	0.52	-0.34	0.24	0.59	-0.12	0.13	0.85	-0.59
1.801	0.22	0.62	-0.17	0.30	0.64	-0.04	0.35	1.02	-0.32
1.802	0.31	0.74	-0.11	0.39	0.72	0.07	0.49	1.20	-0.22
1.803	0.42	0.85	-0.01	0.47	0.79	0.15	0.66	1.38	-0.05
1.804	0.34	0.77	-0.08	0.43	0.75	0.11	0.54	1.25	-0.17
1.805	0.43	0.85	0.01	0.48	0.80	0.16	0.68	1.38	-0.03
1.806	0.47	0.89	0.05	0.50	0.82	0.18	0.74	1.45	0.04
1.807	0.47	0.89	0.05	0.48	0.80	0.16	0.74	1.45	0.03
1.808	0.51	0.94	0.07	0.49	0.82	0.17	0.80	1.52	0.07
1.809	0.54	0.99	0.08	0.50	0.84	0.16	0.85	1.60	0.09
1.81	0.65	1.11	0.19	0.58	0.92	0.24	1.02	1.78	0.26
1.811	0.57	1.02	0.12	0.52	0.85	0.18	0.89	1.64	0.15
1.812	0.62	1.08	0.17	0.52	0.86	0.19	0.98	1.74	0.23
1.813	0.43	0.88	-0.02	0.47	0.80	0.13	0.68	1.42	-0.07
1.814	0.41	0.88	-0.05	0.45	0.79	0.12	0.65	1.42	-0.12
1.815	0.36	0.82	-0.10	0.42	0.76	0.08	0.57	1.33	-0.19
1.816	0.27	0.72	-0.18	0.38	0.72	0.05	0.42	1.16	-0.33
1.817	0.10	0.54	-0.33	0.28	0.61	-0.06	0.16	0.88	-0.57
1.818	0.00	0.45	-0.45	0.21	0.56	-0.13	-0.01	0.73	-0.76
1.819	0.13	0.55	-0.29	0.29	0.63	-0.04	0.20	0.90	-0.51
1.82	0.24	0.67	-0.19	0.37	0.70	0.04	0.38	1.09	-0.33
1.821	0.33	0.77	-0.12	0.42	0.75	0.09	0.51	1.25	-0.22
1.822	0.56	1.01	0.10	0.55	0.88	0.22	0.87	1.62	0.12
1.823	0.60	1.04	0.17	0.59	0.92	0.26	0.94	1.67	0.22
1.824	0.65	1.07	0.23	0.62	0.95	0.30	1.02	1.72	0.32
1.825	0.70	1.09	0.32	0.66	0.98	0.35	1.10	1.75	0.45
1.826	0.73	1.11	0.35	0.72	1.03	0.41	1.14	1.80	0.49
1.827	0.85	1.25	0.46	0.81	1.13	0.49	1.33	2.00	0.66
1.828	0.90	1.35	0.46	0.86	1.20	0.51	1.40	2.14	0.67
1.829	0.74	1.12	0.37	0.72	1.04	0.40	1.16	1.81	0.52
1.83	0.95	1.41	0.50	0.88	1.23	0.53	1.48	2.24	0.72
1.831	0.90	1.34	0.46	0.85	1.19	0.52	1.40	2.13	0.67
1.832	0.92	1.34	0.51	0.85	1.17	0.52	1.43	2.13	0.74
1.833	0.65	1.05	0.24	0.68	1.00	0.36	1.01	1.70	0.33
1.834	0.68	1.08	0.27	0.73	1.04	0.42	1.06	1.75	0.37
1.835	0.70	1.11	0.29	0.76	1.07	0.45	1.10	1.79	0.41
1.836	0.61	1.03	0.20	0.69	1.00	0.38	0.96	1.66	0.27
1.837	0.54	0.97	0.11	0.64	0.96	0.33	0.85	1.56	0.13
1.838	0.65	1.07	0.23	0.66	0.98	0.34	1.02	1.73	0.31
1.839	0.77	1.19	0.34	0.75	1.07	0.43	1.20	1.91	0.48
1.84	0.74	1.18	0.30	0.73	1.06	0.40	1.15	1.88	0.42
1.841	0.73	1.17	0.29	0.72	1.05	0.38	1.14	1.87	0.41
1.842	0.78	1.22	0.34	0.75	1.09	0.41	1.22	1.96	0.48
1.843	0.95	1.36	0.55	0.86	1.18	0.53	1.48	2.17	0.80
1.844	1.14	1.52	0.75	0.97	1.29	0.65	1.76	2.41	1.10
1.845	1.10	1.48	0.72	1.00	1.31	0.68	1.70	2.36	1.05
1.846	1.12	1.50	0.74	1.00	1.32	0.68	1.73	2.38	1.08
1.847	1.03	1.39	0.66	0.94	1.25	0.63	1.59	2.22	0.97
1.848	0.89	1.24	0.55	0.89	1.19	0.58	1.39	1.99	0.79
1.849	0.86	1.21	0.51	0.82	1.12	0.52	1.33	1.94	0.73
1.85	0.66	1.02	0.30	0.77	1.07	0.46	1.03	1.65	0.40
1.851	0.66	1.01	0.31	0.71	1.02	0.40	1.03	1.64	0.43
1.852	0.54	0.88	0.20	0.63	0.94	0.31	0.84	1.44	0.25
1.853	0.45	0.80	0.11	0.58	0.90	0.25	0.71	1.31	0.11
1.854	0.40	0.77	0.04	0.55	0.88	0.21	0.63	1.26	0.00
1.855	0.43	0.76	0.09	0.58	0.90	0.26	0.67	1.26	0.08
1.856	0.28	0.59	-0.04	0.49	0.82	0.16	0.43	1.00	-0.14
1.857	0.18	0.51	-0.14	0.44	0.78	0.11	0.28	0.86	-0.29
1.858	0.12	0.45	-0.21	0.41	0.75	0.07	0.18	0.77	-0.40
1.859	0.16	0.54	-0.22	0.40	0.75	0.05	0.24	0.89	-0.40
1.86	0.13	0.50	-0.24	0.40	0.75	0.05	0.19	0.83	-0.44
1.861	-0.02	0.34	-0.38	0.32	0.67	-0.04	-0.04	0.58	-0.66
1.862	0.02	0.37	-0.33	0.37	0.71	0.02	0.02	0.62	-0.59
1.863	0.05	0.41	-0.30	0.39	0.73	0.04	0.08	0.69	-0.54
1.864	0.20	0.58	-0.18	0.49	0.83	0.14	0.32	0.97	-0.33
1.865	0.24	0.64	-0.16	0.50	0.84	0.15	0.38	1.05	-0.30
1.866	0.28	0.72	-0.15	0.53	0.88	0.17	0.45	1.17	-0.28
1.867	0.34	0.77	-0.09	0.57	0.92	0.22	0.53	1.25	-0.19
1.868	0.43	0.88	-0.02	0.59	0.95	0.24	0.68	1.43	-0.07
1.869	0.48	0.94	0.03	0.66	1.02	0.30	0.76	1.52	0.00
1.87	0.53	0.95	0.11	0.68	1.02	0.33	0.83	1.53	0.13
1.871	0.49	0.88	0.11	0.64	0.98	0.30	0.77	1.43	0.11
1.872	0.59	0.98	0.21	0.70	1.04	0.37	0.93	1.59	0.28
1.873	0.68	1.07	0.30	0.75	1.09	0.42	1.07	1.72	0.41
1.874	0.98	1.38	0.58	0.78	1.12	0.44	1.52	2.19	0.84
1.875	0.78	1.18	0.37	0.81	1.15	0.46	1.21	1.90	0.53
1.876	0.80	1.22	0.38	0.82	1.16	0.48	1.25	1.95	0.55
1.877	0.68	1.10	0.26	0.79	1.13	0.45	1.06	1.76	0.35
1.878	0.77	1.20	0.33	0.86	1.20	0.51	1.20	1.93	0.47
1.879	0.79	1.20	0.37	0.88	1.22	0.54	1.23	1.93	0.53
1.88	0.71	1.10	0.32	0.82	1.15	0.49	1.11	1.77	0.45
1.881	0.71	1.08	0.34	0.82	1.15	0.50	1.12	1.75	0.48
1.882	0.68	1.06	0.29	0.87	1.20	0.54	1.06	1.72	0.40
1.883	0.71	1.13	0.29	0.91	1.25	0.57	1.12	1.82	0.41
1.884	0.61	1.00	0.21	0.83	1.17	0.49	0.95	1.62	0.28
1.885	0.71	1.09	0.33	0.85	1.18	0.52	1.11	1.77	0.46
1.886	0.70	1.09	0.31	0.85	1.18	0.51	1.10	1.76	0.43
1.887	0.78	1.20	0.37	0.85	1.18	0.51	1.22	1.92	0.53
1.888	0.71	1.11	0.31	0.85	1.19	0.51	1.11	1.79	0.43
1.889	0.72	1.12	0.32	0.85	1.19	0.52	1.13	1.81	0.45
1.89	0.72	1.12	0.31	0.85	1.19	0.51	1.12	1.81	0.43
1.891	0.64	1.04	0.25	0.80	1.14	0.46	1.01	1.68	0.34
1.892	0.60	0.99	0.21	0.77	1.10	0.43	0.94	1.61	0.28
1.893	0.57	0.96	0.19	0.75	1.08	0.41	0.90	1.56	0.25
1.894	0.68	1.03	0.32	0.71	1.04	0.38	1.06	1.68	0.44
1.895	0.59	0.95	0.24	0.70	1.03	0.37	0.93	1.55	0.31
1.896	0.64	1.00	0.27	0.69	1.02	0.36	1.00	1.62	0.37
1.897	0.51	0.88	0.14	0.64	0.97	0.31	0.80	1.44	0.16
1.898	0.37	0.76	-0.02	0.57	0.91	0.24	0.59	1.25	-0.07
1.899	0.64	1.09	0.20	0.66	1.01	0.30	1.01	1.75	0.26
1.9	0.55	1.03	0.07	0.60	0.97	0.24	0.87	1.66	0.08
1.901	0.55	1.02	0.07	0.58	0.95	0.22	0.86	1.64	0.08
1.902	0.47	0.94	0.00	0.53	0.90	0.17	0.74	1.51	-0.04
1.903	0.53	0.99	0.08	0.51	0.87	0.14	0.84	1.59	0.09
1.904	0.58	1.03	0.13	0.53	0.89	0.16	0.91	1.65	0.17
1.905	0.54	0.99	0.09	0.54	0.91	0.17	0.84	1.59	0.10
1.906	0.57	1.06	0.09	0.56	0.93	0.19	0.90	1.69	0.11
1.907	0.68	1.15	0.20	0.62	0.98	0.25	1.06	1.84	0.28
1.908	0.74	1.18	0.30	0.68	1.05	0.31	1.16	1.89	0.42
1.909	0.76	1.25	0.27	0.67	1.04	0.29	1.19	2.00	0.38
1.91	0.95	1.46	0.45	0.67	1.06	0.29	1.48	2.30	0.65
1.911	0.93	1.43	0.43	0.68	1.06	0.30	1.44	2.26	0.63
1.912	0.91	1.41	0.40	0.67	1.05	0.29	1.41	2.24	0.59
1.913	0.89	1.40	0.38	0.67	1.05	0.29	1.38	2.21	0.55
1.914	0.77	1.29	0.26	0.67	1.05	0.28	1.21	2.04	0.37
1.915	0.81	1.32	0.30	0.64	1.02	0.27	1.26	2.09	0.44
1.916	0.84	1.33	0.35	0.66	1.03	0.29	1.31	2.11	0.51
1.917	0.92	1.41	0.44	0.72	1.09	0.35	1.44	2.23	0.64
1.918	1.01	1.49	0.53	0.78	1.15	0.41	1.56	2.35	0.77
1.919	1.01	1.48	0.55	0.78	1.14	0.42	1.57	2.34	0.80
1.92	1.02	1.49	0.56	0.79	1.15	0.43	1.59	2.35	0.82
1.921	1.07	1.52	0.62	0.82	1.17	0.46	1.65	2.40	0.91
1.922	1.09	1.51	0.67	0.81	1.17	0.46	1.69	2.39	0.98
1.923	1.20	1.61	0.80	0.89	1.24	0.54	1.85	2.54	1.17
1.924	1.24	1.64	0.84	0.93	1.28	0.58	1.91	2.59	1.24
1.925	1.18	1.58	0.79	0.93	1.27	0.59	1.82	2.49	1.16
1.926	1.16	1.56	0.77	0.87	1.22	0.53	1.79	2.46	1.12
1.927	1.17	1.56	0.77	0.87	1.22	0.53	1.80	2.47	1.13
1.928	1.17	1.56	0.78	0.85	1.20	0.50	1.81	2.47	1.14
1.929	1.12	1.51	0.72	0.82	1.17	0.47	1.72	2.40	1.05
1.93	1.15	1.55	0.76	0.83	1.18	0.47	1.78	2.45	1.11
1.931	1.25	1.64	0.85	0.88	1.24	0.52	1.92	2.59	1.25
1.932	1.28	1.69	0.88	0.89	1.25	0.53	1.97	2.65	1.28
1.933	1.18	1.63	0.72	0.91	1.28	0.54	1.82	2.57	1.06
1.934	1.26	1.67	0.85	0.88	1.24	0.52	1.94	2.63	1.25
1.935	1.18	1.58	0.77	0.83	1.18	0.48	1.82	2.50	1.13
1.936	1.03	1.43	0.63	0.78	1.14	0.43	1.60	2.27	0.92
1.937	1.00	1.42	0.59	0.73	1.09	0.37	1.56	2.26	0.86
1.938	1.05	1.44	0.66	0.76	1.12	0.40	1.63	2.29	0.97
1.939	1.06	1.46	0.65	0.78	1.13	0.42	1.63	2.32	0.95
1.94	1.06	1.46	0.66	0.77	1.13	0.41	1.64	2.32	0.96
1.941	0.79	1.20	0.38	0.61	0.97	0.25	1.23	1.93	0.54
1.942	0.76	1.17	0.36	0.61	0.97	0.25	1.19	1.88	0.51
1.943	0.70	1.10	0.29	0.57	0.93	0.21	1.09	1.78	0.41
1.944	0.59	0.99	0.19	0.50	0.86	0.14	0.92	1.60	0.25
1.945	0.50	0.89	0.10	0.44	0.80	0.07	0.78	1.46	0.11
1.946	0.41	0.81	0.01	0.38	0.75	0.00	0.64	1.33	-0.04
1.947	0.32	0.73	-0.10	0.31	0.70	-0.07	0.50	1.19	-0.20
1.948	0.32	0.73	-0.09	0.30	0.69	-0.08	0.50	1.19	-0.19
1.949	0.28	0.66	-0.11	0.25	0.63	-0.12	0.43	1.09	-0.23
1.95	0.14	0.52	-0.23	0.19	0.55	-0.17	0.22	0.87	-0.42
1.951	0.15	0.50	-0.20	0.17	0.52	-0.17	0.24	0.85	-0.37
1.952	0.20	0.53	-0.14	0.18	0.52	-0.15	0.31	0.90	-0.28
1.953	0.30	0.65	-0.06	0.24	0.56	-0.09	0.47	1.09	-0.15
1.954	0.34	0.72	-0.03	0.26	0.58	-0.07	0.54	1.18	-0.10
1.955	0.39	0.78	0.00	0.27	0.61	-0.06	0.61	1.28	-0.06
1.956	0.36	0.77	-0.04	0.28	0.62	-0.06	0.57	1.26	-0.11
1.957	0.24	0.67	-0.20	0.35	0.68	0.01	0.37	1.10	-0.36
1.958	0.31	0.75	-0.13	0.41	0.75	0.07	0.49	1.22	-0.24
1.959	0.37	0.82	-0.08	0.44	0.79	0.09	0.58	1.34	-0.17
1.96	0.46	0.94	-0.02	0.51	0.89	0.14	0.73	1.52	-0.07
1.961	0.61	1.11	0.11	0.63	1.02	0.24	0.96	1.77	0.14
1.962	0.74	1.27	0.22	0.73	1.15	0.32	1.16	2.01	0.32
1.963	0.81	1.29	0.34	0.74	1.13	0.35	1.27	2.05	0.49
1.964	0.79	1.26	0.33	0.71	1.08	0.35	1.24	2.01	0.47
1.965	0.77	1.19	0.35	0.65	1.00	0.31	1.20	1.90	0.50
1.966	0.70	1.12	0.28	0.60	0.93	0.26	1.10	1.80	0.40
1.967	0.72	1.16	0.28	0.59	0.92	0.25	1.13	1.87	0.40
1.968	0.69	1.15	0.23	0.55	0.89	0.20	1.09	1.85	0.33
1.969	0.67	1.14	0.20	0.50	0.86	0.15	1.05	1.82	0.28
1.97	0.69	1.16	0.23	0.53	0.87	0.18	1.09	1.85	0.33
1.971	0.76	1.21	0.31	0.59	0.92	0.26	1.19	1.93	0.45
1.972	0.86	1.28	0.44	0.65	0.98	0.33	1.34	2.05	0.63
1.973	0.91	1.33	0.49	0.67	0.99	0.35	1.41	2.12	0.71
1.974	1.00	1.44	0.56	0.74	1.06	0.42	1.55	2.28	0.82
1.975	1.07	1.50	0.64	0.79	1.11	0.46	1.65	2.37	0.93
1.976	1.09	1.50	0.68	0.79	1.11	0.47	1.69	2.38	0.99
1.977	1.10	1.50	0.71	0.79	1.10	0.47	1.71	2.38	1.04
1.978	1.08	1.47	0.69	0.76	1.07	0.44	1.67	2.33	1.01
1.979	1.07	1.45	0.70	0.73	1.04	0.42	1.66	2.31	1.02
1.98	1.09	1.46	0.72	0.73	1.04	0.41	1.69	2.33	1.05
1.981	1.12	1.49	0.76	0.74	1.05	0.43	1.74	2.37	1.11
1.982	1.15	1.51	0.80	0.76	1.07	0.45	1.78	2.40	1.16
1.983	1.18	1.53	0.83	0.77	1.08	0.47	1.82	2.43	1.21
1.984	1.09	1.45	0.73	0.70	1.02	0.39	1.69	2.31	1.06
1.985	1.07	1.42	0.71	0.69	1.01	0.38	1.65	2.27	1.03
1.986	1.02	1.38	0.67	0.67	0.98	0.36	1.59	2.20	0.98
1.987	1.06	1.40	0.71	0.69	1.00	0.39	1.64	2.24	1.04
1.988	1.10	1.44	0.75	0.72	1.03	0.41	1.69	2.30	1.09
1.989	1.08	1.44	0.73	0.72	1.03	0.40	1.68	2.30	1.06
1.99	1.03	1.39	0.66	0.73	1.05	0.41	1.59	2.22	0.96
1.991	1.15	1.52	0.77	0.76	1.09	0.43	1.77	2.42	1.13
1.992	1.08	1.47	0.69	0.70	1.03	0.37	1.68	2.34	1.01
1.993	0.97	1.38	0.57	0.67	1.00	0.33	1.51	2.20	0.83
1.994	1.01	1.43	0.58	0.63	0.97	0.28	1.56	2.28	0.84
1.995	0.84	1.26	0.41	0.59	0.94	0.25	1.30	2.01	0.60
1.996	0.82	1.26	0.38	0.56	0.90	0.21	1.28	2.01	0.55
1.997	0.90	1.34	0.46	0.62	0.97	0.27	1.40	2.14	0.67
1.998	0.97	1.42	0.53	0.67	1.01	0.32	1.51	2.25	0.77
1.999	0.83	1.27	0.40	0.56	0.90	0.22	1.30	2.02	0.58
2	0.82	1.23	0.41	0.57	0.90	0.24	1.28	1.97	0.59
2.001	0.83	1.23	0.42	0.59	0.92	0.27	1.29	1.98	0.61
2.002	0.81	1.19	0.42	0.59	0.91	0.28	1.26	1.92	0.60
2.003	0.84	1.22	0.46	0.62	0.93	0.30	1.31	1.96	0.67
2.004	0.78	1.14	0.42	0.56	0.88	0.25	1.22	1.84	0.60
2.005	0.70	1.06	0.33	0.55	0.87	0.22	1.09	1.72	0.47
2.006	0.69	1.06	0.32	0.53	0.86	0.20	1.09	1.72	0.45
2.007	0.70	1.09	0.32	0.54	0.88	0.20	1.10	1.76	0.45
2.008	0.71	1.10	0.31	0.54	0.89	0.19	1.11	1.78	0.43
2.009	0.72	1.12	0.31	0.56	0.92	0.20	1.12	1.80	0.44
2.01	0.83	1.24	0.42	0.64	1.00	0.28	1.30	1.99	0.61
2.011	0.93	1.35	0.51	0.70	1.06	0.34	1.44	2.15	0.74
2.012	0.95	1.37	0.53	0.73	1.10	0.37	1.47	2.18	0.77
2.013	0.98	1.40	0.56	0.78	1.15	0.42	1.53	2.23	0.82
2.014	0.91	1.32	0.50	0.76	1.12	0.40	1.41	2.10	0.72
2.015	1.01	1.43	0.59	0.79	1.15	0.43	1.57	2.27	0.86
2.016	1.03	1.45	0.61	0.86	1.22	0.50	1.60	2.30	0.90
2.017	1.13	1.58	0.68	0.89	1.26	0.52	1.74	2.49	1.00
2.018	1.03	1.48	0.57	0.89	1.26	0.52	1.59	2.35	0.84
2.019	1.14	1.56	0.72	0.96	1.31	0.61	1.76	2.46	1.06
2.02	1.24	1.64	0.83	0.97	1.31	0.63	1.90	2.59	1.22
2.021	1.14	1.56	0.72	0.97	1.31	0.64	1.76	2.46	1.05
2.022	1.10	1.57	0.64	0.95	1.29	0.61	1.71	2.47	0.95
2.023	1.20	1.67	0.74	1.01	1.35	0.68	1.85	2.62	1.09
2.024	1.23	1.67	0.80	1.03	1.35	0.71	1.90	2.62	1.17
2.025	1.22	1.64	0.79	1.02	1.33	0.70	1.88	2.59	1.16
2.026	1.15	1.56	0.74	0.98	1.29	0.67	1.78	2.47	1.09
2.027	1.21	1.64	0.79	1.03	1.34	0.72	1.87	2.58	1.15
2.028	1.12	1.53	0.72	0.98	1.29	0.68	1.73	2.42	1.05
2.029	1.02	1.41	0.63	0.93	1.24	0.63	1.58	2.24	0.92
2.03	0.92	1.29	0.56	0.90	1.20	0.59	1.44	2.07	0.81
2.031	0.90	1.26	0.53	0.88	1.19	0.57	1.40	2.03	0.76
2.032	0.84	1.19	0.48	0.85	1.16	0.54	1.30	1.92	0.69
2.033	0.95	1.38	0.53	0.89	1.21	0.58	1.48	2.19	0.77
2.034	0.90	1.32	0.49	0.87	1.19	0.56	1.40	2.10	0.70
2.035	0.85	1.26	0.43	0.85	1.17	0.54	1.32	2.02	0.63
2.036	0.93	1.32	0.53	0.87	1.18	0.55	1.44	2.11	0.77
2.037	0.91	1.32	0.51	0.87	1.19	0.55	1.42	2.10	0.74
2.038	0.90	1.31	0.50	0.87	1.20	0.55	1.41	2.09	0.72
2.039	0.94	1.37	0.52	0.88	1.21	0.56	1.46	2.17	0.76
2.04	0.90	1.32	0.49	0.86	1.19	0.54	1.41	2.10	0.71
2.041	0.82	1.23	0.42	0.83	1.16	0.50	1.28	1.97	0.60
2.042	0.91	1.35	0.47	0.80	1.13	0.47	1.42	2.14	0.69
2.043	0.74	1.14	0.33	0.76	1.09	0.43	1.15	1.84	0.46
2.044	0.78	1.20	0.36	0.76	1.09	0.43	1.22	1.92	0.51
2.045	0.80	1.23	0.36	0.76	1.10	0.42	1.24	1.97	0.52
2.046	0.81	1.26	0.37	0.77	1.12	0.43	1.27	2.01	0.53
2.047	0.88	1.33	0.43	0.82	1.16	0.48	1.37	2.12	0.62
2.048	0.91	1.37	0.46	0.85	1.20	0.51	1.42	2.17	0.67
2.049	0.94	1.39	0.49	0.87	1.22	0.51	1.46	2.20	0.71
2.05	0.94	1.41	0.47	0.84	1.21	0.48	1.46	2.24	0.69
2.051	0.86	1.33	0.38	0.83	1.21	0.46	1.34	2.12	0.55
2.052	0.90	1.38	0.41	0.83	1.21	0.45	1.39	2.19	0.59
2.053	0.88	1.35	0.41	0.83	1.21	0.45	1.37	2.15	0.60
2.054	0.86	1.34	0.37	0.81	1.20	0.42	1.33	2.13	0.54
2.055	0.79	1.28	0.30	0.75	1.15	0.36	1.23	2.04	0.43
2.056	0.76	1.25	0.26	0.72	1.12	0.33	1.18	1.99	0.37
2.057	0.69	1.21	0.18	0.67	1.07	0.27	1.08	1.93	0.24
2.058	0.66	1.17	0.15	0.63	1.03	0.24	1.03	1.87	0.20
2.059	0.63	1.14	0.11	0.59	0.99	0.20	0.98	1.81	0.15
2.06	0.56	1.07	0.06	0.53	0.93	0.14	0.88	1.70	0.06
2.061	0.44	0.95	-0.06	0.45	0.84	0.05	0.70	1.52	-0.13
2.062	0.41	0.91	-0.09	0.41	0.81	0.02	0.65	1.46	-0.17
2.063	0.41	0.89	-0.08	0.40	0.78	0.01	0.64	1.43	-0.16
2.064	0.27	0.74	-0.20	0.28	0.67	-0.10	0.43	1.20	-0.35
2.065	0.13	0.60	-0.35	0.17	0.55	-0.22	0.19	0.97	-0.58
2.066	-0.05	0.41	-0.52	0.03	0.41	-0.35	-0.10	0.67	-0.86
2.067	-0.26	0.22	-0.73	-0.12	0.27	-0.51	-0.43	0.35	-1.21
2.068	-0.22	0.22	-0.66	-0.10	0.26	-0.47	-0.38	0.35	-1.11
2.069	-0.36	0.09	-0.82	-0.21	0.18	-0.60	-0.61	0.15	-1.36
2.07	-0.36	0.08	-0.79	-0.21	0.16	-0.59	-0.59	0.14	-1.32
2.071	-0.34	0.09	-0.77	-0.22	0.15	-0.58	-0.58	0.14	-1.29
2.072	-0.44	0.00	-0.89	-0.28	0.09	-0.66	-0.74	0.00	-1.48
2.073	-0.47	-0.01	-0.92	-0.30	0.07	-0.67	-0.78	-0.03	-1.54
2.074	-0.30	0.16	-0.76	-0.27	0.10	-0.63	-0.51	0.25	-1.26
2.075	-0.42	0.00	-0.84	-0.22	0.13	-0.58	-0.70	0.00	-1.40
2.076	-0.27	0.16	-0.69	-0.19	0.16	-0.53	-0.45	0.27	-1.16
2.077	-0.28	0.14	-0.70	-0.20	0.14	-0.55	-0.47	0.23	-1.17
2.078	-0.12	0.30	-0.53	-0.14	0.19	-0.47	-0.20	0.51	-0.90
2.079	-0.18	0.21	-0.57	-0.11	0.22	-0.44	-0.30	0.36	-0.96
2.08	-0.12	0.27	-0.52	-0.07	0.26	-0.39	-0.21	0.46	-0.88
2.081	-0.09	0.31	-0.49	-0.04	0.29	-0.37	-0.15	0.52	-0.83
2.082	-0.10	0.29	-0.50	-0.06	0.28	-0.40	-0.18	0.49	-0.85
2.083	-0.06	0.32	-0.45	-0.03	0.31	-0.37	-0.11	0.55	-0.77
2.084	-0.03	0.35	-0.41	0.00	0.33	-0.33	-0.05	0.60	-0.70
2.085	0.00	0.38	-0.38	0.03	0.36	-0.31	-0.01	0.64	-0.65
2.086	0.05	0.43	-0.33	0.08	0.41	-0.26	0.07	0.72	-0.58
2.087	0.15	0.53	-0.23	0.14	0.47	-0.19	0.24	0.88	-0.41
2.088	0.28	0.66	-0.10	0.22	0.55	-0.12	0.44	1.09	-0.21
2.089	0.32	0.70	-0.06	0.24	0.58	-0.11	0.50	1.15	-0.15
2.09	0.29	0.69	-0.12	0.26	0.61	-0.09	0.45	1.13	-0.23
2.091	0.43	0.82	0.04	0.35	0.69	0.00	0.68	1.34	0.02
2.092	0.47	0.88	0.07	0.38	0.74	0.03	0.74	1.43	0.06
2.093	0.47	0.88	0.05	0.38	0.74	0.02	0.73	1.43	0.04
2.094	0.51	0.90	0.11	0.38	0.74	0.03	0.80	1.47	0.13
2.095	0.50	0.91	0.10	0.39	0.75	0.03	0.79	1.47	0.11
2.096	0.46	0.88	0.04	0.36	0.72	0.00	0.72	1.42	0.02
2.097	0.39	0.86	-0.07	0.34	0.71	-0.04	0.62	1.38	-0.15
2.098	0.40	0.86	-0.05	0.35	0.72	-0.02	0.64	1.39	-0.12
2.099	0.47	0.91	0.03	0.40	0.76	0.04	0.74	1.47	0.01
2.1	0.43	0.83	0.02	0.38	0.73	0.03	0.67	1.36	-0.01
2.101	0.46	0.87	0.05	0.31	0.65	-0.04	0.72	1.42	0.03
2.102	0.43	0.84	0.02	0.29	0.63	-0.05	0.67	1.37	-0.02
2.103	0.45	0.86	0.04	0.31	0.64	-0.03	0.71	1.40	0.02
2.104	0.46	0.86	0.06	0.31	0.64	-0.01	0.72	1.40	0.04
2.105	0.47	0.87	0.08	0.33	0.65	0.01	0.74	1.41	0.07
2.106	0.51	0.90	0.11	0.36	0.68	0.04	0.79	1.47	0.12
2.107	0.43	0.84	0.02	0.31	0.64	-0.02	0.67	1.37	-0.02
2.108	0.49	0.89	0.08	0.36	0.68	0.03	0.77	1.45	0.08
2.109	0.56	0.96	0.15	0.43	0.75	0.11	0.87	1.56	0.19
2.11	0.64	1.03	0.25	0.49	0.81	0.18	1.00	1.67	0.33
2.111	0.64	1.04	0.24	0.48	0.80	0.16	1.00	1.68	0.33
2.112	0.76	1.16	0.36	0.57	0.89	0.25	1.18	1.86	0.50
2.113	0.74	1.12	0.35	0.56	0.87	0.25	1.15	1.81	0.50
2.114	0.76	1.15	0.37	0.57	0.88	0.25	1.19	1.85	0.53
2.115	0.75	1.15	0.36	0.59	0.92	0.27	1.18	1.86	0.50
2.116	0.65	1.05	0.25	0.49	0.81	0.16	1.02	1.70	0.34
2.117	0.66	1.08	0.24	0.50	0.83	0.17	1.03	1.73	0.32
2.118	0.69	1.11	0.27	0.54	0.87	0.20	1.08	1.78	0.38
2.119	0.71	1.13	0.29	0.56	0.89	0.22	1.11	1.82	0.41
2.12	0.75	1.17	0.33	0.59	0.93	0.26	1.17	1.87	0.47
2.121	0.84	1.25	0.44	0.68	1.01	0.35	1.32	2.00	0.63
2.122	0.92	1.32	0.52	0.74	1.07	0.41	1.43	2.11	0.75
2.123	0.99	1.39	0.59	0.80	1.13	0.48	1.53	2.21	0.86
2.124	0.99	1.38	0.60	0.82	1.15	0.49	1.53	2.20	0.87
2.125	0.95	1.32	0.59	0.79	1.11	0.47	1.48	2.11	0.85
2.126	0.92	1.26	0.58	0.77	1.09	0.45	1.43	2.02	0.83
2.127	1.01	1.36	0.66	0.85	1.17	0.52	1.57	2.18	0.95
2.128	1.13	1.50	0.76	0.94	1.27	0.60	1.75	2.38	1.11
2.129	1.24	1.62	0.85	1.02	1.36	0.67	1.90	2.56	1.25
2.13	1.38	1.74	1.01	1.11	1.46	0.76	2.11	2.73	1.48
2.131	1.44	1.83	1.05	1.18	1.53	0.82	2.20	2.87	1.54
2.132	1.48	1.87	1.09	1.21	1.57	0.85	2.25	2.92	1.59
2.133	1.48	1.89	1.07	1.24	1.60	0.87	2.26	2.95	1.57
2.134	1.51	1.94	1.08	1.26	1.64	0.89	2.30	3.02	1.59
2.135	1.46	1.91	1.02	1.25	1.64	0.86	2.24	2.97	1.51
2.136	1.39	1.84	0.94	1.18	1.56	0.79	2.13	2.87	1.38
2.137	1.45	1.92	0.99	1.22	1.61	0.83	2.22	2.99	1.45
2.138	1.51	2.00	1.03	1.26	1.65	0.86	2.31	3.11	1.51
2.139	1.49	1.96	1.02	1.24	1.62	0.85	2.28	3.05	1.50
2.14	1.37	1.83	0.91	1.15	1.53	0.77	2.10	2.86	1.34
2.141	1.19	1.64	0.74	1.02	1.40	0.64	1.84	2.58	1.09
2.142	1.01	1.48	0.54	0.90	1.29	0.52	1.57	2.35	0.80
2.143	0.87	1.35	0.38	0.80	1.19	0.41	1.35	2.14	0.56
2.144	0.70	1.19	0.20	0.68	1.09	0.28	1.09	1.90	0.28
2.145	0.47	0.96	-0.01	0.61	1.02	0.21	0.75	1.54	-0.05
2.146	0.41	0.90	-0.08	0.58	0.98	0.17	0.65	1.45	-0.15
2.147	0.32	0.80	-0.16	0.52	0.93	0.12	0.51	1.30	-0.28
2.148	0.32	0.80	-0.16	0.53	0.93	0.13	0.50	1.30	-0.29
2.149	0.33	0.82	-0.17	0.50	0.90	0.09	0.52	1.32	-0.29
2.15	0.24	0.74	-0.26	0.49	0.90	0.08	0.38	1.20	-0.44
2.151	0.18	0.67	-0.30	0.44	0.84	0.05	0.29	1.08	-0.51
2.152	0.01	0.47	-0.45	0.32	0.71	-0.07	0.01	0.77	-0.75
2.153	-0.04	0.41	-0.49	0.29	0.67	-0.09	-0.08	0.67	-0.83
2.154	-0.12	0.33	-0.57	0.23	0.61	-0.15	-0.20	0.54	-0.94
2.155	-0.15	0.30	-0.60	0.20	0.58	-0.19	-0.25	0.49	-0.99
2.156	0.07	0.53	-0.40	0.23	0.61	-0.15	0.10	0.86	-0.67
2.157	0.05	0.53	-0.42	0.24	0.62	-0.15	0.08	0.86	-0.71
2.158	0.21	0.70	-0.28	0.28	0.66	-0.11	0.33	1.13	-0.47
2.159	0.06	0.58	-0.45	0.25	0.65	-0.15	0.09	0.93	-0.74
2.16	0.05	0.55	-0.45	0.22	0.63	-0.19	0.07	0.88	-0.74
2.161	0.13	0.66	-0.40	0.29	0.71	-0.12	0.20	1.06	-0.66
2.162	0.15	0.69	-0.38	0.32	0.74	-0.10	0.24	1.11	-0.63
2.163	0.17	0.70	-0.37	0.35	0.77	-0.07	0.26	1.13	-0.60
2.164	0.24	0.78	-0.29	0.39	0.80	-0.02	0.38	1.25	-0.48
2.165	0.25	0.78	-0.27	0.42	0.83	0.01	0.40	1.25	-0.45
2.166	0.33	0.84	-0.18	0.47	0.87	0.06	0.52	1.35	-0.31
2.167	0.42	0.92	-0.09	0.53	0.93	0.12	0.66	1.48	-0.17
2.168	0.46	0.96	-0.04	0.56	0.96	0.16	0.72	1.54	-0.09
2.169	0.56	1.05	0.07	0.60	1.01	0.20	0.88	1.68	0.08
2.17	0.56	1.07	0.06	0.65	1.05	0.24	0.89	1.71	0.06
2.171	0.62	1.11	0.13	0.68	1.09	0.27	0.97	1.78	0.17
2.172	0.67	1.17	0.17	0.74	1.14	0.33	1.05	1.86	0.23
2.173	0.73	1.22	0.23	0.80	1.20	0.39	1.14	1.95	0.33
2.174	0.79	1.29	0.29	0.85	1.25	0.44	1.23	2.04	0.42
2.175	0.84	1.32	0.35	0.89	1.28	0.49	1.31	2.10	0.51
2.176	0.90	1.38	0.41	0.95	1.33	0.57	1.39	2.19	0.60
2.177	0.97	1.44	0.51	1.02	1.38	0.65	1.51	2.28	0.75
2.178	0.99	1.43	0.56	1.02	1.36	0.69	1.54	2.27	0.82
2.179	0.95	1.37	0.54	1.00	1.32	0.67	1.48	2.19	0.78
2.18	0.85	1.27	0.42	0.94	1.27	0.61	1.32	2.04	0.60
2.181	0.90	1.33	0.47	0.97	1.30	0.63	1.40	2.11	0.68
2.182	1.09	1.48	0.69	1.06	1.37	0.75	1.68	2.35	1.01
2.183	0.97	1.38	0.56	1.02	1.34	0.70	1.51	2.21	0.82
2.184	0.94	1.36	0.52	1.00	1.33	0.67	1.47	2.17	0.77
2.185	0.95	1.36	0.54	0.96	1.28	0.63	1.48	2.17	0.79
2.186	0.96	1.36	0.56	0.94	1.26	0.62	1.49	2.16	0.82
2.187	0.95	1.35	0.55	0.92	1.24	0.59	1.48	2.16	0.81
2.188	0.96	1.34	0.57	0.91	1.23	0.59	1.49	2.15	0.83
2.189	0.92	1.30	0.55	0.86	1.20	0.53	1.43	2.08	0.79
2.19	0.92	1.31	0.53	0.87	1.20	0.53	1.43	2.10	0.77
2.191	0.88	1.28	0.47	0.83	1.16	0.50	1.37	2.05	0.69
2.192	0.96	1.35	0.57	0.88	1.21	0.55	1.49	2.15	0.83
2.193	1.01	1.40	0.61	0.93	1.26	0.60	1.57	2.24	0.90
2.194	0.98	1.39	0.57	0.93	1.27	0.58	1.52	2.21	0.83
2.195	0.89	1.33	0.45	0.89	1.24	0.53	1.39	2.13	0.65
2.196	0.70	1.18	0.23	0.76	1.14	0.38	1.10	1.89	0.32
2.197	0.69	1.13	0.26	0.73	1.11	0.35	1.09	1.82	0.36
2.198	0.61	1.06	0.16	0.67	1.06	0.27	0.95	1.70	0.21
2.199	0.72	1.17	0.28	0.75	1.15	0.35	1.13	1.87	0.39
2.2	0.81	1.27	0.35	0.84	1.25	0.43	1.27	2.03	0.51
2.201	0.92	1.40	0.44	0.93	1.36	0.51	1.43	2.21	0.65
2.202	0.88	1.36	0.41	0.91	1.33	0.49	1.38	2.16	0.60
2.203	0.90	1.36	0.43	0.91	1.33	0.50	1.39	2.16	0.62
2.204	0.97	1.42	0.53	0.96	1.36	0.57	1.51	2.25	0.78
2.205	1.02	1.44	0.60	1.00	1.38	0.62	1.58	2.28	0.87
2.206	1.06	1.48	0.64	1.03	1.40	0.66	1.64	2.34	0.94
2.207	0.99	1.40	0.57	0.98	1.35	0.61	1.53	2.23	0.83
2.208	1.10	1.50	0.69	1.05	1.41	0.69	1.70	2.38	1.01
2.209	1.08	1.48	0.68	1.04	1.39	0.69	1.67	2.34	0.99
2.21	0.95	1.35	0.55	0.92	1.28	0.56	1.48	2.16	0.80
2.211	1.01	1.40	0.62	0.91	1.27	0.55	1.57	2.23	0.90
2.212	1.02	1.41	0.64	0.91	1.27	0.56	1.59	2.25	0.93
2.213	1.03	1.42	0.64	0.91	1.26	0.55	1.59	2.25	0.94
2.214	1.03	1.42	0.65	0.91	1.26	0.55	1.60	2.26	0.94
2.215	0.88	1.29	0.47	0.87	1.23	0.52	1.37	2.07	0.68
2.216	0.88	1.30	0.46	0.83	1.19	0.47	1.37	2.08	0.66
2.217	1.16	1.52	0.80	0.96	1.30	0.61	1.79	2.42	1.17
2.218	1.11	1.50	0.72	0.92	1.26	0.57	1.72	2.38	1.06
2.219	0.96	1.39	0.53	0.88	1.24	0.52	1.49	2.21	0.77
2.22	1.07	1.47	0.66	0.94	1.29	0.59	1.65	2.34	0.97
2.221	1.18	1.57	0.78	1.00	1.34	0.66	1.82	2.49	1.15
2.222	1.02	1.45	0.59	0.92	1.28	0.57	1.58	2.29	0.86
2.223	1.02	1.45	0.59	0.93	1.28	0.58	1.58	2.30	0.87
2.224	1.03	1.46	0.60	0.94	1.29	0.59	1.59	2.31	0.87
2.225	1.08	1.50	0.66	0.97	1.31	0.63	1.67	2.37	0.97
2.226	1.14	1.56	0.73	1.02	1.36	0.69	1.77	2.47	1.07
2.227	1.22	1.62	0.82	1.07	1.41	0.74	1.88	2.56	1.20
2.228	1.39	1.78	1.00	1.16	1.49	0.82	2.13	2.80	1.47
2.229	1.24	1.64	0.85	1.11	1.45	0.77	1.91	2.59	1.24
2.23	1.25	1.62	0.89	1.12	1.46	0.78	1.93	2.56	1.30
2.231	1.27	1.63	0.91	1.12	1.45	0.78	1.96	2.58	1.33
2.232	1.25	1.61	0.90	1.11	1.44	0.77	1.93	2.54	1.31
2.233	1.26	1.61	0.90	1.11	1.44	0.78	1.94	2.55	1.32
2.234	1.17	1.53	0.82	1.07	1.39	0.74	1.81	2.43	1.20
2.235	1.12	1.49	0.76	1.04	1.37	0.71	1.74	2.37	1.11
2.236	1.04	1.42	0.66	1.00	1.34	0.66	1.62	2.26	0.97
2.237	0.96	1.34	0.59	0.94	1.28	0.60	1.50	2.15	0.85
2.238	0.83	1.21	0.45	0.88	1.23	0.54	1.29	1.94	0.64
2.239	0.74	1.12	0.35	0.84	1.19	0.48	1.15	1.81	0.49
2.24	0.75	1.13	0.36	0.84	1.19	0.48	1.17	1.83	0.51
2.241	0.66	1.06	0.26	0.80	1.16	0.44	1.03	1.70	0.35
2.242	0.66	1.07	0.26	0.82	1.19	0.45	1.04	1.73	0.35
2.243	0.63	1.04	0.22	0.80	1.16	0.43	0.98	1.67	0.29
2.244	0.53	0.95	0.12	0.74	1.10	0.37	0.84	1.54	0.14
2.245	0.49	0.91	0.08	0.71	1.08	0.34	0.78	1.47	0.08
2.246	0.55	0.96	0.15	0.70	1.07	0.34	0.87	1.55	0.19
2.247	0.59	0.98	0.20	0.72	1.08	0.37	0.93	1.59	0.26
2.248	0.53	0.92	0.14	0.67	1.02	0.32	0.83	1.49	0.17
2.249	0.55	0.93	0.16	0.69	1.02	0.35	0.86	1.51	0.21
2.25	0.59	0.95	0.22	0.67	1.00	0.34	0.92	1.55	0.29
2.251	0.55	0.93	0.18	0.66	0.98	0.33	0.87	1.51	0.23
2.252	0.66	1.03	0.30	0.72	1.05	0.40	1.04	1.67	0.41
2.253	0.66	1.03	0.29	0.73	1.06	0.41	1.04	1.67	0.40
2.254	0.72	1.09	0.34	0.77	1.10	0.44	1.12	1.76	0.47
2.255	0.75	1.13	0.36	0.80	1.13	0.47	1.17	1.83	0.51
2.256	0.79	1.17	0.41	0.82	1.15	0.50	1.23	1.88	0.58
2.257	0.84	1.22	0.46	0.86	1.18	0.53	1.31	1.97	0.66
2.258	0.85	1.25	0.46	0.87	1.20	0.54	1.33	2.00	0.66
2.259	0.87	1.28	0.47	0.89	1.23	0.55	1.36	2.04	0.68
2.26	0.99	1.37	0.60	0.98	1.31	0.66	1.53	2.19	0.88
2.261	1.10	1.48	0.73	1.07	1.39	0.76	1.71	2.35	1.07
2.262	1.18	1.54	0.82	1.14	1.44	0.84	1.82	2.45	1.20
2.263	1.22	1.58	0.86	1.17	1.47	0.87	1.88	2.50	1.25
2.264	1.23	1.57	0.88	1.20	1.50	0.90	1.89	2.49	1.29
2.265	1.28	1.63	0.93	1.22	1.52	0.92	1.97	2.58	1.35
2.266	1.37	1.74	1.01	1.23	1.53	0.94	2.11	2.73	1.48
2.267	1.42	1.79	1.05	1.22	1.52	0.92	2.17	2.81	1.54
2.268	1.32	1.68	0.96	1.20	1.50	0.90	2.03	2.65	1.40
2.269	1.32	1.67	0.96	1.19	1.49	0.90	2.02	2.63	1.41
2.27	1.35	1.69	1.00	1.21	1.51	0.92	2.07	2.66	1.47
2.271	1.28	1.63	0.94	1.18	1.48	0.88	1.97	2.57	1.37
2.272	1.22	1.56	0.87	1.14	1.44	0.84	1.87	2.48	1.27
2.273	1.17	1.52	0.82	1.10	1.41	0.80	1.80	2.41	1.20
2.274	1.22	1.59	0.86	1.09	1.40	0.78	1.88	2.51	1.25
2.275	1.15	1.52	0.78	1.08	1.40	0.76	1.78	2.41	1.14
2.276	1.07	1.44	0.70	1.03	1.35	0.72	1.66	2.29	1.02
2.277	1.00	1.38	0.63	0.99	1.31	0.67	1.56	2.20	0.91
2.278	0.95	1.33	0.56	0.95	1.28	0.62	1.47	2.13	0.81
2.279	0.84	1.24	0.43	0.92	1.26	0.58	1.30	1.99	0.61
2.28	0.97	1.37	0.56	0.92	1.26	0.58	1.50	2.19	0.81
2.281	1.02	1.43	0.61	0.94	1.28	0.60	1.58	2.27	0.89
2.282	1.01	1.42	0.60	0.93	1.27	0.59	1.57	2.26	0.88
2.283	1.00	1.40	0.59	0.92	1.26	0.59	1.55	2.23	0.86
2.284	1.00	1.40	0.59	0.92	1.26	0.59	1.55	2.23	0.87
2.285	0.98	1.38	0.57	0.91	1.24	0.57	1.52	2.20	0.84
2.286	0.99	1.40	0.59	0.92	1.25	0.58	1.54	2.23	0.86
2.287	1.04	1.44	0.65	0.95	1.28	0.62	1.62	2.29	0.95
2.288	1.18	1.58	0.78	1.03	1.35	0.71	1.82	2.49	1.14
2.289	1.16	1.56	0.77	1.01	1.34	0.69	1.80	2.47	1.13
2.29	0.99	1.39	0.60	1.03	1.36	0.71	1.54	2.21	0.87
2.291	1.27	1.66	0.88	1.08	1.40	0.76	1.95	2.61	1.29
2.292	1.33	1.73	0.94	1.14	1.46	0.82	2.05	2.71	1.38
2.293	1.32	1.70	0.93	1.13	1.45	0.82	2.02	2.68	1.36
2.294	1.29	1.67	0.92	1.12	1.43	0.81	1.99	2.64	1.34
2.295	1.31	1.68	0.94	1.14	1.44	0.83	2.01	2.65	1.37
2.296	1.33	1.70	0.96	1.17	1.47	0.86	2.04	2.68	1.41
2.297	1.37	1.74	1.00	1.21	1.51	0.91	2.10	2.74	1.46
2.298	1.32	1.68	0.96	1.21	1.50	0.91	2.03	2.65	1.40
2.299	1.32	1.67	0.96	1.22	1.52	0.93	2.02	2.64	1.41
2.3	1.32	1.69	0.96	1.22	1.52	0.93	2.03	2.66	1.41
2.301	1.33	1.71	0.96	1.22	1.52	0.92	2.05	2.69	1.40
2.302	1.31	1.69	0.93	1.21	1.51	0.91	2.01	2.67	1.36
2.303	1.30	1.69	0.91	1.21	1.51	0.91	2.00	2.66	1.33
2.304	1.27	1.67	0.87	1.20	1.50	0.90	1.95	2.62	1.27
2.305	1.23	1.64	0.83	1.20	1.50	0.89	1.90	2.58	1.21
2.306	1.15	1.55	0.76	1.20	1.51	0.89	1.78	2.45	1.11
2.307	1.15	1.56	0.75	1.21	1.52	0.91	1.78	2.46	1.10
2.308	1.17	1.57	0.77	1.22	1.53	0.91	1.81	2.49	1.12
2.309	1.21	1.59	0.83	1.25	1.56	0.94	1.86	2.52	1.21
2.31	1.17	1.56	0.79	1.24	1.54	0.94	1.81	2.47	1.16
2.311	1.04	1.40	0.67	1.19	1.50	0.88	1.60	2.23	0.98
2.312	0.98	1.39	0.57	1.11	1.44	0.78	1.52	2.21	0.83
2.313	1.01	1.42	0.60	1.12	1.44	0.80	1.57	2.26	0.88
2.314	0.77	1.14	0.40	1.07	1.40	0.74	1.20	1.84	0.56
2.315	0.84	1.23	0.44	1.08	1.41	0.75	1.31	1.98	0.64
2.316	0.94	1.33	0.55	1.10	1.42	0.78	1.46	2.12	0.79
2.317	1.03	1.42	0.64	1.11	1.43	0.79	1.59	2.26	0.93
2.318	1.01	1.39	0.63	1.14	1.46	0.82	1.57	2.22	0.92
2.319	0.98	1.37	0.59	1.11	1.44	0.78	1.52	2.18	0.86
2.32	1.18	1.55	0.81	1.19	1.50	0.87	1.82	2.46	1.18
2.321	1.18	1.55	0.81	1.23	1.54	0.91	1.82	2.46	1.18
2.322	1.13	1.51	0.75	1.20	1.51	0.88	1.74	2.39	1.09
2.323	1.34	1.72	0.96	1.31	1.61	1.00	2.05	2.70	1.41
2.324	1.23	1.60	0.86	1.25	1.56	0.95	1.89	2.53	1.26
2.325	1.18	1.56	0.80	1.22	1.53	0.91	1.82	2.47	1.17
2.326	0.97	1.42	0.52	1.11	1.44	0.77	1.50	2.25	0.75
2.327	0.87	1.32	0.42	1.05	1.39	0.72	1.35	2.10	0.60
2.328	0.80	1.26	0.33	1.02	1.35	0.68	1.24	2.01	0.48
2.329	0.76	1.23	0.29	0.99	1.33	0.64	1.19	1.97	0.41
2.33	0.75	1.21	0.29	0.98	1.33	0.64	1.18	1.94	0.42
2.331	0.92	1.36	0.48	1.06	1.39	0.72	1.43	2.17	0.70
2.332	0.96	1.40	0.52	1.07	1.41	0.73	1.49	2.22	0.76
2.333	1.16	1.58	0.74	1.16	1.49	0.84	1.80	2.50	1.09
2.334	1.03	1.43	0.63	1.18	1.51	0.86	1.60	2.28	0.91
2.335	1.16	1.59	0.74	1.15	1.49	0.82	1.80	2.51	1.08
2.336	1.28	1.68	0.89	1.20	1.52	0.88	1.97	2.65	1.30
2.337	1.25	1.65	0.86	1.19	1.51	0.86	1.93	2.61	1.26
2.338	1.36	1.74	0.98	1.23	1.55	0.91	2.08	2.73	1.43
2.339	1.34	1.72	0.96	1.22	1.54	0.90	2.06	2.71	1.40
2.34	1.37	1.75	0.99	1.23	1.55	0.91	2.10	2.75	1.45
2.341	1.54	1.91	1.18	1.26	1.58	0.95	2.35	2.98	1.72
2.342	1.46	1.82	1.09	1.27	1.58	0.95	2.22	2.86	1.59
2.343	1.46	1.82	1.09	1.26	1.58	0.95	2.22	2.86	1.59
2.344	1.26	1.66	0.87	1.27	1.59	0.96	1.94	2.61	1.27
2.345	1.40	1.77	1.03	1.23	1.55	0.91	2.14	2.78	1.50
2.346	1.48	1.85	1.12	1.28	1.59	0.96	2.27	2.90	1.63
2.347	1.46	1.83	1.10	1.25	1.56	0.94	2.23	2.86	1.61
2.348	1.39	1.76	1.03	1.25	1.56	0.94	2.13	2.76	1.51
2.349	1.50	1.86	1.13	1.30	1.61	0.99	2.28	2.91	1.65
2.35	1.40	1.76	1.04	1.28	1.58	0.97	2.15	2.77	1.53
2.351	1.35	1.72	0.98	1.21	1.52	0.90	2.07	2.70	1.44
2.352	1.19	1.56	0.81	1.18	1.49	0.86	1.83	2.48	1.19
2.353	1.15	1.50	0.80	1.17	1.47	0.86	1.77	2.38	1.17
2.354	1.03	1.39	0.67	1.11	1.43	0.80	1.60	2.22	0.97
2.355	0.97	1.33	0.61	1.08	1.39	0.76	1.50	2.13	0.88
2.356	0.77	1.13	0.42	1.07	1.39	0.75	1.21	1.82	0.59
2.357	0.77	1.09	0.45	1.07	1.38	0.77	1.21	1.78	0.64
2.358	0.54	0.92	0.17	0.97	1.30	0.64	0.86	1.50	0.21
2.359	0.59	0.93	0.25	1.00	1.31	0.69	0.93	1.52	0.34
2.36	0.55	0.89	0.22	0.98	1.30	0.67	0.87	1.46	0.28
2.361	0.53	0.87	0.20	0.99	1.30	0.68	0.84	1.43	0.25
2.362	0.62	0.95	0.29	1.00	1.31	0.69	0.97	1.55	0.39
2.363	0.58	0.90	0.26	1.01	1.32	0.70	0.91	1.48	0.34
2.364	0.51	0.85	0.18	0.97	1.29	0.66	0.81	1.39	0.22
2.365	0.66	1.01	0.31	0.96	1.28	0.64	1.03	1.64	0.42
2.366	0.74	1.08	0.40	0.97	1.29	0.66	1.15	1.75	0.56
2.367	0.75	1.10	0.40	1.01	1.32	0.69	1.18	1.79	0.57
2.368	0.78	1.14	0.43	1.02	1.33	0.70	1.22	1.84	0.61
2.369	0.76	1.13	0.40	1.00	1.32	0.67	1.19	1.82	0.57
2.37	0.88	1.24	0.52	1.05	1.36	0.73	1.37	1.99	0.75
2.371	0.80	1.18	0.43	1.03	1.36	0.71	1.25	1.90	0.61
2.372	0.66	1.09	0.23	0.96	1.32	0.60	1.03	1.76	0.31
2.373	0.76	1.17	0.35	1.03	1.37	0.69	1.19	1.87	0.50
2.374	0.87	1.29	0.46	1.10	1.44	0.76	1.36	2.06	0.67
2.375	0.84	1.24	0.43	1.08	1.41	0.74	1.31	1.98	0.63
2.376	0.98	1.39	0.56	1.10	1.44	0.77	1.52	2.22	0.82
2.377	1.13	1.51	0.75	1.20	1.51	0.88	1.75	2.40	1.10
2.378	1.21	1.59	0.82	1.25	1.56	0.93	1.86	2.51	1.21
2.379	1.29	1.67	0.91	1.30	1.62	0.99	1.98	2.63	1.33
2.38	1.37	1.74	1.00	1.35	1.66	1.04	2.10	2.73	1.47
2.381	1.30	1.68	0.92	1.33	1.64	1.01	2.00	2.65	1.35
2.382	1.32	1.69	0.96	1.33	1.63	1.02	2.03	2.67	1.40
2.383	1.24	1.63	0.86	1.27	1.59	0.96	1.92	2.57	1.26
2.384	1.27	1.67	0.86	1.28	1.60	0.95	1.95	2.63	1.27
2.385	1.25	1.67	0.83	1.26	1.59	0.92	1.92	2.62	1.22
2.386	1.21	1.65	0.77	1.25	1.59	0.92	1.86	2.60	1.13
2.387	1.26	1.68	0.85	1.30	1.62	0.98	1.95	2.65	1.24
2.388	1.35	1.74	0.96	1.36	1.67	1.04	2.07	2.74	1.41
2.389	1.31	1.71	0.92	1.37	1.68	1.05	2.01	2.69	1.34
2.39	1.38	1.78	0.99	1.40	1.72	1.08	2.12	2.79	1.45
2.391	1.46	1.88	1.05	1.49	1.80	1.17	2.23	2.93	1.54
2.392	1.52	1.94	1.10	1.52	1.84	1.21	2.32	3.02	1.62
2.393	1.48	1.91	1.04	1.50	1.83	1.17	2.25	2.98	1.52
2.394	1.56	1.97	1.15	1.54	1.86	1.23	2.38	3.06	1.69
2.395	1.56	1.97	1.15	1.55	1.87	1.23	2.37	3.06	1.69
2.396	1.53	1.93	1.13	1.53	1.84	1.21	2.33	3.00	1.65
2.397	1.47	1.86	1.08	1.50	1.82	1.18	2.24	2.90	1.58
2.398	1.38	1.79	0.97	1.44	1.77	1.10	2.11	2.81	1.42
2.399	1.33	1.75	0.92	1.43	1.77	1.09	2.05	2.75	1.35
2.4	1.37	1.79	0.95	1.46	1.80	1.12	2.10	2.80	1.39
2.401	1.33	1.77	0.90	1.43	1.78	1.08	2.05	2.77	1.32
2.402	1.33	1.79	0.88	1.43	1.80	1.07	2.04	2.79	1.29
2.403	1.34	1.76	0.92	1.49	1.85	1.13	2.05	2.75	1.36
2.404	1.31	1.74	0.89	1.48	1.85	1.11	2.02	2.74	1.30
2.405	1.17	1.64	0.69	1.41	1.80	1.02	1.80	2.57	1.02
2.406	1.20	1.67	0.74	1.43	1.82	1.04	1.85	2.62	1.08
2.407	1.30	1.77	0.84	1.50	1.90	1.10	2.00	2.77	1.23
2.408	1.43	1.91	0.95	1.58	2.00	1.17	2.19	2.97	1.40
2.409	1.52	2.01	1.03	1.64	2.07	1.21	2.32	3.12	1.51
2.41	1.57	2.09	1.04	1.64	2.09	1.18	2.38	3.23	1.54
2.411	1.66	2.19	1.13	1.71	2.18	1.23	2.52	3.37	1.66
2.412	1.67	2.18	1.16	1.70	2.17	1.24	2.53	3.37	1.70
2.413	1.74	2.23	1.24	1.73	2.19	1.27	2.62	3.43	1.81
2.414	1.72	2.21	1.22	1.72	2.17	1.26	2.60	3.41	1.79
2.415	1.63	2.16	1.11	1.67	2.13	1.21	2.48	3.33	1.63
2.416	1.89	2.39	1.39	1.73	2.17	1.29	2.85	3.66	2.03
2.417	1.66	2.15	1.17	1.67	2.11	1.23	2.51	3.31	1.71
2.418	1.62	2.12	1.12	1.65	2.09	1.21	2.46	3.28	1.65
2.419	1.72	2.19	1.25	1.69	2.11	1.26	2.61	3.38	1.83
2.42	1.84	2.29	1.38	1.79	2.22	1.36	2.77	3.52	2.01
2.421	1.85	2.30	1.39	1.75	2.19	1.32	2.78	3.53	2.03
2.422	1.85	2.32	1.38	1.73	2.17	1.29	2.79	3.56	2.02
2.423	1.79	2.28	1.29	1.73	2.18	1.28	2.70	3.50	1.89
2.424	1.82	2.32	1.33	1.75	2.20	1.29	2.75	3.56	1.94
2.425	1.82	2.33	1.31	1.74	2.20	1.27	2.74	3.57	1.92
2.426	1.58	2.08	1.09	1.60	2.05	1.15	2.40	3.21	1.59
2.427	1.43	1.91	0.95	1.47	1.91	1.04	2.19	2.97	1.40
2.428	1.37	1.83	0.92	1.41	1.83	0.99	2.10	2.85	1.35
2.429	1.08	1.54	0.63	1.23	1.65	0.82	1.68	2.43	0.92
2.43	1.03	1.47	0.59	1.17	1.58	0.76	1.56	2.29	0.83
2.431	0.94	1.40	0.48	1.10	1.52	0.69	1.42	2.18	0.67
2.432	0.78	1.29	0.28	1.01	1.45	0.57	1.18	2.00	0.36
2.433	0.65	1.19	0.10	0.92	1.38	0.45	0.96	1.84	0.08
2.434	0.74	1.25	0.23	0.95	1.41	0.49	1.10	1.93	0.27
2.435	0.66	1.18	0.14	0.89	1.35	0.42	0.97	1.82	0.13
2.436	0.62	1.14	0.10	0.85	1.32	0.37	0.91	1.76	0.06
2.437	0.63	1.15	0.10	0.85	1.33	0.36	0.91	1.77	0.06
2.438	0.65	1.16	0.14	0.88	1.35	0.40	0.95	1.78	0.12
2.439	0.69	1.17	0.20	0.90	1.36	0.45	1.01	1.80	0.21
2.44	0.79	1.26	0.32	0.97	1.41	0.54	1.15	1.93	0.37
2.441	0.73	1.19	0.27	0.95	1.37	0.52	1.07	1.83	0.31
2.442	0.72	1.16	0.29	0.93	1.35	0.52	1.06	1.79	0.33
2.443	0.72	1.15	0.29	0.93	1.33	0.53	1.06	1.78	0.34
2.444	0.73	1.15	0.31	0.94	1.33	0.55	1.08	1.78	0.38
2.445	0.71	1.13	0.29	0.93	1.32	0.54	1.06	1.77	0.35
2.446	0.74	1.14	0.34	0.94	1.31	0.56	1.11	1.78	0.43
2.447	0.75	1.14	0.36	0.94	1.30	0.57	1.13	1.79	0.46
2.448	0.82	1.21	0.43	0.97	1.33	0.61	1.22	1.88	0.56
2.449	0.70	1.08	0.33	0.91	1.27	0.56	1.06	1.70	0.42
2.45	0.78	1.14	0.41	0.96	1.30	0.62	1.18	1.81	0.55
2.451	0.80	1.17	0.43	0.98	1.33	0.64	1.22	1.86	0.58
2.452	0.88	1.28	0.48	1.03	1.38	0.68	1.33	2.01	0.66
2.453	0.94	1.34	0.54	1.05	1.40	0.71	1.42	2.10	0.74
2.454	1.01	1.40	0.62	1.10	1.45	0.76	1.54	2.21	0.88
2.455	1.08	1.45	0.71	1.15	1.48	0.82	1.65	2.29	1.02
2.456	1.08	1.44	0.72	1.14	1.47	0.81	1.66	2.28	1.04
2.457	1.05	1.43	0.66	1.13	1.47	0.78	1.62	2.28	0.96
2.458	1.14	1.52	0.77	1.15	1.49	0.81	1.77	2.41	1.13
2.459	1.18	1.56	0.80	1.17	1.52	0.82	1.84	2.48	1.19
2.46	1.28	1.67	0.88	1.22	1.58	0.87	1.96	2.63	1.29
2.461	1.32	1.71	0.93	1.22	1.58	0.87	2.02	2.69	1.35
2.462	1.18	1.56	0.80	1.13	1.49	0.78	1.82	2.48	1.17
2.463	1.22	1.59	0.84	1.15	1.50	0.80	1.87	2.52	1.23
2.464	1.21	1.58	0.85	1.16	1.51	0.81	1.88	2.51	1.24
2.465	1.22	1.58	0.86	1.17	1.52	0.83	1.89	2.51	1.27
2.466	1.24	1.59	0.89	1.18	1.52	0.84	1.93	2.53	1.32
2.467	1.17	1.52	0.81	1.14	1.49	0.80	1.82	2.44	1.20
2.468	1.31	1.67	0.95	1.18	1.53	0.83	2.03	2.65	1.40
2.469	1.29	1.65	0.93	1.17	1.52	0.82	2.01	2.63	1.39
2.47	1.26	1.68	0.85	1.28	1.63	0.92	1.96	2.65	1.26
2.471	1.32	1.70	0.94	1.20	1.56	0.85	2.04	2.69	1.39
2.472	1.33	1.70	0.96	1.20	1.55	0.84	2.04	2.68	1.41
2.473	1.38	1.75	1.02	1.23	1.58	0.88	2.12	2.75	1.48
2.474	1.29	1.66	0.91	1.17	1.52	0.82	1.97	2.61	1.33
2.475	1.15	1.55	0.75	1.11	1.47	0.75	1.76	2.44	1.09
2.476	1.21	1.59	0.84	1.14	1.50	0.79	1.85	2.50	1.21
2.477	1.24	1.61	0.87	1.14	1.49	0.79	1.88	2.52	1.24
2.478	1.28	1.65	0.92	1.16	1.51	0.81	1.94	2.57	1.31
2.479	1.00	1.42	0.59	1.02	1.39	0.66	1.52	2.21	0.83
2.48	0.98	1.38	0.57	1.01	1.38	0.64	1.48	2.16	0.80
2.481	0.98	1.38	0.58	1.02	1.39	0.65	1.49	2.16	0.81
2.482	1.00	1.40	0.60	1.04	1.42	0.67	1.51	2.19	0.84
2.483	0.83	1.26	0.40	0.96	1.36	0.57	1.26	1.98	0.53
2.484	0.79	1.24	0.34	0.96	1.37	0.56	1.20	1.95	0.45
2.485	0.72	1.17	0.28	0.93	1.33	0.53	1.11	1.85	0.36
2.486	0.75	1.18	0.31	0.94	1.32	0.56	1.14	1.87	0.42
2.487	0.66	1.10	0.22	0.89	1.27	0.51	1.02	1.75	0.29
2.488	0.59	1.04	0.15	0.85	1.23	0.47	0.91	1.65	0.17
2.489	0.60	1.04	0.15	0.86	1.24	0.49	0.92	1.66	0.18
2.49	0.63	1.05	0.22	0.88	1.25	0.52	0.98	1.68	0.28
2.491	0.66	1.06	0.27	0.90	1.26	0.55	1.03	1.70	0.36
2.492	0.70	1.09	0.32	0.92	1.27	0.58	1.09	1.75	0.44
2.493	0.78	1.14	0.41	0.96	1.30	0.63	1.20	1.83	0.57
2.494	0.84	1.21	0.47	0.99	1.32	0.66	1.30	1.93	0.66
2.495	0.93	1.30	0.55	1.05	1.38	0.71	1.43	2.07	0.78
2.496	1.13	1.50	0.77	1.16	1.49	0.84	1.74	2.37	1.10
2.497	1.22	1.59	0.84	1.22	1.54	0.89	1.86	2.50	1.23
2.498	1.30	1.68	0.93	1.27	1.60	0.94	1.99	2.63	1.35
2.499	1.36	1.75	0.98	1.31	1.64	0.97	2.08	2.74	1.43
2.5	1.53	1.91	1.15	1.45	1.78	1.11	2.32	2.97	1.67
2.501	1.60	1.99	1.20	1.49	1.83	1.16	2.41	3.08	1.74
2.502	1.59	1.99	1.18	1.49	1.83	1.15	2.40	3.08	1.71
2.503	1.71	2.10	1.33	1.54	1.87	1.21	2.58	3.23	1.93
2.504	1.69	2.09	1.29	1.56	1.89	1.23	2.54	3.22	1.87
2.505	1.67	2.08	1.26	1.54	1.88	1.20	2.50	3.19	1.82
2.506	1.60	1.99	1.21	1.46	1.80	1.12	2.42	3.08	1.75
2.507	1.47	1.84	1.09	1.41	1.74	1.08	2.23	2.87	1.59
2.508	1.28	1.66	0.89	1.27	1.61	0.94	1.96	2.61	1.30
2.509	1.13	1.52	0.74	1.19	1.52	0.85	1.74	2.40	1.08
2.51	0.91	1.32	0.49	1.04	1.39	0.69	1.41	2.11	0.71
2.511	0.72	1.14	0.31	0.92	1.27	0.56	1.13	1.82	0.43
2.512	0.67	1.09	0.25	0.86	1.23	0.49	1.05	1.76	0.34
2.513	0.63	1.03	0.22	0.85	1.21	0.50	0.99	1.68	0.31
2.514	0.48	0.91	0.06	0.78	1.15	0.42	0.78	1.49	0.06
2.515	0.54	0.94	0.14	0.81	1.17	0.46	0.86	1.55	0.18
2.516	0.50	0.92	0.09	0.76	1.12	0.39	0.80	1.50	0.11
2.517	0.40	0.82	-0.02	0.71	1.08	0.35	0.64	1.35	-0.06
2.518	0.27	0.72	-0.17	0.63	1.02	0.25	0.45	1.19	-0.29
2.519	0.09	0.56	-0.37	0.52	0.92	0.12	0.16	0.93	-0.60
2.52	0.03	0.51	-0.46	0.48	0.89	0.06	0.06	0.85	-0.74
2.521	0.07	0.52	-0.38	0.50	0.90	0.10	0.12	0.87	-0.63
2.522	0.39	0.84	-0.06	0.60	0.99	0.20	0.62	1.37	-0.12
2.523	0.52	0.97	0.06	0.69	1.08	0.29	0.82	1.57	0.06
2.524	0.60	1.05	0.15	0.71	1.11	0.32	0.94	1.68	0.20
2.525	0.40	0.85	-0.05	0.70	1.10	0.31	0.63	1.38	-0.12
2.526	0.43	0.89	-0.02	0.73	1.13	0.33	0.68	1.42	-0.07
2.527	0.43	0.88	-0.01	0.73	1.13	0.34	0.67	1.40	-0.07
2.528	0.52	0.94	0.10	0.78	1.17	0.39	0.80	1.50	0.09
2.529	0.47	0.89	0.06	0.76	1.15	0.37	0.72	1.42	0.02
2.53	0.63	1.04	0.23	0.85	1.23	0.47	0.96	1.64	0.28
2.531	0.61	1.00	0.22	0.85	1.22	0.48	0.93	1.60	0.26
2.532	0.61	1.01	0.21	0.86	1.23	0.48	0.93	1.60	0.25
2.533	0.71	1.11	0.30	0.90	1.28	0.52	1.08	1.76	0.40
2.534	0.77	1.17	0.37	0.95	1.32	0.57	1.19	1.87	0.51
2.535	0.80	1.21	0.39	0.97	1.35	0.59	1.23	1.92	0.54
2.536	0.77	1.19	0.35	0.98	1.37	0.60	1.19	1.90	0.48
2.537	0.85	1.29	0.40	1.02	1.41	0.64	1.32	2.05	0.58
2.538	1.08	1.49	0.66	1.16	1.53	0.79	1.65	2.35	0.96
2.539	1.24	1.64	0.84	1.26	1.61	0.90	1.90	2.58	1.22
2.54	1.40	1.78	1.02	1.35	1.70	1.00	2.14	2.79	1.49
2.541	1.45	1.83	1.06	1.38	1.73	1.03	2.22	2.87	1.56
2.542	1.50	1.87	1.13	1.45	1.79	1.11	2.30	2.93	1.67
2.543	1.59	1.97	1.22	1.49	1.84	1.15	2.42	3.06	1.77
2.544	1.52	1.89	1.14	1.45	1.80	1.11	2.33	2.97	1.69
2.545	1.51	1.90	1.13	1.44	1.80	1.09	2.33	2.99	1.67
2.546	1.64	2.01	1.27	1.51	1.86	1.16	2.51	3.15	1.87
2.547	1.75	2.14	1.35	1.57	1.93	1.21	2.66	3.33	1.99
2.548	1.73	2.11	1.34	1.55	1.91	1.20	2.65	3.31	1.99
2.549	1.74	2.12	1.36	1.56	1.91	1.21	2.67	3.32	2.02
2.55	1.66	2.02	1.30	1.56	1.91	1.21	2.56	3.19	1.94
2.551	1.76	2.14	1.38	1.60	1.94	1.25	2.69	3.34	2.04
2.552	1.76	2.13	1.38	1.60	1.94	1.26	2.68	3.32	2.03
2.553	1.70	2.08	1.31	1.62	1.96	1.28	2.59	3.25	1.94
2.554	1.67	2.05	1.29	1.63	1.96	1.29	2.55	3.20	1.90
2.555	1.57	1.96	1.17	1.60	1.93	1.26	2.39	3.06	1.73
2.556	1.53	1.93	1.13	1.58	1.92	1.24	2.34	3.01	1.67
2.557	1.47	1.86	1.08	1.56	1.89	1.22	2.25	2.91	1.59
2.558	1.49	1.89	1.10	1.58	1.92	1.24	2.28	2.95	1.61
2.559	1.40	1.80	1.00	1.53	1.88	1.18	2.14	2.82	1.46
2.56	1.39	1.79	0.98	1.53	1.88	1.18	2.12	2.80	1.43
2.561	1.36	1.75	0.96	1.50	1.85	1.14	2.08	2.75	1.40
2.562	1.29	1.68	0.90	1.46	1.81	1.11	1.98	2.65	1.32
2.563	1.31	1.69	0.92	1.46	1.82	1.11	2.00	2.66	1.35
2.564	1.30	1.69	0.91	1.45	1.81	1.10	2.00	2.67	1.34
2.565	1.36	1.75	0.97	1.48	1.83	1.12	2.09	2.75	1.42
2.566	1.45	1.82	1.07	1.54	1.88	1.19	2.21	2.85	1.56
2.567	1.49	1.86	1.11	1.55	1.90	1.21	2.26	2.90	1.62
2.568	1.42	1.81	1.03	1.48	1.84	1.12	2.17	2.83	1.51
2.569	1.53	1.92	1.14	1.53	1.89	1.18	2.32	2.98	1.65
2.57	1.56	1.95	1.17	1.53	1.89	1.18	2.36	3.02	1.70
2.571	1.53	1.92	1.14	1.51	1.87	1.16	2.33	2.99	1.66
2.572	1.54	1.93	1.14	1.53	1.89	1.17	2.34	3.00	1.67
2.573	1.66	2.05	1.27	1.60	1.96	1.25	2.51	3.17	1.85
2.574	1.75	2.14	1.35	1.66	2.01	1.30	2.63	3.30	1.97
2.575	1.81	2.22	1.41	1.70	2.06	1.34	2.73	3.41	2.05
2.576	1.85	2.25	1.44	1.72	2.07	1.36	2.78	3.46	2.09
2.577	1.81	2.22	1.39	1.67	2.03	1.31	2.72	3.43	2.02
2.578	1.78	2.21	1.36	1.65	2.02	1.29	2.69	3.40	1.98
2.579	1.74	2.15	1.32	1.63	1.99	1.27	2.63	3.33	1.94
2.58	1.72	2.13	1.31	1.63	1.99	1.28	2.62	3.31	1.93
2.581	1.80	2.22	1.37	1.68	2.04	1.32	2.72	3.43	2.00
2.582	1.71	2.15	1.28	1.63	1.99	1.26	2.61	3.33	1.89
2.583	1.68	2.13	1.24	1.59	1.96	1.22	2.56	3.30	1.83
2.584	1.72	2.17	1.28	1.63	2.00	1.25	2.62	3.36	1.89
2.585	1.67	2.14	1.21	1.57	1.95	1.18	2.55	3.32	1.79
2.586	1.66	2.12	1.20	1.55	1.94	1.17	2.54	3.30	1.78
2.587	1.68	2.14	1.21	1.54	1.93	1.15	2.56	3.33	1.79
2.588	1.53	2.02	1.05	1.56	1.94	1.18	2.36	3.15	1.56
2.589	1.53	2.01	1.04	1.55	1.93	1.17	2.35	3.14	1.55
2.59	1.48	1.95	1.01	1.53	1.90	1.15	2.29	3.06	1.51
2.591	1.50	1.95	1.04	1.55	1.92	1.18	2.30	3.05	1.55
2.592	1.40	1.85	0.95	1.46	1.83	1.09	2.16	2.90	1.42
2.593	1.39	1.84	0.94	1.48	1.85	1.11	2.14	2.89	1.40
2.594	1.30	1.74	0.86	1.43	1.80	1.06	2.01	2.74	1.28
2.595	1.27	1.71	0.83	1.40	1.77	1.03	1.95	2.69	1.22
2.596	1.28	1.72	0.84	1.41	1.78	1.03	1.96	2.69	1.22
2.597	1.25	1.69	0.81	1.38	1.76	1.01	1.91	2.64	1.18
2.598	1.18	1.62	0.75	1.34	1.72	0.97	1.82	2.54	1.09
2.599	1.16	1.61	0.71	1.25	1.63	0.87	1.78	2.53	1.03
2.6	1.18	1.65	0.71	1.22	1.60	0.83	1.80	2.58	1.03
2.601	0.99	1.44	0.54	1.24	1.62	0.85	1.53	2.27	0.79
2.602	1.00	1.45	0.56	1.26	1.64	0.88	1.55	2.29	0.81
2.603	1.01	1.46	0.56	1.29	1.66	0.91	1.57	2.32	0.82
2.604	1.01	1.45	0.56	1.27	1.65	0.90	1.56	2.30	0.81
2.605	1.03	1.48	0.59	1.29	1.66	0.92	1.59	2.33	0.85
2.606	1.07	1.53	0.62	1.31	1.68	0.94	1.66	2.41	0.91
2.607	1.15	1.61	0.70	1.35	1.72	0.98	1.77	2.52	1.02
2.608	1.16	1.61	0.70	1.34	1.71	0.96	1.78	2.53	1.02
2.609	1.16	1.62	0.71	1.37	1.75	1.00	1.79	2.54	1.03
2.61	1.27	1.71	0.82	1.44	1.80	1.08	1.94	2.67	1.20
2.611	1.34	1.77	0.90	1.51	1.87	1.15	2.03	2.76	1.31
2.612	1.36	1.81	0.92	1.49	1.85	1.12	2.07	2.81	1.33
2.613	1.36	1.80	0.92	1.49	1.85	1.12	2.07	2.80	1.33
2.614	1.36	1.79	0.93	1.49	1.85	1.14	2.07	2.78	1.35
2.615	1.36	1.78	0.95	1.51	1.85	1.16	2.08	2.78	1.38
2.616	1.23	1.67	0.79	1.40	1.77	1.03	1.89	2.62	1.16
2.617	1.23	1.62	0.83	1.41	1.76	1.05	1.88	2.55	1.21
2.618	1.34	1.76	0.93	1.47	1.82	1.12	2.05	2.75	1.35
2.619	1.38	1.79	0.98	1.50	1.84	1.15	2.11	2.80	1.43
2.62	1.43	1.83	1.03	1.54	1.87	1.20	2.19	2.87	1.51
2.621	1.44	1.86	1.02	1.54	1.89	1.19	2.20	2.90	1.49
2.622	1.31	1.74	0.89	1.46	1.82	1.10	2.02	2.73	1.30
2.623	1.30	1.72	0.87	1.46	1.81	1.11	1.99	2.69	1.28
2.624	1.33	1.74	0.92	1.50	1.84	1.16	2.03	2.72	1.34
2.625	1.36	1.77	0.94	1.52	1.86	1.18	2.07	2.77	1.37
2.626	1.33	1.75	0.91	1.51	1.85	1.17	2.03	2.74	1.33
2.627	1.32	1.74	0.90	1.51	1.85	1.17	2.01	2.72	1.30
2.628	1.31	1.75	0.87	1.50	1.86	1.15	1.99	2.72	1.26
2.629	1.32	1.73	0.91	1.54	1.87	1.21	2.01	2.70	1.32
2.63	1.30	1.73	0.88	1.54	1.88	1.20	1.98	2.68	1.27
2.631	1.21	1.64	0.77	1.46	1.81	1.12	1.84	2.56	1.11
2.632	1.31	1.75	0.86	1.52	1.88	1.16	1.98	2.72	1.24
2.633	1.25	1.71	0.79	1.44	1.81	1.07	1.90	2.66	1.14
2.634	1.22	1.70	0.73	1.44	1.82	1.06	1.85	2.65	1.05
2.635	1.10	1.61	0.58	1.39	1.78	0.99	1.69	2.52	0.86
2.636	1.09	1.60	0.58	1.36	1.75	0.97	1.67	2.50	0.84
2.637	0.88	1.44	0.31	1.16	1.60	0.72	1.36	2.27	0.45
2.638	1.00	1.55	0.45	1.27	1.69	0.85	1.54	2.43	0.65
2.639	1.08	1.62	0.54	1.35	1.76	0.94	1.67	2.54	0.79
2.64	1.07	1.65	0.49	1.33	1.76	0.90	1.64	2.58	0.71
2.641	1.19	1.77	0.62	1.42	1.84	0.99	1.82	2.74	0.91
2.642	1.24	1.82	0.66	1.46	1.89	1.02	1.90	2.83	0.96
2.643	1.25	1.82	0.67	1.46	1.89	1.03	1.90	2.82	0.98
2.644	1.07	1.66	0.49	1.35	1.79	0.92	1.65	2.59	0.71
2.645	0.97	1.56	0.38	1.29	1.73	0.84	1.49	2.44	0.55
2.646	0.91	1.51	0.31	1.23	1.69	0.78	1.40	2.36	0.43
2.647	1.00	1.57	0.42	1.29	1.72	0.85	1.53	2.45	0.60
2.648	1.02	1.59	0.44	1.28	1.72	0.84	1.55	2.48	0.62
2.649	1.05	1.63	0.48	1.32	1.76	0.88	1.62	2.54	0.69
2.65	1.26	1.82	0.70	1.39	1.83	0.96	1.91	2.81	1.02
2.651	1.24	1.81	0.67	1.43	1.86	1.00	1.88	2.80	0.96
2.652	1.31	1.86	0.77	1.48	1.91	1.06	2.00	2.88	1.12
2.653	1.42	1.93	0.90	1.55	1.95	1.15	2.14	2.97	1.31
2.654	1.50	1.98	1.01	1.60	1.98	1.22	2.25	3.05	1.46
2.655	1.52	1.98	1.06	1.62	1.99	1.26	2.30	3.05	1.54
2.656	1.66	2.11	1.21	1.70	2.06	1.34	2.48	3.23	1.73
2.657	1.64	2.07	1.21	1.68	2.04	1.33	2.47	3.18	1.75
2.658	1.62	2.06	1.19	1.69	2.04	1.33	2.44	3.17	1.71
2.659	1.80	2.26	1.34	1.74	2.10	1.38	2.67	3.43	1.92
2.66	1.79	2.24	1.35	1.80	2.16	1.44	2.68	3.42	1.95
2.661	1.81	2.25	1.37	1.81	2.16	1.45	2.71	3.44	1.98
2.662	1.81	2.26	1.37	1.80	2.16	1.44	2.71	3.45	1.97
2.663	1.85	2.29	1.42	1.77	2.14	1.40	2.77	3.49	2.05
2.664	1.84	2.26	1.42	1.78	2.14	1.41	2.77	3.48	2.06
2.665	1.94	2.37	1.51	1.84	2.21	1.47	2.90	3.62	2.19
2.666	1.89	2.32	1.47	1.82	2.18	1.45	2.84	3.55	2.13
2.667	1.86	2.28	1.43	1.80	2.16	1.43	2.79	3.50	2.08
2.668	1.78	2.20	1.35	1.77	2.13	1.40	2.70	3.42	1.99
2.669	1.87	2.29	1.44	1.81	2.18	1.45	2.81	3.52	2.10
2.67	1.84	2.27	1.42	1.81	2.17	1.44	2.79	3.50	2.08
2.671	1.82	2.23	1.41	1.80	2.17	1.44	2.76	3.45	2.07
2.672	1.86	2.30	1.42	1.82	2.19	1.45	2.81	3.54	2.08
2.673	1.87	2.30	1.43	1.80	2.17	1.43	2.82	3.55	2.10
2.674	1.81	2.23	1.40	1.79	2.15	1.43	2.75	3.44	2.05
2.675	1.80	2.21	1.39	1.78	2.14	1.42	2.72	3.42	2.03
2.676	1.77	2.17	1.36	1.76	2.11	1.40	2.68	3.36	2.00
2.677	1.80	2.20	1.41	1.76	2.11	1.41	2.71	3.38	2.04
2.678	1.69	2.07	1.30	1.69	2.03	1.34	2.55	3.20	1.89
2.679	1.67	2.06	1.28	1.67	2.02	1.32	2.52	3.18	1.85
2.68	1.66	2.05	1.27	1.65	2.00	1.29	2.51	3.18	1.84
2.681	1.70	2.10	1.29	1.67	2.03	1.31	2.55	3.24	1.86
2.682	1.63	2.04	1.22	1.62	1.99	1.26	2.47	3.16	1.78
2.683	1.61	2.02	1.20	1.62	1.98	1.25	2.45	3.14	1.75
2.684	1.70	2.12	1.28	1.67	2.04	1.31	2.57	3.27	1.88
2.685	1.54	1.96	1.12	1.58	1.94	1.22	2.34	3.05	1.64
2.686	1.45	1.87	1.03	1.53	1.89	1.18	2.22	2.92	1.52
2.687	1.40	1.83	0.98	1.51	1.86	1.16	2.15	2.86	1.44
2.688	1.35	1.77	0.93	1.47	1.82	1.13	2.07	2.78	1.36
2.689	1.32	1.74	0.89	1.45	1.80	1.11	2.02	2.73	1.31
2.69	1.33	1.76	0.91	1.47	1.81	1.12	2.05	2.77	1.34
2.691	1.30	1.76	0.83	1.45	1.80	1.09	1.99	2.75	1.22
2.692	1.28	1.77	0.79	1.47	1.82	1.11	1.97	2.77	1.18
2.693	1.28	1.78	0.78	1.46	1.82	1.09	1.98	2.79	1.16
2.694	1.54	2.02	1.06	1.58	1.94	1.22	2.35	3.14	1.56
2.695	1.45	1.91	0.99	1.51	1.88	1.15	2.24	3.00	1.47
2.696	1.50	1.98	1.02	1.53	1.90	1.16	2.31	3.10	1.53
2.697	1.58	2.09	1.08	1.58	1.96	1.20	2.44	3.26	1.61
2.698	1.59	2.09	1.10	1.58	1.96	1.19	2.45	3.27	1.64
2.699	1.53	2.02	1.03	1.54	1.93	1.16	2.36	3.17	1.56
2.7	1.56	2.04	1.08	1.53	1.92	1.15	2.40	3.19	1.61
2.701	1.52	2.02	1.03	1.53	1.92	1.14	2.35	3.16	1.54
2.702	1.54	2.03	1.05	1.55	1.94	1.16	2.38	3.18	1.58
2.703	1.44	1.93	0.96	1.48	1.87	1.08	2.24	3.04	1.45
2.704	1.36	1.84	0.89	1.43	1.82	1.04	2.13	2.91	1.35
2.705	1.33	1.81	0.84	1.44	1.83	1.05	2.07	2.86	1.27
2.706	1.19	1.68	0.70	1.43	1.81	1.04	1.87	2.66	1.07
2.707	1.16	1.65	0.67	1.40	1.78	1.02	1.83	2.63	1.03
2.708	1.08	1.52	0.63	1.34	1.70	0.97	1.70	2.43	0.96
2.709	1.08	1.53	0.62	1.34	1.72	0.97	1.70	2.46	0.95
2.71	1.20	1.67	0.74	1.29	1.67	0.90	1.88	2.65	1.11
2.711	0.82	1.28	0.37	1.23	1.62	0.85	1.30	2.05	0.55
2.712	0.88	1.34	0.42	1.25	1.63	0.86	1.37	2.13	0.61
2.713	0.99	1.43	0.54	1.28	1.66	0.90	1.52	2.26	0.78
2.714	1.03	1.47	0.59	1.30	1.68	0.92	1.59	2.32	0.86
2.715	1.07	1.50	0.64	1.31	1.68	0.93	1.64	2.36	0.92
2.716	1.14	1.59	0.69	1.35	1.73	0.97	1.76	2.50	1.01
2.717	1.16	1.61	0.71	1.35	1.73	0.96	1.77	2.52	1.02
2.718	1.11	1.56	0.66	1.30	1.69	0.92	1.70	2.45	0.95
2.719	1.12	1.58	0.66	1.30	1.69	0.91	1.73	2.49	0.97
2.72	1.22	1.66	0.78	1.36	1.74	0.97	1.87	2.61	1.14
2.721	1.32	1.75	0.89	1.41	1.79	1.03	2.02	2.74	1.30
2.722	1.41	1.83	0.98	1.45	1.83	1.07	2.14	2.85	1.43
2.723	1.41	1.84	0.99	1.44	1.82	1.07	2.15	2.86	1.44
2.724	1.40	1.81	0.99	1.43	1.80	1.05	2.13	2.82	1.44
2.725	1.28	1.72	0.83	1.45	1.82	1.08	1.95	2.69	1.21
2.726	1.41	1.80	1.02	1.43	1.79	1.07	2.15	2.81	1.48
2.727	1.34	1.73	0.95	1.38	1.75	1.02	2.05	2.71	1.39
2.728	1.33	1.72	0.94	1.37	1.73	1.00	2.04	2.69	1.38
2.729	1.31	1.71	0.91	1.33	1.70	0.96	2.01	2.68	1.33
2.73	1.28	1.68	0.88	1.31	1.68	0.94	1.97	2.66	1.29
2.731	1.32	1.73	0.92	1.34	1.71	0.97	2.03	2.72	1.34
2.732	1.30	1.71	0.89	1.33	1.69	0.96	1.99	2.68	1.31
2.733	1.23	1.64	0.83	1.29	1.66	0.93	1.91	2.59	1.23
2.734	1.21	1.62	0.80	1.28	1.65	0.91	1.88	2.57	1.20
2.735	1.22	1.64	0.79	1.29	1.66	0.92	1.89	2.60	1.18
2.736	1.22	1.66	0.77	1.28	1.66	0.90	1.89	2.64	1.15
2.737	1.18	1.64	0.72	1.25	1.64	0.87	1.84	2.60	1.08
2.738	1.15	1.58	0.72	1.28	1.66	0.90	1.80	2.52	1.08
2.739	1.12	1.55	0.70	1.26	1.64	0.88	1.76	2.48	1.05
2.74	1.17	1.59	0.75	1.29	1.66	0.92	1.83	2.54	1.13
2.741	1.29	1.74	0.84	1.34	1.72	0.97	2.00	2.75	1.26
2.742	1.35	1.81	0.89	1.39	1.76	1.01	2.09	2.85	1.33
2.743	1.41	1.88	0.95	1.44	1.81	1.07	2.18	2.94	1.41
2.744	1.47	1.93	1.01	1.48	1.85	1.12	2.25	3.01	1.49
2.745	1.56	2.00	1.12	1.55	1.91	1.20	2.38	3.11	1.65
2.746	1.56	1.99	1.13	1.55	1.90	1.20	2.38	3.10	1.66
2.747	1.58	2.01	1.14	1.56	1.92	1.21	2.40	3.12	1.68
2.748	1.61	2.06	1.17	1.59	1.94	1.23	2.45	3.19	1.71
2.749	1.69	2.13	1.24	1.64	1.99	1.29	2.55	3.29	1.81
2.75	1.68	2.13	1.24	1.64	2.00	1.29	2.54	3.29	1.80
2.751	1.66	2.11	1.20	1.61	1.97	1.26	2.51	3.26	1.75
2.752	1.61	2.07	1.15	1.59	1.95	1.23	2.44	3.20	1.68
2.753	1.65	2.10	1.19	1.61	1.97	1.26	2.49	3.25	1.74
2.754	1.67	2.13	1.21	1.63	1.99	1.27	2.53	3.28	1.77
2.755	1.69	2.15	1.23	1.65	2.01	1.29	2.55	3.31	1.79
2.756	1.67	2.13	1.21	1.64	2.01	1.28	2.53	3.29	1.77
2.757	1.65	2.12	1.18	1.61	1.98	1.25	2.50	3.27	1.73
2.758	1.61	2.07	1.14	1.59	1.96	1.22	2.44	3.21	1.67
2.759	1.57	2.00	1.13	1.58	1.95	1.21	2.38	3.11	1.66
2.76	1.62	2.09	1.16	1.62	1.99	1.25	2.47	3.24	1.70
2.761	1.48	1.95	1.01	1.61	1.98	1.23	2.25	3.03	1.48
2.762	1.53	1.99	1.06	1.61	2.00	1.23	2.32	3.09	1.55
2.763	1.49	1.95	1.04	1.62	2.00	1.25	2.27	3.02	1.52
2.764	1.45	1.90	0.99	1.59	1.97	1.22	2.21	2.96	1.45
2.765	1.41	1.88	0.94	1.60	1.97	1.23	2.15	2.92	1.37
2.766	1.42	1.89	0.95	1.58	1.95	1.22	2.16	2.94	1.38
2.767	1.34	1.82	0.85	1.56	1.93	1.19	2.04	2.84	1.24
2.768	1.32	1.82	0.82	1.56	1.94	1.18	2.02	2.83	1.20
2.769	1.29	1.81	0.78	1.54	1.93	1.16	1.97	2.81	1.14
2.77	1.34	1.84	0.84	1.51	1.90	1.12	2.04	2.86	1.21
2.771	1.30	1.79	0.81	1.57	1.94	1.19	1.98	2.78	1.18
2.772	1.29	1.77	0.82	1.56	1.94	1.18	1.97	2.75	1.19
2.773	1.49	1.98	1.00	1.70	2.07	1.33	2.27	3.07	1.46
2.774	1.55	2.06	1.04	1.73	2.10	1.36	2.35	3.17	1.52
2.775	1.59	2.11	1.08	1.76	2.13	1.39	2.41	3.25	1.58
2.776	1.58	2.10	1.06	1.74	2.11	1.37	2.40	3.24	1.55
2.777	1.64	2.14	1.15	1.79	2.15	1.43	2.49	3.30	1.68
2.778	1.74	2.23	1.25	1.86	2.22	1.50	2.63	3.43	1.83
2.779	1.72	2.20	1.23	1.84	2.20	1.48	2.59	3.39	1.80
2.78	1.76	2.25	1.28	1.87	2.23	1.52	2.66	3.46	1.87
2.781	1.89	2.36	1.41	1.89	2.25	1.54	2.83	3.62	2.05
2.782	1.93	2.40	1.46	1.96	2.31	1.61	2.88	3.66	2.11
2.783	1.91	2.38	1.44	1.96	2.31	1.61	2.87	3.64	2.09
2.784	1.86	2.33	1.38	1.92	2.28	1.57	2.80	3.59	2.02
2.785	1.87	2.33	1.41	1.90	2.25	1.55	2.82	3.58	2.05
2.786	1.90	2.36	1.43	1.92	2.28	1.56	2.85	3.62	2.09
2.787	1.85	2.32	1.39	1.92	2.28	1.55	2.80	3.56	2.04
2.788	1.91	2.35	1.46	1.96	2.31	1.60	2.88	3.62	2.14
2.789	1.94	2.38	1.50	1.99	2.34	1.64	2.93	3.66	2.19
2.79	1.87	2.32	1.42	1.95	2.31	1.59	2.83	3.57	2.08
2.791	1.79	2.24	1.34	1.91	2.27	1.55	2.73	3.47	1.98
2.792	1.86	2.31	1.41	1.92	2.29	1.55	2.83	3.58	2.08
2.793	1.89	2.34	1.44	1.97	2.33	1.60	2.87	3.62	2.12
2.794	1.92	2.38	1.46	1.96	2.33	1.60	2.91	3.67	2.15
2.795	1.79	2.25	1.32	1.89	2.26	1.52	2.73	3.49	1.96
2.796	1.59	2.07	1.11	1.76	2.14	1.38	2.46	3.25	1.67
2.797	1.65	2.15	1.15	1.79	2.19	1.40	2.54	3.35	1.72
2.798	1.59	2.08	1.10	1.72	2.11	1.33	2.44	3.25	1.64
2.799	1.56	2.05	1.08	1.70	2.09	1.32	2.41	3.21	1.62
2.8	1.52	1.98	1.06	1.70	2.08	1.33	2.35	3.11	1.59
2.801	1.57	2.01	1.13	1.74	2.10	1.38	2.41	3.15	1.68
2.802	1.56	1.99	1.13	1.73	2.09	1.38	2.38	3.10	1.67
2.803	1.46	1.87	1.04	1.68	2.03	1.33	2.23	2.93	1.53
2.804	1.46	1.86	1.05	1.68	2.02	1.33	2.22	2.91	1.54
2.805	1.45	1.86	1.04	1.69	2.03	1.35	2.21	2.90	1.52
2.806	1.55	1.95	1.15	1.75	2.09	1.41	2.33	3.01	1.66
2.807	1.59	1.99	1.20	1.78	2.11	1.44	2.39	3.06	1.72
2.808	1.57	1.97	1.18	1.77	2.10	1.44	2.36	3.03	1.69
2.809	1.55	1.94	1.15	1.78	2.11	1.44	2.31	2.98	1.64
2.81	1.57	1.96	1.18	1.79	2.11	1.46	2.33	2.99	1.66
2.811	1.54	1.92	1.16	1.80	2.12	1.47	2.30	2.95	1.65
2.812	1.68	2.08	1.29	1.82	2.14	1.49	2.51	3.19	1.83
2.813	1.73	2.12	1.33	1.84	2.16	1.52	2.58	3.25	1.90
2.814	1.77	2.17	1.37	1.86	2.18	1.54	2.64	3.31	1.96
2.815	1.79	2.19	1.39	1.87	2.19	1.55	2.68	3.35	2.00
2.816	1.86	2.26	1.45	1.89	2.21	1.57	2.78	3.45	2.10
2.817	1.82	2.22	1.41	1.89	2.21	1.57	2.73	3.41	2.04
2.818	1.90	2.30	1.50	1.92	2.24	1.60	2.84	3.52	2.17
2.819	1.90	2.31	1.49	1.96	2.29	1.63	2.86	3.56	2.17
2.82	1.94	2.36	1.51	1.96	2.30	1.63	2.93	3.64	2.21
2.821	1.95	2.40	1.51	1.97	2.31	1.63	2.95	3.68	2.21
2.822	1.93	2.38	1.48	1.94	2.29	1.59	2.90	3.65	2.16
2.823	1.96	2.43	1.49	1.97	2.33	1.62	2.95	3.73	2.18
2.824	2.02	2.47	1.57	1.98	2.35	1.62	3.03	3.78	2.28
2.825	1.92	2.42	1.42	1.95	2.32	1.58	2.89	3.70	2.08
2.826	1.95	2.47	1.43	1.97	2.35	1.59	2.93	3.77	2.09
2.827	1.95	2.45	1.45	1.97	2.35	1.59	2.93	3.75	2.11
2.828	1.98	2.48	1.47	2.00	2.37	1.62	2.98	3.80	2.16
2.829	2.05	2.53	1.57	2.03	2.39	1.66	3.07	3.86	2.28
2.83	2.07	2.54	1.60	2.04	2.41	1.68	3.09	3.86	2.32
2.831	2.17	2.63	1.71	2.05	2.41	1.70	3.23	3.99	2.47
2.832	2.19	2.64	1.74	2.07	2.42	1.72	3.27	4.01	2.52
2.833	2.28	2.81	1.75	2.06	2.41	1.72	3.39	4.24	2.53
2.834	2.15	2.60	1.71	2.04	2.38	1.70	3.22	3.96	2.48
2.835	2.15	2.59	1.71	2.04	2.38	1.70	3.22	3.96	2.49
2.836	2.17	2.62	1.72	2.06	2.40	1.71	3.25	3.99	2.51
2.837	2.11	2.57	1.64	2.05	2.39	1.71	3.16	3.92	2.40
2.838	2.09	2.55	1.63	2.04	2.38	1.70	3.14	3.89	2.39
2.839	2.08	2.53	1.62	2.03	2.37	1.69	3.12	3.88	2.37
2.84	2.14	2.57	1.70	2.03	2.37	1.68	3.22	3.94	2.49
2.841	2.02	2.47	1.56	2.00	2.35	1.65	3.05	3.80	2.30
2.842	1.94	2.42	1.46	1.95	2.30	1.59	2.93	3.73	2.14
2.843	1.87	2.37	1.37	1.91	2.27	1.54	2.83	3.64	2.02
2.844	1.85	2.34	1.36	1.89	2.26	1.52	2.80	3.60	2.00
2.845	1.85	2.35	1.36	1.90	2.27	1.53	2.81	3.63	2.00
2.846	1.83	2.33	1.34	1.88	2.25	1.50	2.78	3.59	1.98
2.847	1.77	2.28	1.26	1.84	2.22	1.47	2.69	3.52	1.86
2.848	1.70	2.19	1.20	1.80	2.18	1.42	2.59	3.40	1.77
2.849	1.62	2.19	1.05	1.74	2.13	1.35	2.48	3.39	1.57
2.85	1.62	2.21	1.02	1.71	2.11	1.31	2.45	3.40	1.50
2.851	1.63	2.14	1.11	1.71	2.08	1.33	2.47	3.31	1.63
2.852	1.68	2.17	1.20	1.75	2.10	1.40	2.55	3.34	1.76
2.853	1.64	2.07	1.22	1.74	2.10	1.39	2.49	3.21	1.78
2.854	1.67	2.16	1.17	1.73	2.08	1.38	2.53	3.33	1.72
2.855	1.57	2.06	1.08	1.71	2.06	1.35	2.39	3.19	1.58
2.856	1.54	2.04	1.05	1.68	2.03	1.33	2.34	3.15	1.53
2.857	1.54	2.04	1.04	1.68	2.03	1.32	2.33	3.15	1.52
2.858	1.62	2.11	1.13	1.73	2.08	1.38	2.43	3.23	1.63
2.859	1.59	2.09	1.09	1.77	2.12	1.41	2.39	3.21	1.57
2.86	1.65	2.14	1.16	1.81	2.16	1.46	2.47	3.27	1.67
2.861	1.73	2.20	1.25	1.86	2.20	1.53	2.58	3.36	1.79
2.862	1.78	2.26	1.30	1.89	2.24	1.55	2.65	3.44	1.86
2.863	1.82	2.30	1.33	1.92	2.27	1.57	2.71	3.50	1.91
2.864	1.79	2.28	1.31	1.89	2.24	1.54	2.68	3.47	1.88
2.865	1.77	2.25	1.30	1.90	2.24	1.56	2.65	3.43	1.87
2.866	1.83	2.31	1.36	1.93	2.27	1.59	2.72	3.50	1.95
2.867	1.85	2.32	1.37	1.92	2.26	1.58	2.74	3.53	1.96
2.868	1.83	2.31	1.35	1.91	2.25	1.56	2.73	3.51	1.94
2.869	1.86	2.34	1.38	1.94	2.28	1.60	2.77	3.55	1.98
2.87	1.88	2.35	1.41	1.96	2.30	1.62	2.80	3.58	2.02
2.871	1.86	2.33	1.39	1.94	2.27	1.60	2.78	3.55	2.00
2.872	1.88	2.34	1.41	1.94	2.27	1.61	2.79	3.56	2.02
2.873	1.99	2.47	1.51	2.04	2.39	1.69	2.95	3.74	2.16
2.874	1.90	2.36	1.44	1.96	2.29	1.63	2.83	3.59	2.07
2.875	1.85	2.31	1.39	1.94	2.26	1.61	2.76	3.53	2.00
2.876	1.84	2.31	1.38	1.91	2.24	1.58	2.74	3.50	1.97
2.877	1.78	2.22	1.35	1.89	2.22	1.56	2.66	3.38	1.93
2.878	1.69	2.17	1.21	1.85	2.18	1.51	2.53	3.32	1.75
2.879	1.62	2.12	1.11	1.81	2.15	1.46	2.43	3.25	1.61
2.88	1.59	2.09	1.08	1.80	2.15	1.45	2.39	3.22	1.57
2.881	1.56	2.07	1.05	1.79	2.14	1.43	2.35	3.18	1.52
2.882	1.56	2.06	1.07	1.78	2.13	1.42	2.36	3.17	1.54
2.883	1.56	2.05	1.06	1.76	2.11	1.41	2.35	3.15	1.54
2.884	1.57	2.06	1.07	1.76	2.11	1.41	2.36	3.17	1.56
2.885	1.58	2.08	1.09	1.76	2.12	1.41	2.39	3.20	1.59
2.886	1.57	2.05	1.09	1.79	2.14	1.44	2.37	3.16	1.58
2.887	1.67	2.15	1.19	1.77	2.13	1.41	2.52	3.31	1.73
2.888	1.71	2.18	1.25	1.79	2.14	1.44	2.58	3.36	1.81
2.889	1.80	2.24	1.36	1.81	2.16	1.46	2.70	3.43	1.97
2.89	1.74	2.20	1.27	1.81	2.17	1.46	2.62	3.39	1.86
2.891	1.72	2.21	1.24	1.75	2.10	1.40	2.58	3.38	1.79
2.892	1.73	2.21	1.24	1.72	2.07	1.37	2.59	3.39	1.80
2.893	1.78	2.25	1.32	1.73	2.08	1.38	2.67	3.43	1.90
2.894	1.74	2.21	1.28	1.71	2.06	1.36	2.62	3.39	1.86
2.895	1.77	2.25	1.30	1.74	2.08	1.39	2.67	3.45	1.90
2.896	1.74	2.23	1.26	1.74	2.09	1.39	2.65	3.45	1.86
2.897	1.80	2.29	1.32	1.79	2.14	1.44	2.74	3.53	1.95
2.898	1.79	2.24	1.35	1.78	2.13	1.43	2.73	3.47	1.99
2.899	1.78	2.26	1.30	1.78	2.12	1.43	2.71	3.50	1.92
2.9	1.73	2.19	1.27	1.77	2.12	1.42	2.64	3.40	1.88
2.901	1.80	2.26	1.33	1.80	2.14	1.45	2.72	3.49	1.95
2.902	1.95	2.41	1.48	1.89	2.23	1.55	2.90	3.67	2.13
2.903	1.98	2.46	1.50	1.89	2.23	1.55	2.92	3.71	2.13
2.904	1.89	2.36	1.43	1.85	2.18	1.51	2.81	3.58	2.04
2.905	1.81	2.29	1.34	1.81	2.16	1.47	2.71	3.49	1.94
2.906	1.81	2.28	1.34	1.83	2.17	1.49	2.70	3.48	1.93
2.907	1.72	2.20	1.23	1.79	2.13	1.44	2.57	3.37	1.78
2.908	1.67	2.15	1.18	1.76	2.10	1.42	2.50	3.30	1.70
2.909	1.67	2.14	1.21	1.74	2.08	1.40	2.51	3.28	1.73
2.91	1.69	2.15	1.22	1.74	2.09	1.40	2.52	3.29	1.74
2.911	1.70	2.17	1.23	1.76	2.10	1.42	2.54	3.31	1.76
2.912	1.59	2.07	1.12	1.68	2.03	1.34	2.39	3.17	1.60
2.913	1.61	2.08	1.13	1.66	2.01	1.32	2.41	3.18	1.63
2.914	1.55	2.03	1.07	1.64	1.99	1.29	2.33	3.12	1.54
2.915	1.46	1.95	0.96	1.58	1.94	1.22	2.20	3.01	1.38
2.916	1.42	1.89	0.95	1.58	1.93	1.22	2.15	2.93	1.38
2.917	1.41	1.90	0.93	1.58	1.93	1.22	2.15	2.94	1.36
2.918	1.36	1.85	0.88	1.55	1.91	1.19	2.08	2.88	1.28
2.919	1.38	1.85	0.90	1.56	1.91	1.20	2.10	2.88	1.32
2.92	1.39	1.86	0.93	1.56	1.91	1.21	2.12	2.89	1.36
2.921	1.45	1.89	1.00	1.60	1.94	1.26	2.19	2.93	1.45
2.922	1.41	1.85	0.98	1.59	1.92	1.25	2.15	2.88	1.42
2.923	1.36	1.79	0.92	1.55	1.88	1.22	2.07	2.79	1.34
2.924	1.31	1.74	0.87	1.52	1.85	1.19	1.99	2.72	1.26
2.925	1.22	1.66	0.79	1.48	1.82	1.15	1.87	2.60	1.15
2.926	1.22	1.68	0.76	1.48	1.82	1.14	1.86	2.63	1.10
2.927	1.22	1.69	0.76	1.48	1.82	1.15	1.86	2.63	1.10
2.928	1.21	1.68	0.75	1.48	1.82	1.14	1.84	2.61	1.08
2.929	1.26	1.72	0.81	1.51	1.84	1.17	1.92	2.67	1.17
2.93	1.35	1.80	0.90	1.56	1.89	1.22	2.05	2.80	1.29
2.931	1.42	1.88	0.97	1.59	1.93	1.25	2.16	2.91	1.40
2.932	1.48	1.93	1.03	1.67	2.00	1.33	2.24	2.98	1.49
2.933	1.59	2.00	1.18	1.69	2.03	1.36	2.39	3.08	1.70
2.934	1.70	2.15	1.26	1.72	2.06	1.39	2.55	3.29	1.81
2.935	1.79	2.25	1.33	1.78	2.11	1.44	2.68	3.44	1.92
2.936	1.89	2.33	1.46	1.79	2.12	1.45	2.83	3.56	2.11
2.937	1.89	2.35	1.43	1.81	2.15	1.47	2.83	3.58	2.07
2.938	1.92	2.38	1.46	1.82	2.16	1.48	2.87	3.63	2.11
2.939	1.96	2.42	1.50	1.84	2.18	1.50	2.93	3.69	2.17
2.94	2.02	2.47	1.57	1.88	2.22	1.54	3.02	3.76	2.27
2.941	2.11	2.57	1.66	1.94	2.29	1.60	3.15	3.90	2.39
2.942	2.16	2.61	1.71	1.97	2.32	1.62	3.21	3.96	2.46
2.943	2.15	2.60	1.70	1.97	2.32	1.62	3.20	3.95	2.46
2.944	2.15	2.60	1.70	1.97	2.31	1.62	3.20	3.94	2.46
2.945	2.14	2.59	1.69	1.96	2.31	1.61	3.19	3.93	2.45
2.946	2.15	2.61	1.70	1.96	2.31	1.62	3.21	3.96	2.45
2.947	2.11	2.54	1.68	1.97	2.32	1.62	3.15	3.86	2.43
2.948	2.11	2.54	1.68	1.96	2.31	1.61	3.15	3.87	2.43
2.949	2.03	2.46	1.60	1.95	2.30	1.60	3.05	3.77	2.33
2.95	2.03	2.46	1.61	1.96	2.31	1.61	3.06	3.77	2.35
2.951	2.07	2.48	1.65	1.97	2.32	1.63	3.10	3.80	2.40
2.952	2.10	2.52	1.68	1.98	2.32	1.63	3.15	3.85	2.45
2.953	2.14	2.56	1.72	1.99	2.34	1.64	3.20	3.91	2.50
2.954	2.10	2.52	1.68	1.95	2.30	1.61	3.15	3.86	2.45
2.955	2.06	2.48	1.63	1.91	2.26	1.57	3.10	3.81	2.39
2.956	2.08	2.51	1.65	1.90	2.25	1.56	3.12	3.84	2.41
2.957	1.92	2.37	1.47	1.83	2.18	1.48	2.94	3.69	2.20
2.958	1.94	2.37	1.51	1.84	2.18	1.50	2.97	3.69	2.25
2.959	2.00	2.46	1.54	1.83	2.17	1.49	3.06	3.81	2.30
2.96	1.91	2.37	1.46	1.81	2.15	1.47	2.94	3.69	2.18
2.961	1.90	2.37	1.43	1.80	2.14	1.45	2.92	3.69	2.15
2.962	1.97	2.44	1.50	1.80	2.14	1.45	3.02	3.79	2.25
2.963	1.97	2.42	1.52	1.79	2.13	1.44	3.00	3.75	2.25
2.964	1.99	2.44	1.53	1.80	2.14	1.45	3.02	3.78	2.27
2.965	1.96	2.40	1.52	1.76	2.11	1.41	2.98	3.72	2.25
2.966	1.96	2.39	1.52	1.72	2.07	1.36	2.97	3.70	2.24
2.967	1.87	2.32	1.42	1.69	2.04	1.34	2.85	3.60	2.09
2.968	1.87	2.32	1.41	1.69	2.04	1.33	2.84	3.59	2.09
2.969	1.85	2.31	1.40	1.67	2.03	1.32	2.81	3.56	2.06
2.97	1.79	2.26	1.33	1.63	1.99	1.27	2.72	3.49	1.95
2.971	1.73	2.20	1.26	1.59	1.95	1.23	2.63	3.41	1.86
2.972	1.71	2.16	1.26	1.59	1.95	1.24	2.61	3.36	1.86
2.973	1.75	2.18	1.32	1.63	1.98	1.29	2.67	3.39	1.95
2.974	1.62	2.05	1.19	1.53	1.87	1.19	2.48	3.20	1.76
2.975	1.49	1.88	1.10	1.52	1.85	1.19	2.29	2.96	1.63
2.976	1.54	1.93	1.15	1.51	1.84	1.18	2.37	3.03	1.71
2.977	1.50	1.89	1.11	1.49	1.82	1.15	2.31	2.97	1.64
2.978	1.46	1.85	1.07	1.47	1.81	1.14	2.26	2.92	1.60
2.979	1.36	1.75	0.97	1.41	1.74	1.07	2.12	2.78	1.45
2.98	1.36	1.74	0.97	1.41	1.75	1.08	2.11	2.77	1.46
2.981	1.36	1.73	0.99	1.41	1.75	1.08	2.11	2.75	1.47
2.982	1.35	1.74	0.97	1.41	1.74	1.07	2.10	2.76	1.45
2.983	1.29	1.70	0.88	1.34	1.69	0.99	2.01	2.70	1.32
2.984	1.35	1.77	0.93	1.38	1.72	1.03	2.10	2.81	1.39
2.985	1.40	1.81	0.99	1.41	1.75	1.07	2.16	2.86	1.47
2.986	1.49	1.89	1.09	1.49	1.82	1.16	2.30	2.98	1.62
2.987	1.42	1.82	1.02	1.45	1.79	1.12	2.19	2.87	1.52
2.988	1.38	1.78	0.98	1.44	1.78	1.11	2.15	2.82	1.47
2.989	1.38	1.79	0.98	1.46	1.79	1.13	2.15	2.83	1.47
2.99	1.42	1.83	1.01	1.48	1.82	1.15	2.20	2.90	1.51
2.991	1.40	1.84	0.96	1.47	1.81	1.12	2.19	2.92	1.45
2.992	1.47	1.90	1.04	1.51	1.85	1.17	2.29	3.01	1.56
2.993	1.57	1.99	1.15	1.57	1.90	1.23	2.43	3.13	1.72
2.994	1.59	2.01	1.16	1.58	1.92	1.23	2.45	3.16	1.74
2.995	1.67	2.09	1.26	1.61	1.95	1.27	2.57	3.26	1.87
2.996	1.69	2.11	1.28	1.63	1.97	1.29	2.60	3.29	1.91
2.997	1.71	2.11	1.31	1.64	1.97	1.30	2.62	3.30	1.94
2.998	1.75	2.15	1.34	1.67	2.00	1.33	2.68	3.36	2.00
2.999	1.74	2.13	1.34	1.65	1.99	1.31	2.66	3.32	1.99
3	1.75	2.14	1.36	1.64	1.98	1.30	2.67	3.34	2.01
3.001	1.67	2.07	1.26	1.61	1.95	1.27	2.56	3.24	1.87
3.002	1.41	1.84	0.99	1.52	1.87	1.17	2.19	2.90	1.48
3.003	1.52	1.95	1.09	1.51	1.86	1.16	2.34	3.06	1.62
3.004	1.50	1.95	1.06	1.50	1.85	1.14	2.31	3.05	1.57
3.005	1.42	1.86	0.97	1.46	1.82	1.10	2.19	2.93	1.45
3.006	1.37	1.82	0.91	1.42	1.78	1.07	2.11	2.86	1.36
3.007	1.41	1.84	0.98	1.41	1.77	1.06	2.17	2.89	1.44
3.008	1.27	1.72	0.82	1.36	1.73	1.00	1.96	2.71	1.21
3.009	1.23	1.69	0.78	1.34	1.71	0.98	1.90	2.65	1.15
3.01	1.26	1.69	0.82	1.35	1.71	0.98	1.93	2.65	1.21
3.011	1.22	1.66	0.78	1.33	1.69	0.97	1.88	2.61	1.15
3.012	1.24	1.67	0.81	1.35	1.71	0.99	1.91	2.63	1.18
3.013	1.32	1.76	0.89	1.36	1.72	1.00	2.03	2.76	1.31
3.014	1.28	1.72	0.83	1.37	1.74	1.01	1.97	2.71	1.23
3.015	1.26	1.71	0.81	1.36	1.73	1.00	1.95	2.70	1.21
3.016	1.27	1.72	0.83	1.37	1.73	1.00	1.96	2.70	1.22
3.017	1.30	1.74	0.87	1.40	1.76	1.04	2.01	2.73	1.29
3.018	1.30	1.74	0.85	1.41	1.77	1.05	2.00	2.74	1.26
3.019	1.31	1.76	0.86	1.43	1.79	1.07	2.02	2.76	1.28
3.02	1.35	1.79	0.92	1.45	1.80	1.09	2.08	2.80	1.35
3.021	1.39	1.82	0.96	1.47	1.83	1.12	2.13	2.85	1.41
3.022	1.35	1.77	0.93	1.44	1.80	1.09	2.07	2.78	1.36
3.023	1.36	1.78	0.94	1.46	1.81	1.11	2.08	2.79	1.38
3.024	1.33	1.77	0.89	1.46	1.81	1.12	2.03	2.77	1.30
3.025	1.33	1.77	0.89	1.47	1.81	1.12	2.03	2.77	1.30
3.026	1.35	1.78	0.92	1.48	1.82	1.13	2.06	2.78	1.34
3.027	1.39	1.82	0.96	1.48	1.82	1.14	2.11	2.83	1.39
3.028	1.43	1.85	1.00	1.53	1.86	1.19	2.16	2.87	1.44
3.029	1.47	1.89	1.04	1.55	1.89	1.21	2.21	2.93	1.50
3.03	1.53	1.96	1.10	1.60	1.94	1.25	2.30	3.02	1.59
3.031	1.56	1.99	1.13	1.61	1.95	1.27	2.35	3.06	1.63
3.032	1.58	2.01	1.15	1.63	1.97	1.28	2.39	3.11	1.67
3.033	1.62	2.05	1.18	1.65	2.00	1.30	2.44	3.17	1.72
3.034	1.62	2.06	1.18	1.66	2.01	1.31	2.45	3.18	1.72
3.035	1.61	2.05	1.18	1.66	2.01	1.31	2.44	3.17	1.72
3.036	1.62	2.06	1.17	1.67	2.02	1.31	2.46	3.20	1.72
3.037	1.55	1.99	1.11	1.63	1.99	1.27	2.37	3.10	1.64
3.038	1.51	1.94	1.08	1.61	1.96	1.25	2.31	3.03	1.59
3.039	1.52	1.95	1.09	1.62	1.97	1.26	2.34	3.06	1.62
3.04	1.50	1.94	1.06	1.63	1.99	1.28	2.31	3.04	1.57
3.041	1.55	1.98	1.11	1.64	1.99	1.28	2.38	3.11	1.65
3.042	1.51	1.94	1.08	1.61	1.97	1.26	2.33	3.05	1.61
3.043	1.52	1.95	1.09	1.62	1.97	1.26	2.34	3.05	1.63
3.044	1.62	2.03	1.22	1.65	2.00	1.30	2.49	3.17	1.81
3.045	1.53	1.94	1.12	1.62	1.97	1.28	2.35	3.04	1.66
3.046	1.57	1.98	1.16	1.66	2.01	1.31	2.42	3.11	1.72
3.047	1.56	1.97	1.15	1.65	2.00	1.30	2.39	3.08	1.70
3.048	1.57	1.98	1.15	1.66	2.00	1.31	2.40	3.10	1.71
3.049	1.57	1.98	1.16	1.68	2.02	1.34	2.41	3.10	1.72
3.05	1.66	2.07	1.25	1.72	2.06	1.38	2.53	3.23	1.84
3.051	1.65	2.06	1.24	1.75	2.08	1.41	2.52	3.22	1.83
3.052	1.68	2.10	1.27	1.77	2.11	1.44	2.57	3.26	1.87
3.053	1.77	2.17	1.36	1.79	2.12	1.45	2.69	3.37	2.00
3.054	1.76	2.18	1.34	1.82	2.16	1.49	2.67	3.37	1.97
3.055	1.77	2.18	1.35	1.84	2.17	1.50	2.68	3.38	1.98
3.056	1.82	2.24	1.40	1.85	2.19	1.51	2.75	3.45	2.04
3.057	1.90	2.33	1.48	1.87	2.21	1.53	2.87	3.58	2.16
3.058	1.87	2.30	1.45	1.87	2.22	1.53	2.82	3.53	2.11
3.059	1.89	2.32	1.45	1.88	2.23	1.53	2.84	3.56	2.11
3.06	1.89	2.33	1.45	1.87	2.22	1.52	2.83	3.57	2.10
3.061	1.88	2.32	1.44	1.86	2.22	1.50	2.83	3.56	2.09
3.062	1.91	2.35	1.47	1.87	2.23	1.52	2.86	3.59	2.13
3.063	1.95	2.39	1.52	1.90	2.25	1.54	2.92	3.65	2.20
3.064	2.02	2.44	1.59	1.93	2.29	1.58	3.01	3.72	2.30
3.065	2.15	2.56	1.73	1.97	2.32	1.61	3.19	3.88	2.49
3.066	2.03	2.45	1.60	1.94	2.30	1.59	3.02	3.73	2.31
3.067	1.97	2.40	1.53	1.91	2.28	1.55	2.94	3.67	2.21
3.068	1.90	2.35	1.46	1.89	2.25	1.53	2.85	3.58	2.11
3.069	1.97	2.41	1.53	1.90	2.27	1.53	2.94	3.67	2.21
3.07	1.97	2.41	1.53	1.93	2.30	1.56	2.94	3.67	2.21
3.071	2.07	2.51	1.62	1.95	2.32	1.58	3.07	3.81	2.34
3.072	2.06	2.51	1.60	1.95	2.32	1.58	3.06	3.81	2.31
3.073	2.14	2.60	1.69	1.99	2.37	1.62	3.18	3.93	2.43
3.074	2.19	2.64	1.74	2.01	2.39	1.64	3.25	3.99	2.50
3.075	2.24	2.68	1.80	2.04	2.41	1.66	3.32	4.06	2.58
3.076	2.25	2.68	1.82	2.06	2.43	1.69	3.34	4.06	2.63
3.077	2.32	2.75	1.88	2.07	2.44	1.70	3.43	4.16	2.71
3.078	2.34	2.77	1.92	2.09	2.46	1.72	3.47	4.19	2.76
3.079	2.35	2.77	1.92	2.09	2.46	1.73	3.48	4.19	2.77
3.08	2.32	2.74	1.89	2.10	2.46	1.73	3.44	4.15	2.74
3.081	2.44	2.87	2.01	2.10	2.47	1.74	3.61	4.33	2.89
3.082	2.35	2.78	1.92	2.11	2.47	1.75	3.49	4.20	2.77
3.083	2.31	2.75	1.88	2.08	2.45	1.72	3.43	4.16	2.71
3.084	2.28	2.72	1.84	2.07	2.43	1.70	3.39	4.12	2.66
3.085	2.27	2.72	1.82	2.04	2.41	1.68	3.38	4.12	2.63
3.086	2.23	2.71	1.76	2.01	2.39	1.64	3.33	4.11	2.55
3.087	2.15	2.64	1.65	2.00	2.38	1.61	3.21	4.02	2.40
3.088	2.20	2.65	1.76	2.03	2.39	1.66	3.28	4.01	2.54
3.089	2.19	2.63	1.74	2.02	2.39	1.65	3.25	3.99	2.51
3.09	2.24	2.68	1.79	2.03	2.40	1.66	3.33	4.06	2.59
3.091	2.27	2.74	1.80	2.04	2.41	1.67	3.37	4.14	2.60
3.092	2.37	2.84	1.90	2.07	2.44	1.69	3.50	4.27	2.72
3.093	2.40	2.88	1.93	2.09	2.46	1.71	3.55	4.33	2.77
3.094	2.40	2.87	1.92	2.08	2.45	1.70	3.54	4.32	2.75
3.095	2.38	2.84	1.93	2.06	2.44	1.69	3.52	4.27	2.77
3.096	2.38	2.85	1.91	2.07	2.44	1.70	3.51	4.28	2.74
3.097	2.37	2.84	1.91	2.06	2.43	1.70	3.50	4.27	2.73
3.098	2.37	2.84	1.91	2.06	2.43	1.70	3.49	4.26	2.72
3.099	2.37	2.83	1.91	2.06	2.42	1.70	3.49	4.25	2.72
3.1	2.39	2.84	1.93	2.07	2.43	1.72	3.51	4.26	2.76
3.101	2.36	2.82	1.91	2.07	2.42	1.72	3.48	4.23	2.73
3.102	2.38	2.83	1.93	2.08	2.42	1.73	3.50	4.25	2.75
3.103	2.40	2.84	1.95	2.09	2.43	1.75	3.52	4.27	2.78
3.104	2.41	2.86	1.96	2.10	2.45	1.75	3.55	4.30	2.80
3.105	2.33	2.79	1.87	2.09	2.45	1.74	3.44	4.20	2.68
3.106	2.32	2.79	1.85	2.06	2.42	1.70	3.43	4.21	2.65
3.107	2.33	2.80	1.86	2.04	2.40	1.67	3.45	4.22	2.67
3.108	2.29	2.76	1.82	2.02	2.39	1.65	3.39	4.16	2.62
3.109	2.29	2.75	1.82	2.02	2.38	1.65	3.39	4.16	2.62
3.11	2.29	2.75	1.83	2.02	2.38	1.65	3.40	4.16	2.63
3.111	2.29	2.75	1.84	2.02	2.38	1.65	3.40	4.16	2.65
3.112	2.29	2.75	1.83	2.02	2.38	1.65	3.40	4.15	2.64
3.113	2.31	2.77	1.86	2.03	2.40	1.67	3.43	4.18	2.67
3.114	2.28	2.72	1.84	2.02	2.37	1.66	3.38	4.11	2.66
3.115	2.27	2.69	1.86	2.00	2.36	1.65	3.38	4.07	2.68
3.116	2.21	2.61	1.81	1.97	2.32	1.63	3.29	3.97	2.61
3.117	2.18	2.58	1.78	1.95	2.30	1.61	3.25	3.92	2.58
3.118	2.06	2.47	1.65	1.93	2.27	1.59	3.09	3.78	2.40
3.119	2.11	2.51	1.72	1.92	2.26	1.58	3.17	3.84	2.49
3.12	2.07	2.46	1.68	1.90	2.24	1.57	3.11	3.78	2.44
3.121	2.03	2.43	1.64	1.89	2.22	1.55	3.06	3.73	2.39
3.122	2.01	2.40	1.62	1.88	2.21	1.55	3.03	3.70	2.37
3.123	2.09	2.46	1.71	1.89	2.22	1.56	3.13	3.77	2.49
3.124	1.98	2.38	1.58	1.87	2.20	1.54	2.98	3.66	2.31
3.125	1.95	2.35	1.54	1.85	2.18	1.52	2.93	3.62	2.24
3.126	2.03	2.43	1.63	1.85	2.18	1.52	3.04	3.72	2.36
3.127	2.03	2.43	1.63	1.85	2.17	1.52	3.04	3.72	2.36
3.128	1.99	2.39	1.58	1.85	2.18	1.52	2.98	3.65	2.30
3.129	1.94	2.37	1.52	1.84	2.17	1.52	2.91	3.62	2.20
3.13	2.04	2.46	1.63	1.86	2.19	1.53	3.04	3.74	2.35
3.131	2.04	2.45	1.62	1.88	2.21	1.55	3.03	3.73	2.33
3.132	1.98	2.38	1.57	1.87	2.20	1.55	2.95	3.63	2.27
3.133	1.98	2.38	1.57	1.88	2.20	1.55	2.95	3.63	2.27
3.134	1.91	2.32	1.50	1.86	2.19	1.53	2.87	3.56	2.17
3.135	1.85	2.27	1.43	1.82	2.15	1.48	2.79	3.49	2.08
3.136	1.73	2.16	1.30	1.75	2.08	1.41	2.62	3.34	1.90
3.137	1.67	2.12	1.22	1.71	2.05	1.36	2.53	3.28	1.79
3.138	1.60	2.06	1.13	1.66	2.01	1.31	2.43	3.19	1.66
3.139	1.60	2.06	1.14	1.67	2.02	1.32	2.44	3.20	1.68
3.14	1.55	2.02	1.09	1.66	2.01	1.31	2.36	3.13	1.59
3.141	1.55	2.01	1.08	1.67	2.01	1.32	2.35	3.12	1.58
3.142	1.53	1.99	1.06	1.68	2.03	1.34	2.32	3.09	1.55
3.143	1.67	2.12	1.23	1.74	2.08	1.40	2.53	3.27	1.79
3.144	1.77	2.22	1.33	1.79	2.14	1.45	2.67	3.41	1.94
3.145	1.87	2.32	1.43	1.85	2.19	1.51	2.81	3.55	2.07
3.146	2.02	2.46	1.59	1.89	2.23	1.55	3.02	3.74	2.30
3.147	2.01	2.45	1.57	1.93	2.26	1.59	3.00	3.73	2.27
3.148	2.08	2.54	1.62	1.97	2.31	1.62	3.10	3.85	2.34
3.149	2.15	2.62	1.68	2.01	2.35	1.66	3.19	3.96	2.42
3.15	2.15	2.63	1.66	2.04	2.39	1.68	3.19	3.98	2.39
3.151	2.25	2.75	1.76	2.08	2.43	1.72	3.34	4.15	2.53
3.152	2.29	2.78	1.79	2.10	2.45	1.74	3.39	4.20	2.58
3.153	2.30	2.79	1.82	2.10	2.46	1.75	3.41	4.21	2.62
3.154	2.30	2.78	1.82	2.11	2.46	1.75	3.42	4.21	2.63
3.155	2.40	2.88	1.92	2.13	2.48	1.78	3.55	4.34	2.76
3.156	2.38	2.86	1.89	2.13	2.49	1.78	3.52	4.32	2.73
3.157	2.33	2.81	1.84	2.13	2.49	1.78	3.46	4.25	2.67
3.158	2.40	2.89	1.92	2.16	2.51	1.81	3.56	4.35	2.76
3.159	2.32	2.81	1.83	2.14	2.49	1.79	3.45	4.26	2.65
3.16	2.19	2.67	1.71	2.08	2.42	1.73	3.29	4.08	2.50
3.161	2.19	2.65	1.72	2.06	2.40	1.72	3.28	4.05	2.52
3.162	2.12	2.58	1.66	2.04	2.38	1.69	3.19	3.95	2.44
3.163	2.11	2.58	1.64	2.03	2.38	1.69	3.18	3.95	2.41
3.164	2.11	2.58	1.64	2.04	2.39	1.70	3.17	3.94	2.39
3.165	2.08	2.55	1.61	2.03	2.38	1.69	3.12	3.90	2.35
3.166	2.09	2.55	1.63	2.04	2.38	1.70	3.12	3.88	2.37
3.167	2.07	2.55	1.59	2.05	2.39	1.71	3.09	3.87	2.30
3.168	2.02	2.50	1.55	2.03	2.38	1.69	3.03	3.81	2.25
3.169	1.99	2.46	1.52	2.01	2.35	1.67	2.98	3.75	2.20
3.17	1.91	2.36	1.46	1.98	2.33	1.63	2.87	3.62	2.12
3.171	1.89	2.39	1.40	1.96	2.32	1.61	2.85	3.66	2.04
3.172	1.87	2.35	1.39	1.95	2.31	1.60	2.82	3.61	2.03
3.173	1.90	2.34	1.47	1.96	2.31	1.61	2.87	3.59	2.14
3.174	1.92	2.39	1.44	1.96	2.31	1.61	2.88	3.67	2.10
3.175	1.88	2.34	1.41	1.94	2.29	1.59	2.83	3.60	2.06
3.176	1.85	2.32	1.37	1.92	2.27	1.57	2.79	3.57	2.01
3.177	1.84	2.31	1.36	1.92	2.27	1.57	2.77	3.55	1.99
3.178	1.85	2.33	1.37	1.93	2.28	1.58	2.79	3.58	2.01
3.179	1.84	2.31	1.37	1.92	2.27	1.57	2.78	3.56	2.00
3.18	1.79	2.28	1.31	1.91	2.26	1.56	2.72	3.51	1.92
3.181	1.82	2.29	1.35	1.90	2.25	1.55	2.74	3.51	1.97
3.182	1.83	2.31	1.36	1.94	2.29	1.59	2.76	3.54	1.98
3.183	1.89	2.36	1.42	1.97	2.32	1.62	2.84	3.62	2.06
3.184	1.94	2.41	1.47	2.00	2.35	1.65	2.90	3.67	2.13
3.185	1.99	2.46	1.52	2.03	2.37	1.68	2.97	3.74	2.20
3.186	1.96	2.42	1.51	1.99	2.33	1.65	2.93	3.68	2.19
3.187	1.99	2.45	1.53	2.01	2.36	1.66	2.97	3.73	2.21
3.188	2.02	2.47	1.56	2.03	2.38	1.68	3.00	3.75	2.25
3.189	2.02	2.49	1.55	2.04	2.39	1.69	3.00	3.77	2.23
3.19	2.14	2.61	1.68	2.05	2.40	1.70	3.17	3.94	2.41
3.191	1.99	2.48	1.50	2.06	2.41	1.71	2.96	3.75	2.16
3.192	2.07	2.55	1.58	2.03	2.39	1.68	3.05	3.85	2.25
3.193	2.14	2.62	1.66	2.08	2.43	1.73	3.15	3.94	2.35
3.194	2.24	2.73	1.75	2.13	2.48	1.79	3.28	4.08	2.48
3.195	2.28	2.76	1.80	2.13	2.48	1.78	3.34	4.13	2.56
3.196	2.21	2.69	1.73	2.10	2.45	1.75	3.26	4.05	2.48
3.197	2.18	2.66	1.70	2.10	2.45	1.74	3.23	4.02	2.44
3.198	2.19	2.67	1.71	2.10	2.45	1.75	3.24	4.03	2.45
3.199	2.22	2.70	1.74	2.12	2.47	1.76	3.28	4.07	2.50
3.2	2.22	2.71	1.74	2.12	2.47	1.76	3.29	4.09	2.49
3.201	2.20	2.69	1.71	2.11	2.46	1.75	3.26	4.06	2.45
3.202	2.13	2.59	1.67	2.09	2.45	1.73	3.16	3.92	2.40
3.203	2.18	2.70	1.67	2.10	2.46	1.73	3.24	4.07	2.40
3.204	2.20	2.72	1.67	2.11	2.48	1.74	3.26	4.11	2.40
3.205	2.15	2.66	1.64	2.10	2.47	1.73	3.19	4.02	2.36
3.206	2.13	2.66	1.60	2.09	2.46	1.72	3.17	4.02	2.31
3.207	2.15	2.66	1.65	2.10	2.47	1.73	3.20	4.02	2.37
3.208	2.18	2.68	1.68	2.13	2.49	1.77	3.23	4.05	2.42
3.209	2.19	2.69	1.69	2.14	2.50	1.77	3.25	4.06	2.43
3.21	2.11	2.61	1.61	2.13	2.50	1.76	3.13	3.95	2.31
3.211	2.07	2.59	1.55	2.12	2.49	1.75	3.08	3.92	2.23
3.212	2.07	2.57	1.56	2.14	2.50	1.77	3.08	3.90	2.25
3.213	2.06	2.55	1.56	2.15	2.51	1.80	3.06	3.87	2.25
3.214	2.01	2.50	1.52	2.13	2.48	1.78	2.99	3.79	2.19
3.215	1.95	2.43	1.47	2.13	2.49	1.78	2.91	3.69	2.13
3.216	1.99	2.49	1.48	2.15	2.50	1.80	2.96	3.78	2.13
3.217	1.96	2.46	1.45	2.13	2.49	1.78	2.91	3.74	2.08
3.218	1.93	2.44	1.42	2.12	2.48	1.76	2.87	3.71	2.04
3.219	1.96	2.47	1.46	2.14	2.50	1.78	2.91	3.73	2.09
3.22	2.02	2.52	1.52	2.17	2.53	1.82	2.98	3.80	2.17
3.221	1.99	2.47	1.51	2.18	2.53	1.82	2.94	3.72	2.15
3.222	1.94	2.44	1.45	2.15	2.51	1.79	2.88	3.69	2.06
3.223	1.89	2.39	1.39	2.13	2.49	1.77	2.81	3.63	1.99
3.224	1.90	2.39	1.40	2.16	2.52	1.80	2.82	3.63	2.01
3.225	1.97	2.48	1.46	2.21	2.57	1.85	2.91	3.74	2.08
3.226	2.06	2.59	1.53	2.25	2.61	1.89	3.02	3.87	2.16
3.227	2.04	2.54	1.55	2.25	2.61	1.89	3.02	3.83	2.21
3.228	1.96	2.42	1.51	2.23	2.59	1.87	2.92	3.67	2.17
3.229	2.00	2.48	1.52	2.19	2.56	1.83	2.99	3.77	2.20
3.23	2.08	2.57	1.59	2.18	2.55	1.81	3.10	3.90	2.30
3.231	1.98	2.46	1.50	2.17	2.54	1.79	2.96	3.75	2.17
3.232	1.99	2.46	1.52	2.13	2.50	1.76	2.98	3.75	2.20
3.233	1.93	2.42	1.45	2.11	2.49	1.74	2.90	3.69	2.10
3.234	1.90	2.39	1.42	2.10	2.47	1.73	2.86	3.65	2.06
3.235	1.92	2.39	1.44	2.08	2.45	1.71	2.87	3.65	2.10
3.236	1.89	2.37	1.42	2.07	2.44	1.70	2.85	3.62	2.07
3.237	1.86	2.33	1.39	2.06	2.42	1.69	2.80	3.57	2.02
3.238	1.86	2.33	1.39	2.06	2.43	1.69	2.80	3.57	2.03
3.239	1.87	2.35	1.40	2.06	2.43	1.69	2.81	3.59	2.03
3.24	1.97	2.49	1.45	2.07	2.44	1.69	2.95	3.79	2.10
3.241	1.93	2.45	1.42	2.05	2.42	1.67	2.91	3.75	2.08
3.242	1.88	2.37	1.40	2.01	2.39	1.64	2.85	3.65	2.05
3.243	1.94	2.41	1.46	2.02	2.39	1.64	2.92	3.71	2.14
3.244	1.95	2.45	1.45	2.02	2.40	1.65	2.94	3.76	2.13
3.245	1.90	2.39	1.41	1.99	2.35	1.62	2.87	3.67	2.07
3.246	1.85	2.33	1.37	1.96	2.32	1.59	2.80	3.59	2.01
3.247	1.88	2.37	1.39	1.96	2.32	1.60	2.83	3.63	2.03
3.248	1.93	2.43	1.43	1.98	2.34	1.61	2.90	3.71	2.08
3.249	1.96	2.46	1.47	1.99	2.35	1.62	2.94	3.75	2.13
3.25	1.97	2.42	1.51	1.97	2.34	1.61	2.95	3.71	2.20
3.251	1.91	2.38	1.44	1.96	2.33	1.60	2.88	3.65	2.10
3.252	1.90	2.38	1.41	1.96	2.33	1.59	2.87	3.67	2.07
3.253	1.91	2.42	1.40	1.95	2.33	1.58	2.89	3.71	2.06
3.254	1.94	2.46	1.42	1.95	2.34	1.57	2.92	3.76	2.08
3.255	2.11	2.69	1.54	2.02	2.41	1.63	3.16	4.08	2.24
3.256	2.24	2.80	1.67	2.06	2.45	1.67	3.33	4.23	2.42
3.257	2.35	2.90	1.80	2.10	2.49	1.71	3.48	4.36	2.59
3.258	2.27	2.82	1.72	2.07	2.45	1.68	3.37	4.26	2.48
3.259	2.16	2.73	1.59	2.02	2.40	1.64	3.23	4.15	2.32
3.26	2.20	2.72	1.68	2.00	2.38	1.62	3.28	4.13	2.43
3.261	2.22	2.71	1.73	2.01	2.38	1.64	3.31	4.11	2.50
3.262	2.23	2.69	1.76	2.02	2.39	1.65	3.31	4.07	2.55
3.263	2.26	2.74	1.77	2.02	2.39	1.65	3.35	4.15	2.55
3.264	2.27	2.77	1.78	2.03	2.40	1.65	3.37	4.18	2.56
3.265	2.20	2.74	1.67	2.04	2.42	1.66	3.28	4.15	2.41
3.266	2.16	2.70	1.61	2.04	2.42	1.65	3.23	4.11	2.35
3.267	2.14	2.69	1.60	2.02	2.41	1.64	3.21	4.09	2.33
3.268	2.14	2.68	1.60	2.01	2.40	1.63	3.21	4.09	2.33
3.269	2.11	2.66	1.57	1.99	2.38	1.61	3.18	4.06	2.30
3.27	2.09	2.61	1.57	1.97	2.36	1.59	3.14	3.99	2.30
3.271	2.02	2.55	1.49	1.96	2.34	1.58	3.05	3.90	2.19
3.272	2.07	2.60	1.54	1.95	2.34	1.57	3.11	3.96	2.26
3.273	2.08	2.60	1.55	1.95	2.34	1.57	3.12	3.98	2.26
3.274	2.08	2.61	1.56	1.95	2.34	1.56	3.13	3.98	2.27
3.275	2.12	2.64	1.60	1.96	2.35	1.57	3.17	4.01	2.33
3.276	2.17	2.69	1.65	1.96	2.35	1.57	3.24	4.08	2.40
3.277	2.16	2.67	1.64	1.94	2.33	1.55	3.21	4.05	2.37
3.278	2.03	2.57	1.49	1.92	2.31	1.53	3.02	3.90	2.15
3.279	2.06	2.59	1.52	1.94	2.33	1.55	3.06	3.93	2.20
3.28	2.24	2.77	1.71	1.96	2.35	1.57	3.31	4.17	2.46
3.281	2.06	2.55	1.56	1.96	2.35	1.57	3.05	3.86	2.25
3.282	2.06	2.56	1.56	1.92	2.31	1.53	3.06	3.87	2.24
3.283	1.95	2.45	1.44	1.86	2.25	1.48	2.90	3.72	2.09
3.284	1.84	2.34	1.33	1.80	2.19	1.42	2.75	3.58	1.93
3.285	1.80	2.32	1.27	1.77	2.16	1.39	2.69	3.55	1.84
3.286	1.74	2.28	1.20	1.74	2.12	1.35	2.62	3.49	1.75
3.287	1.62	2.17	1.07	1.67	2.06	1.29	2.45	3.34	1.57
3.288	1.51	2.08	0.94	1.63	2.02	1.24	2.30	3.21	1.38
3.289	1.47	2.03	0.90	1.61	1.99	1.22	2.23	3.13	1.32
3.29	1.44	2.01	0.87	1.59	1.98	1.20	2.18	3.10	1.27
3.291	1.43	1.99	0.86	1.57	1.96	1.18	2.15	3.06	1.24
3.292	1.39	1.91	0.87	1.55	1.93	1.16	2.09	2.93	1.24
3.293	1.37	1.88	0.86	1.53	1.91	1.14	2.05	2.88	1.22
3.294	1.44	1.98	0.89	1.51	1.89	1.12	2.13	3.00	1.25
3.295	1.47	1.99	0.94	1.51	1.89	1.13	2.17	3.02	1.32
3.296	1.46	2.00	0.92	1.51	1.90	1.13	2.17	3.04	1.30
3.297	1.42	1.95	0.88	1.48	1.87	1.10	2.10	2.96	1.24
3.298	1.38	1.90	0.85	1.48	1.86	1.10	2.07	2.92	1.21
3.299	1.42	1.94	0.90	1.50	1.88	1.12	2.13	2.98	1.29
3.3	1.46	1.97	0.95	1.50	1.88	1.13	2.19	3.02	1.36
3.301	1.47	1.97	0.96	1.50	1.88	1.12	2.21	3.03	1.38
3.302	1.39	1.90	0.88	1.51	1.90	1.13	2.10	2.93	1.27
3.303	1.48	1.99	0.98	1.52	1.90	1.14	2.24	3.07	1.42
3.304	1.57	2.07	1.06	1.53	1.91	1.15	2.36	3.18	1.54
3.305	1.52	2.02	1.02	1.53	1.90	1.16	2.30	3.12	1.49
3.306	1.48	1.98	0.98	1.53	1.90	1.16	2.25	3.07	1.44
3.307	1.44	1.94	0.93	1.52	1.89	1.15	2.19	3.02	1.37
3.308	1.38	1.89	0.86	1.51	1.88	1.14	2.11	2.95	1.27
3.309	1.34	1.85	0.84	1.51	1.88	1.14	2.06	2.89	1.24
3.31	1.36	1.84	0.88	1.51	1.87	1.15	2.09	2.88	1.31
3.311	1.42	1.91	0.94	1.54	1.90	1.18	2.18	2.98	1.39
3.312	1.64	2.10	1.17	1.57	1.93	1.21	2.49	3.26	1.73
3.313	1.60	2.08	1.13	1.62	1.98	1.27	2.44	3.22	1.66
3.314	1.72	2.18	1.25	1.68	2.03	1.32	2.60	3.37	1.83
3.315	1.75	2.22	1.29	1.70	2.05	1.35	2.65	3.42	1.89
3.316	1.81	2.27	1.35	1.73	2.09	1.38	2.73	3.49	1.97
3.317	1.84	2.31	1.38	1.76	2.11	1.40	2.78	3.54	2.02
3.318	1.88	2.34	1.41	1.78	2.14	1.43	2.83	3.60	2.06
3.319	1.88	2.31	1.45	1.81	2.16	1.45	2.82	3.54	2.10
3.32	2.02	2.47	1.57	1.82	2.17	1.46	3.01	3.76	2.27
3.321	1.97	2.43	1.50	1.83	2.18	1.47	2.94	3.71	2.18
3.322	1.92	2.39	1.46	1.83	2.19	1.47	2.89	3.67	2.12
3.323	1.92	2.40	1.44	1.84	2.20	1.48	2.89	3.68	2.10
3.324	1.88	2.37	1.40	1.84	2.20	1.48	2.85	3.64	2.05
3.325	1.83	2.33	1.33	1.84	2.20	1.47	2.77	3.59	1.96
3.326	1.83	2.33	1.32	1.84	2.20	1.47	2.77	3.59	1.95
3.327	1.81	2.32	1.31	1.84	2.21	1.47	2.76	3.59	1.94
3.328	1.80	2.31	1.29	1.83	2.20	1.47	2.75	3.57	1.92
3.329	1.81	2.31	1.30	1.83	2.20	1.47	2.76	3.58	1.94
3.33	1.75	2.23	1.27	1.83	2.19	1.46	2.69	3.47	1.90
3.331	1.79	2.28	1.30	1.83	2.19	1.48	2.74	3.53	1.94
3.332	1.79	2.29	1.29	1.83	2.19	1.48	2.74	3.55	1.93
3.333	1.92	2.40	1.43	1.90	2.25	1.54	2.92	3.71	2.12
3.334	1.98	2.49	1.48	1.95	2.31	1.59	3.01	3.83	2.18
3.335	1.97	2.48	1.47	1.97	2.34	1.61	2.99	3.81	2.17
3.336	1.88	2.37	1.38	1.95	2.32	1.59	2.85	3.66	2.04
3.337	1.86	2.38	1.35	1.94	2.31	1.57	2.82	3.66	1.99
3.338	1.86	2.37	1.34	1.95	2.32	1.57	2.81	3.65	1.98
3.339	1.80	2.30	1.29	1.94	2.32	1.57	2.73	3.55	1.90
3.34	1.93	2.45	1.41	1.96	2.33	1.58	2.91	3.75	2.06
3.341	1.87	2.40	1.34	1.93	2.31	1.55	2.82	3.67	1.96
3.342	1.83	2.36	1.30	1.91	2.29	1.53	2.76	3.62	1.89
3.343	1.87	2.40	1.34	1.93	2.30	1.55	2.81	3.67	1.95
3.344	1.86	2.38	1.33	1.92	2.29	1.55	2.78	3.63	1.94
3.345	1.83	2.35	1.31	1.91	2.28	1.54	2.74	3.59	1.90
3.346	1.86	2.39	1.33	1.93	2.31	1.56	2.77	3.63	1.92
3.347	1.87	2.41	1.34	1.95	2.34	1.57	2.79	3.66	1.92
3.348	1.94	2.48	1.41	1.99	2.38	1.61	2.89	3.76	2.02
3.349	1.95	2.47	1.42	1.98	2.36	1.61	2.89	3.74	2.04
3.35	1.96	2.48	1.44	1.97	2.34	1.60	2.90	3.75	2.06
3.351	2.00	2.52	1.48	1.99	2.36	1.63	2.96	3.80	2.12
3.352	2.36	2.86	1.85	2.00	2.37	1.63	3.45	4.27	2.63
3.353	2.36	2.87	1.85	2.01	2.38	1.64	3.47	4.31	2.63
3.354	2.38	2.90	1.85	2.02	2.40	1.65	3.50	4.35	2.65
3.355	2.40	2.93	1.87	2.02	2.40	1.65	3.54	4.39	2.68
3.356	2.49	3.00	1.97	2.04	2.41	1.67	3.65	4.50	2.81
3.357	2.41	2.92	1.89	2.00	2.37	1.63	3.56	4.39	2.72
3.358	2.45	2.96	1.94	2.02	2.40	1.65	3.62	4.46	2.79
3.359	2.45	2.96	1.94	2.04	2.42	1.67	3.63	4.45	2.80
3.36	2.45	2.95	1.95	2.04	2.42	1.66	3.63	4.45	2.81
3.361	2.54	3.06	2.03	2.04	2.42	1.66	3.73	4.56	2.89
3.362	2.48	2.99	1.96	2.01	2.39	1.63	3.64	4.48	2.80
3.363	2.46	2.98	1.94	2.01	2.39	1.63	3.62	4.47	2.78
3.364	2.40	2.93	1.88	1.99	2.37	1.61	3.54	4.39	2.70
3.365	2.58	3.13	2.03	2.10	2.50	1.70	3.78	4.66	2.90
3.366	2.37	2.89	1.86	2.02	2.41	1.63	3.52	4.36	2.68
3.367	2.27	2.79	1.75	2.01	2.40	1.62	3.37	4.21	2.53
3.368	2.31	2.84	1.78	1.99	2.38	1.60	3.43	4.28	2.57
3.369	2.24	2.78	1.71	1.97	2.36	1.58	3.35	4.21	2.48
3.37	2.19	2.71	1.67	1.96	2.34	1.58	3.27	4.12	2.43
3.371	2.23	2.74	1.72	1.99	2.37	1.60	3.33	4.16	2.50
3.372	2.10	2.60	1.59	1.92	2.29	1.55	3.15	3.97	2.33
3.373	2.18	2.66	1.70	1.97	2.34	1.60	3.27	4.06	2.47
3.374	2.14	2.62	1.67	1.97	2.33	1.60	3.22	4.00	2.43
3.375	2.09	2.56	1.62	1.95	2.31	1.58	3.14	3.92	2.37
3.376	2.07	2.54	1.60	1.94	2.31	1.58	3.11	3.89	2.34
3.377	2.01	2.47	1.54	1.92	2.28	1.56	3.03	3.80	2.26
3.378	2.02	2.47	1.58	1.96	2.32	1.59	3.05	3.79	2.31
3.379	2.08	2.54	1.62	1.97	2.34	1.61	3.12	3.88	2.36
3.38	2.20	2.64	1.75	1.99	2.35	1.63	3.28	4.02	2.54
3.381	2.12	2.58	1.65	1.99	2.35	1.64	3.17	3.94	2.40
3.382	2.11	2.60	1.63	2.03	2.39	1.67	3.16	3.96	2.37
3.383	2.23	2.68	1.77	2.03	2.39	1.67	3.32	4.07	2.56
3.384	2.20	2.67	1.72	2.03	2.39	1.67	3.28	4.06	2.49
3.385	2.20	2.69	1.72	2.03	2.39	1.66	3.28	4.08	2.49
3.386	2.19	2.67	1.71	2.04	2.40	1.68	3.26	4.05	2.48
3.387	2.26	2.76	1.76	2.06	2.42	1.69	3.36	4.18	2.55
3.388	2.36	2.84	1.88	2.13	2.50	1.76	3.49	4.28	2.70
3.389	2.34	2.87	1.82	2.11	2.49	1.74	3.47	4.32	2.62
3.39	2.36	2.88	1.84	2.13	2.51	1.75	3.49	4.33	2.64
3.391	2.35	2.89	1.81	2.13	2.51	1.74	3.47	4.34	2.60
3.392	2.32	2.87	1.78	2.12	2.50	1.73	3.43	4.31	2.56
3.393	2.32	2.87	1.77	2.12	2.51	1.73	3.42	4.31	2.54
3.394	2.45	3.01	1.89	2.13	2.52	1.75	3.60	4.50	2.71
3.395	2.30	2.82	1.77	2.12	2.50	1.73	3.40	4.26	2.54
3.396	2.24	2.78	1.71	2.10	2.48	1.72	3.33	4.20	2.46
3.397	2.26	2.79	1.73	2.11	2.49	1.74	3.35	4.21	2.49
3.398	2.22	2.76	1.69	2.11	2.48	1.74	3.31	4.18	2.44
3.399	2.24	2.80	1.69	2.15	2.53	1.77	3.34	4.23	2.44
3.4	2.30	2.87	1.73	2.19	2.57	1.80	3.41	4.33	2.49
3.401	2.32	2.89	1.74	2.21	2.60	1.82	3.44	4.36	2.52
3.402	2.25	2.84	1.67	2.19	2.58	1.80	3.36	4.30	2.42
3.403	2.21	2.81	1.60	2.17	2.57	1.78	3.29	4.26	2.33
3.404	2.24	2.81	1.66	2.20	2.59	1.81	3.34	4.26	2.41
3.405	2.31	2.87	1.75	2.24	2.63	1.85	3.44	4.34	2.54
3.406	2.45	3.01	1.89	2.28	2.67	1.89	3.62	4.53	2.72
3.407	2.47	3.03	1.92	2.30	2.68	1.91	3.66	4.55	2.76
3.408	2.50	3.05	1.95	2.31	2.70	1.93	3.70	4.58	2.81
3.409	2.49	3.05	1.94	2.32	2.71	1.93	3.68	4.58	2.79
3.41	2.50	3.05	1.96	2.33	2.71	1.94	3.70	4.58	2.82
3.411	2.54	3.08	2.01	2.35	2.73	1.97	3.75	4.61	2.88
3.412	2.59	3.14	2.03	2.38	2.77	1.99	3.80	4.70	2.90
3.413	2.56	3.14	1.97	2.38	2.78	1.98	3.77	4.70	2.83
3.414	2.57	3.16	1.98	2.39	2.79	1.99	3.78	4.72	2.83
3.415	2.53	3.08	1.97	2.41	2.80	2.01	3.72	4.61	2.83
3.416	2.64	3.17	2.10	2.40	2.79	2.01	3.86	4.73	3.00
3.417	2.57	3.11	2.02	2.41	2.79	2.02	3.77	4.64	2.89
3.418	2.64	3.17	2.11	2.41	2.79	2.02	3.87	4.72	3.01
3.419	2.48	3.01	1.95	2.38	2.76	2.00	3.65	4.52	2.79
3.42	2.37	2.91	1.84	2.33	2.71	1.95	3.51	4.38	2.64
3.421	2.49	3.04	1.94	2.32	2.70	1.94	3.67	4.55	2.78
3.422	2.37	2.91	1.83	2.34	2.73	1.96	3.51	4.38	2.63
3.423	2.29	2.83	1.75	2.32	2.70	1.93	3.41	4.29	2.54
3.424	2.26	2.81	1.72	2.31	2.69	1.92	3.37	4.25	2.49
3.425	2.28	2.83	1.73	2.32	2.70	1.93	3.39	4.27	2.51
3.426	2.28	2.83	1.73	2.32	2.71	1.94	3.39	4.28	2.51
3.427	2.27	2.82	1.71	2.32	2.70	1.93	3.38	4.27	2.48
3.428	2.21	2.75	1.67	2.30	2.68	1.91	3.30	4.18	2.42
3.429	2.20	2.76	1.65	2.29	2.68	1.90	3.29	4.19	2.39
3.43	2.21	2.79	1.62	2.27	2.67	1.88	3.29	4.23	2.35
3.431	2.18	2.79	1.58	2.26	2.66	1.86	3.27	4.24	2.30
3.432	2.35	2.92	1.78	2.35	2.74	1.96	3.50	4.41	2.58
3.433	2.36	2.92	1.80	2.36	2.74	1.98	3.51	4.41	2.62
3.434	2.43	2.98	1.87	2.39	2.77	2.00	3.61	4.50	2.72
3.435	2.25	2.84	1.66	2.30	2.70	1.91	3.38	4.32	2.44
3.436	2.32	2.89	1.76	2.34	2.73	1.95	3.48	4.39	2.57
3.437	2.35	2.92	1.78	2.35	2.74	1.96	3.52	4.44	2.60
3.438	2.36	2.94	1.77	2.35	2.75	1.96	3.53	4.47	2.60
3.439	2.43	2.99	1.86	2.35	2.74	1.95	3.64	4.55	2.73
3.44	2.52	3.09	1.95	2.35	2.75	1.95	3.75	4.67	2.84
3.441	2.33	2.94	1.73	2.33	2.73	1.93	3.51	4.48	2.54
3.442	2.35	2.92	1.77	2.33	2.73	1.93	3.52	4.44	2.60
3.443	2.29	2.86	1.73	2.30	2.69	1.91	3.44	4.35	2.54
3.444	2.22	2.78	1.67	2.26	2.65	1.88	3.34	4.24	2.45
3.445	2.37	2.91	1.84	2.32	2.71	1.94	3.54	4.40	2.68
3.446	2.39	2.94	1.84	2.34	2.72	1.95	3.55	4.44	2.66
3.447	2.42	2.97	1.87	2.35	2.73	1.96	3.58	4.47	2.70
3.448	2.49	3.03	1.94	2.36	2.75	1.97	3.67	4.55	2.79
3.449	2.50	3.06	1.95	2.36	2.75	1.97	3.69	4.58	2.80
3.45	2.44	2.99	1.88	2.31	2.70	1.93	3.60	4.50	2.69
3.451	2.44	2.99	1.88	2.30	2.69	1.92	3.60	4.50	2.69
3.452	2.42	2.98	1.86	2.29	2.67	1.90	3.58	4.48	2.68
3.453	2.40	2.97	1.84	2.27	2.66	1.88	3.55	4.46	2.64
3.454	2.42	2.99	1.85	2.27	2.66	1.89	3.57	4.49	2.65
3.455	2.42	2.98	1.85	2.28	2.67	1.89	3.57	4.48	2.66
3.456	2.44	3.01	1.88	2.28	2.67	1.90	3.60	4.51	2.70
3.457	2.49	3.04	1.94	2.31	2.69	1.93	3.66	4.55	2.77
3.458	2.52	3.05	1.99	2.33	2.71	1.95	3.71	4.57	2.84
3.459	2.58	3.12	2.04	2.37	2.75	1.98	3.79	4.66	2.92
3.46	2.51	3.06	1.97	2.33	2.71	1.94	3.69	4.57	2.82
3.461	2.45	3.02	1.88	2.28	2.67	1.89	3.61	4.52	2.69
3.462	2.43	3.00	1.85	2.23	2.62	1.84	3.57	4.49	2.64
3.463	2.38	2.96	1.81	2.20	2.60	1.81	3.50	4.43	2.58
3.464	2.34	2.92	1.76	2.18	2.57	1.79	3.45	4.37	2.52
3.465	2.23	2.77	1.69	2.15	2.54	1.75	3.30	4.17	2.42
3.466	2.20	2.78	1.63	2.12	2.51	1.73	3.26	4.18	2.35
3.467	1.97	2.51	1.43	2.11	2.49	1.72	2.94	3.81	2.07
3.468	2.20	2.76	1.64	2.12	2.50	1.73	3.25	4.16	2.35
3.469	2.25	2.80	1.69	2.14	2.52	1.76	3.31	4.21	2.42
3.47	2.23	2.78	1.68	2.15	2.53	1.78	3.29	4.18	2.41
3.471	2.31	2.86	1.76	2.18	2.55	1.80	3.41	4.30	2.52
3.472	2.36	2.90	1.82	2.20	2.57	1.83	3.47	4.34	2.60
3.473	2.44	2.97	1.90	2.24	2.61	1.87	3.58	4.44	2.71
3.474	2.43	2.96	1.90	2.25	2.61	1.88	3.57	4.44	2.71
3.475	2.50	3.03	1.96	2.30	2.66	1.93	3.66	4.53	2.80
3.476	2.67	3.23	2.11	2.35	2.72	1.98	3.90	4.80	2.99
3.477	2.72	3.23	2.20	2.38	2.75	2.02	3.96	4.80	3.12
3.478	2.79	3.36	2.23	2.42	2.78	2.05	4.06	4.97	3.16
3.479	2.66	3.20	2.12	2.42	2.78	2.05	3.89	4.76	3.02
3.48	2.80	3.36	2.24	2.44	2.80	2.08	4.08	4.98	3.18
3.481	2.78	3.41	2.16	2.43	2.80	2.05	4.06	5.06	3.07
3.482	2.77	3.39	2.15	2.43	2.80	2.06	4.04	5.04	3.05
3.483	2.79	3.41	2.16	2.44	2.81	2.07	4.06	5.05	3.07
3.484	2.79	3.42	2.17	2.45	2.82	2.07	4.07	5.07	3.07
3.485	2.79	3.43	2.16	2.45	2.82	2.08	4.06	5.07	3.05
3.486	2.79	3.43	2.15	2.45	2.83	2.08	4.06	5.08	3.04
3.487	2.85	3.49	2.22	2.49	2.86	2.11	4.13	5.14	3.13
3.488	2.84	3.47	2.20	2.48	2.85	2.11	4.11	5.12	3.10
3.489	2.88	3.51	2.25	2.49	2.86	2.12	4.17	5.17	3.16
3.49	2.87	3.48	2.27	2.51	2.88	2.14	4.16	5.13	3.19
3.491	2.97	3.58	2.36	2.52	2.89	2.15	4.28	5.25	3.31
3.492	2.96	3.54	2.39	2.53	2.90	2.17	4.27	5.19	3.34
3.493	2.97	3.56	2.38	2.55	2.91	2.19	4.28	5.22	3.33
3.494	2.96	3.54	2.37	2.54	2.90	2.18	4.26	5.19	3.33
3.495	2.95	3.53	2.38	2.54	2.90	2.18	4.26	5.19	3.33
3.496	2.96	3.53	2.40	2.54	2.90	2.19	4.27	5.19	3.36
3.497	2.97	3.54	2.39	2.53	2.90	2.17	4.28	5.20	3.35
3.498	2.93	3.52	2.35	2.52	2.88	2.15	4.24	5.17	3.30
3.499	2.93	3.53	2.33	2.52	2.89	2.15	4.24	5.20	3.27
3.5	2.78	3.37	2.20	2.53	2.90	2.15	4.05	4.99	3.11
3.501	2.94	3.56	2.32	2.52	2.90	2.15	4.25	5.24	3.26
3.502	2.91	3.52	2.29	2.51	2.88	2.14	4.21	5.19	3.23
3.503	2.86	3.47	2.26	2.50	2.87	2.13	4.16	5.12	3.19
3.504	2.86	3.47	2.24	2.49	2.85	2.12	4.15	5.13	3.17
3.505	2.83	3.44	2.22	2.47	2.84	2.11	4.12	5.09	3.14
3.506	2.80	3.43	2.17	2.46	2.83	2.09	4.08	5.09	3.08
3.507	2.76	3.41	2.11	2.44	2.81	2.06	4.03	5.06	3.00
3.508	2.70	3.37	2.04	2.41	2.79	2.02	3.95	5.01	2.90
3.509	2.66	3.33	1.99	2.39	2.77	2.00	3.90	4.97	2.83
3.51	2.63	3.31	1.95	2.37	2.76	1.99	3.86	4.93	2.78
3.511	2.56	3.26	1.87	2.32	2.71	1.93	3.77	4.87	2.68
3.512	2.35	3.05	1.65	2.30	2.69	1.91	3.50	4.60	2.39
3.513	2.34	3.04	1.65	2.30	2.69	1.91	3.49	4.59	2.38
3.514	2.36	3.05	1.66	2.30	2.70	1.91	3.50	4.61	2.40
3.515	2.36	3.05	1.67	2.30	2.70	1.91	3.51	4.60	2.42
3.516	2.36	3.05	1.68	2.30	2.69	1.91	3.51	4.59	2.43
3.517	2.34	3.02	1.66	2.29	2.68	1.90	3.48	4.55	2.40
3.518	2.32	3.00	1.64	2.29	2.68	1.90	3.45	4.53	2.38
3.519	2.42	3.13	1.71	2.30	2.69	1.91	3.59	4.71	2.46
3.52	2.47	3.18	1.75	2.32	2.72	1.93	3.65	4.78	2.51
3.521	2.49	3.19	1.78	2.34	2.73	1.95	3.67	4.79	2.56
3.522	2.49	3.19	1.79	2.35	2.74	1.96	3.68	4.78	2.58
3.523	2.50	3.19	1.82	2.36	2.75	1.97	3.70	4.79	2.62
3.524	2.54	3.22	1.85	2.39	2.78	2.00	3.75	4.83	2.67
3.525	2.61	3.30	1.91	2.42	2.81	2.03	3.84	4.94	2.74
3.526	2.62	3.29	1.96	2.43	2.83	2.04	3.87	4.92	2.82
3.527	2.59	3.28	1.89	2.43	2.83	2.03	3.82	4.92	2.72
3.528	2.63	3.33	1.94	2.45	2.85	2.06	3.88	4.98	2.78
3.529	2.75	3.42	2.09	2.47	2.87	2.07	4.04	5.09	2.99
3.53	2.64	3.34	1.94	2.47	2.87	2.06	3.90	5.00	2.80
3.531	2.62	3.31	1.93	2.46	2.86	2.06	3.87	4.96	2.78
3.532	2.61	3.29	1.92	2.46	2.86	2.06	3.85	4.94	2.77
3.533	2.56	3.23	1.89	2.46	2.86	2.06	3.79	4.85	2.73
3.534	2.55	3.22	1.89	2.46	2.86	2.06	3.77	4.82	2.72
3.535	2.54	3.19	1.88	2.46	2.86	2.05	3.75	4.79	2.70
3.536	2.57	3.20	1.95	2.43	2.83	2.04	3.79	4.78	2.80
3.537	2.43	2.99	1.87	2.39	2.78	2.00	3.60	4.50	2.69
3.538	2.47	3.08	1.86	2.37	2.76	1.98	3.64	4.62	2.67
3.539	2.42	3.03	1.81	2.34	2.72	1.96	3.58	4.55	2.61
3.54	2.36	2.96	1.76	2.32	2.70	1.95	3.50	4.46	2.54
3.541	2.41	3.04	1.78	2.32	2.70	1.94	3.56	4.56	2.56
3.542	2.42	3.05	1.80	2.31	2.69	1.93	3.58	4.57	2.58
3.543	2.44	3.07	1.81	2.33	2.71	1.95	3.59	4.60	2.59
3.544	2.48	3.12	1.84	2.35	2.74	1.97	3.65	4.66	2.64
3.545	2.57	3.20	1.95	2.37	2.76	1.99	3.77	4.76	2.78
3.546	2.52	3.15	1.90	2.38	2.77	2.00	3.70	4.69	2.71
3.547	2.53	3.13	1.92	2.40	2.79	2.02	3.70	4.66	2.73
3.548	2.54	3.16	1.92	2.40	2.79	2.01	3.71	4.70	2.72
3.549	2.54	3.14	1.93	2.40	2.79	2.02	3.70	4.67	2.73
3.55	2.54	3.14	1.94	2.41	2.79	2.02	3.70	4.66	2.75
3.551	2.58	3.18	1.99	2.43	2.81	2.04	3.76	4.71	2.81
3.552	2.57	3.15	1.98	2.42	2.81	2.04	3.74	4.68	2.80
3.553	2.60	3.20	2.00	2.43	2.83	2.04	3.79	4.75	2.82
3.554	2.58	3.18	1.99	2.43	2.82	2.04	3.77	4.72	2.82
3.555	2.55	3.13	1.97	2.42	2.81	2.03	3.72	4.66	2.79
3.556	2.61	3.17	2.06	2.41	2.79	2.02	3.81	4.71	2.91
3.557	2.59	3.12	2.06	2.39	2.77	2.01	3.78	4.64	2.92
3.558	2.70	3.33	2.07	2.34	2.72	1.96	3.93	4.93	2.93
3.559	2.45	3.01	1.90	2.32	2.71	1.94	3.60	4.50	2.71
3.56	2.47	3.01	1.94	2.32	2.71	1.94	3.64	4.50	2.77
3.561	2.44	3.01	1.87	2.31	2.69	1.93	3.59	4.50	2.68
3.562	2.50	3.08	1.92	2.31	2.70	1.93	3.67	4.60	2.74
3.563	2.44	3.04	1.84	2.28	2.67	1.89	3.58	4.54	2.62
3.564	2.46	3.03	1.89	2.29	2.68	1.90	3.61	4.53	2.70
3.565	2.49	3.05	1.93	2.28	2.67	1.90	3.65	4.55	2.74
3.566	2.43	2.97	1.88	2.28	2.67	1.90	3.56	4.45	2.68
3.567	2.49	3.07	1.92	2.30	2.68	1.91	3.65	4.58	2.72
3.568	2.55	3.12	1.98	2.32	2.71	1.93	3.73	4.64	2.82
3.569	2.49	3.08	1.91	2.31	2.69	1.92	3.66	4.60	2.72
3.57	2.52	3.09	1.95	2.33	2.72	1.95	3.69	4.61	2.78
3.571	2.59	3.17	2.02	2.36	2.74	1.97	3.79	4.72	2.86
3.572	2.61	3.19	2.03	2.37	2.75	1.98	3.81	4.74	2.88
3.573	2.56	3.13	2.00	2.37	2.75	1.99	3.75	4.66	2.84
3.574	2.57	3.14	1.99	2.36	2.74	1.98	3.75	4.68	2.83
3.575	2.54	3.12	1.97	2.36	2.73	1.98	3.72	4.65	2.80
3.576	2.47	3.03	1.91	2.34	2.71	1.96	3.63	4.53	2.73
3.577	2.41	2.96	1.87	2.32	2.69	1.95	3.55	4.43	2.67
3.578	2.38	2.93	1.84	2.31	2.68	1.95	3.51	4.39	2.62
3.579	2.36	2.91	1.81	2.31	2.67	1.94	3.47	4.36	2.59
3.58	2.34	2.89	1.79	2.31	2.67	1.95	3.45	4.33	2.56
3.581	2.32	2.87	1.77	2.30	2.66	1.94	3.42	4.31	2.54
3.582	2.31	2.87	1.76	2.30	2.66	1.95	3.42	4.32	2.53
3.583	2.35	2.91	1.79	2.32	2.68	1.97	3.48	4.38	2.58
3.584	2.44	3.01	1.88	2.37	2.73	2.02	3.61	4.51	2.70
3.585	2.50	3.07	1.93	2.40	2.76	2.05	3.69	4.61	2.78
3.586	2.43	2.97	1.88	2.38	2.73	2.03	3.59	4.48	2.71
3.587	2.51	3.05	1.96	2.44	2.81	2.07	3.70	4.59	2.82
3.588	2.61	3.18	2.04	2.48	2.85	2.11	3.85	4.77	2.93
3.589	2.71	3.30	2.11	2.53	2.90	2.15	3.97	4.93	3.02
3.59	2.72	3.33	2.12	2.54	2.91	2.16	4.00	4.97	3.03
3.591	2.72	3.33	2.11	2.54	2.92	2.16	4.00	4.97	3.02
3.592	2.77	3.37	2.18	2.55	2.93	2.17	4.06	5.02	3.11
3.593	2.70	3.26	2.14	2.50	2.88	2.13	3.96	4.86	3.06
3.594	2.71	3.31	2.11	2.52	2.90	2.14	3.98	4.94	3.02
3.595	2.75	3.37	2.12	2.55	2.94	2.15	4.02	5.02	3.03
3.596	2.66	3.26	2.07	2.52	2.92	2.13	3.91	4.86	2.96
3.597	2.70	3.30	2.10	2.54	2.93	2.14	3.96	4.92	3.00
3.598	2.75	3.36	2.13	2.56	2.96	2.16	4.01	4.99	3.03
3.599	2.83	3.46	2.21	2.60	3.00	2.19	4.12	5.11	3.12
3.6	2.86	3.47	2.24	2.62	3.02	2.22	4.14	5.12	3.16
3.601	2.93	3.56	2.30	2.61	3.01	2.21	4.24	5.25	3.24
3.602	2.96	3.59	2.32	2.61	3.01	2.21	4.27	5.28	3.26
3.603	2.95	3.59	2.31	2.65	3.05	2.26	4.26	5.28	3.24
3.604	3.03	3.66	2.40	2.69	3.08	2.30	4.36	5.36	3.36
3.605	3.04	3.67	2.41	2.69	3.08	2.30	4.38	5.38	3.38
3.606	3.03	3.66	2.40	2.68	3.07	2.30	4.37	5.37	3.37
3.607	3.00	3.62	2.38	2.66	3.04	2.28	4.33	5.32	3.34
3.608	2.98	3.61	2.36	2.65	3.03	2.27	4.32	5.31	3.32
3.609	2.98	3.61	2.35	2.65	3.03	2.27	4.31	5.31	3.31
3.61	2.96	3.60	2.32	2.64	3.03	2.26	4.30	5.31	3.28
3.611	2.95	3.59	2.30	2.64	3.02	2.25	4.28	5.30	3.26
3.612	2.91	3.55	2.28	2.63	3.02	2.25	4.24	5.25	3.23
3.613	2.94	3.58	2.31	2.62	3.01	2.23	4.27	5.29	3.26
3.614	2.75	3.36	2.14	2.60	2.99	2.20	4.02	5.00	3.05
3.615	2.85	3.52	2.18	2.58	2.99	2.17	4.15	5.21	3.09
3.616	2.51	3.15	1.87	2.57	2.98	2.16	3.71	4.74	2.69
3.617	2.85	3.46	2.24	2.56	2.97	2.15	4.16	5.13	3.18
3.618	2.84	3.50	2.19	2.56	2.97	2.16	4.14	5.18	3.10
3.619	2.88	3.52	2.23	2.58	2.98	2.17	4.18	5.20	3.15
3.62	2.92	3.53	2.32	2.58	2.99	2.18	4.23	5.20	3.27
3.621	2.85	3.50	2.21	2.56	2.97	2.16	4.14	5.16	3.11
3.622	2.80	3.45	2.15	2.54	2.94	2.13	4.07	5.11	3.04
3.623	2.84	3.48	2.19	2.52	2.92	2.11	4.11	5.14	3.09
3.624	2.89	3.53	2.26	2.54	2.94	2.13	4.18	5.19	3.18
3.625	2.94	3.55	2.33	2.55	2.95	2.15	4.24	5.21	3.26
3.626	2.97	3.58	2.36	2.56	2.95	2.17	4.28	5.25	3.30
3.627	2.95	3.55	2.35	2.52	2.91	2.14	4.24	5.21	3.28
3.628	2.89	3.49	2.29	2.49	2.87	2.10	4.17	5.13	3.21
3.629	2.85	3.45	2.25	2.46	2.84	2.08	4.12	5.08	3.16
3.63	2.83	3.42	2.23	2.43	2.81	2.05	4.10	5.05	3.15
3.631	2.80	3.40	2.20	2.40	2.78	2.02	4.06	5.03	3.10
3.632	2.79	3.39	2.19	2.39	2.78	2.01	4.05	5.02	3.09
3.633	2.79	3.39	2.18	2.40	2.78	2.02	4.04	5.01	3.08
3.634	2.77	3.37	2.16	2.39	2.77	2.00	4.02	4.99	3.05
3.635	2.78	3.39	2.16	2.39	2.77	2.00	4.03	5.01	3.05
3.636	2.65	3.21	2.09	2.40	2.78	2.01	3.86	4.76	2.97
3.637	2.71	3.34	2.08	2.33	2.71	1.94	3.94	4.95	2.94
3.638	2.75	3.39	2.11	2.34	2.73	1.95	3.99	5.02	2.97
3.639	2.73	3.36	2.09	2.33	2.72	1.93	3.96	4.97	2.95
3.64	2.71	3.31	2.11	2.30	2.69	1.91	3.94	4.90	2.97
3.641	2.63	3.23	2.04	2.26	2.65	1.87	3.85	4.79	2.90
3.642	2.61	3.17	2.06	2.27	2.67	1.87	3.82	4.71	2.93
3.643	2.69	3.28	2.11	2.31	2.71	1.90	3.93	4.87	2.99
3.644	2.75	3.35	2.15	2.32	2.73	1.91	4.01	4.97	3.06
3.645	2.78	3.38	2.17	2.33	2.74	1.92	4.05	5.02	3.08
3.646	2.84	3.43	2.25	2.36	2.77	1.96	4.14	5.08	3.20
3.647	2.83	3.41	2.25	2.36	2.76	1.96	4.13	5.07	3.20
3.648	2.82	3.40	2.24	2.36	2.76	1.95	4.12	5.06	3.19
3.649	2.82	3.40	2.24	2.36	2.76	1.95	4.13	5.07	3.20
3.65	2.80	3.37	2.23	2.37	2.77	1.96	4.11	5.03	3.19
3.651	2.87	3.45	2.29	2.38	2.78	1.98	4.20	5.13	3.27
3.652	2.87	3.43	2.31	2.38	2.79	1.98	4.20	5.10	3.30
3.653	2.85	3.44	2.27	2.37	2.77	1.97	4.18	5.11	3.24
3.654	2.82	3.41	2.24	2.35	2.75	1.95	4.14	5.08	3.20
3.655	2.79	3.39	2.19	2.34	2.74	1.94	4.10	5.05	3.14
3.656	2.75	3.36	2.14	2.32	2.72	1.92	4.05	5.02	3.08
3.657	2.75	3.36	2.14	2.31	2.71	1.91	4.05	5.02	3.08
3.658	2.76	3.37	2.15	2.31	2.71	1.92	4.06	5.04	3.09
3.659	2.45	3.04	1.86	2.30	2.70	1.90	3.65	4.60	2.70
3.66	2.73	3.36	2.10	2.29	2.69	1.89	4.02	5.02	3.02
3.661	2.76	3.38	2.13	2.30	2.70	1.90	4.05	5.05	3.04
3.662	2.78	3.42	2.15	2.31	2.71	1.91	4.08	5.08	3.07
3.663	2.81	3.43	2.19	2.32	2.72	1.93	4.10	5.09	3.11
3.664	2.78	3.40	2.17	2.31	2.71	1.92	4.06	5.04	3.08
3.665	2.79	3.40	2.19	2.32	2.72	1.92	4.07	5.04	3.10
3.666	2.82	3.42	2.23	2.34	2.73	1.94	4.10	5.06	3.15
3.667	2.66	3.24	2.09	2.34	2.74	1.95	3.89	4.81	2.96
3.668	2.80	3.36	2.24	2.34	2.74	1.95	4.06	4.96	3.16
3.669	2.96	3.54	2.39	2.35	2.75	1.96	4.26	5.19	3.33
3.67	2.73	3.21	2.24	2.36	2.75	1.96	3.95	4.74	3.15
3.671	2.73	3.25	2.21	2.37	2.76	1.97	3.95	4.80	3.11
3.672	2.67	3.23	2.11	2.35	2.75	1.94	3.88	4.78	2.98
3.673	2.60	3.17	2.03	2.38	2.78	1.97	3.79	4.71	2.87
3.674	2.56	3.14	1.98	2.40	2.80	1.99	3.76	4.68	2.83
3.675	2.58	3.16	1.99	2.41	2.82	2.01	3.78	4.72	2.84
3.676	2.63	3.21	2.05	2.45	2.85	2.04	3.85	4.79	2.92
3.677	2.67	3.27	2.07	2.44	2.85	2.04	3.89	4.85	2.93
3.678	2.65	3.26	2.04	2.44	2.85	2.03	3.88	4.85	2.90
3.679	2.65	3.27	2.03	2.45	2.86	2.04	3.88	4.87	2.89
3.68	2.70	3.30	2.11	2.49	2.90	2.09	3.97	4.92	3.01
3.681	2.69	3.31	2.07	2.50	2.91	2.09	3.95	4.95	2.96
3.682	2.89	3.58	2.21	2.53	2.96	2.11	4.21	5.30	3.13
3.683	2.91	3.62	2.21	2.55	2.98	2.12	4.24	5.35	3.14
3.684	2.91	3.61	2.22	2.55	2.98	2.12	4.25	5.35	3.15
3.685	2.91	3.60	2.22	2.55	2.98	2.12	4.24	5.34	3.15
3.686	2.91	3.58	2.23	2.55	2.98	2.12	4.24	5.31	3.18
3.687	2.88	3.56	2.19	2.54	2.97	2.11	4.21	5.29	3.12
3.688	2.90	3.59	2.20	2.55	2.98	2.11	4.23	5.32	3.14
3.689	2.90	3.60	2.20	2.54	2.98	2.11	4.24	5.35	3.14
3.69	2.90	3.61	2.19	2.54	2.98	2.10	4.24	5.37	3.12
3.691	2.89	3.61	2.18	2.55	2.99	2.10	4.23	5.36	3.11
3.692	2.86	3.54	2.18	2.55	2.99	2.11	4.19	5.26	3.12
3.693	2.89	3.61	2.17	2.55	2.99	2.11	4.23	5.37	3.09
3.694	2.79	3.46	2.12	2.54	2.98	2.10	4.10	5.15	3.04
3.695	2.82	3.53	2.10	2.52	2.97	2.08	4.13	5.25	3.00
3.696	2.76	3.47	2.04	2.50	2.94	2.06	4.05	5.18	2.93
3.697	2.73	3.45	2.01	2.49	2.93	2.04	4.01	5.15	2.88
3.698	2.70	3.41	1.99	2.48	2.92	2.03	3.98	5.10	2.86
3.699	2.69	3.43	1.94	2.47	2.91	2.02	3.96	5.13	2.79
3.7	2.64	3.39	1.89	2.45	2.89	2.00	3.90	5.07	2.72
3.701	2.58	3.33	1.84	2.43	2.87	1.99	3.83	5.00	2.66
3.702	2.38	3.07	1.69	2.41	2.85	1.97	3.55	4.65	2.46
3.703	2.51	3.27	1.76	2.40	2.84	1.95	3.74	4.92	2.56
3.704	2.51	3.26	1.76	2.39	2.84	1.95	3.73	4.91	2.55
3.705	2.51	3.25	1.76	2.39	2.84	1.95	3.73	4.90	2.56
3.706	2.51	3.24	1.79	2.39	2.83	1.95	3.72	4.86	2.59
3.707	2.51	3.23	1.79	2.39	2.83	1.95	3.72	4.85	2.58
3.708	2.49	3.21	1.78	2.38	2.82	1.94	3.69	4.81	2.56
3.709	2.48	3.18	1.77	2.38	2.82	1.93	3.67	4.78	2.55
3.71	2.53	3.19	1.88	2.36	2.80	1.92	3.74	4.78	2.70
3.711	2.49	3.19	1.80	2.39	2.83	1.96	3.68	4.77	2.59
3.712	2.60	3.29	1.92	2.40	2.84	1.96	3.82	4.90	2.74
3.713	2.52	3.25	1.79	2.41	2.85	1.97	3.71	4.86	2.56
3.714	2.52	3.26	1.78	2.42	2.86	1.98	3.71	4.87	2.54
3.715	2.52	3.27	1.77	2.42	2.86	1.98	3.71	4.89	2.53
3.716	2.52	3.29	1.76	2.42	2.87	1.98	3.72	4.91	2.52
3.717	2.65	3.40	1.91	2.44	2.88	2.00	3.88	5.05	2.71
3.718	2.69	3.41	1.96	2.45	2.88	2.01	3.93	5.07	2.78
3.719	2.75	3.47	2.04	2.47	2.90	2.03	4.01	5.14	2.88
3.72	2.66	3.32	2.00	2.49	2.92	2.05	3.89	4.94	2.84
3.721	2.84	3.53	2.15	2.49	2.92	2.06	4.12	5.21	3.03
3.722	2.85	3.53	2.18	2.49	2.92	2.07	4.14	5.21	3.07
3.723	2.86	3.52	2.19	2.49	2.92	2.06	4.14	5.20	3.09
3.724	2.87	3.53	2.21	2.49	2.92	2.06	4.16	5.21	3.12
3.725	2.97	3.61	2.33	2.50	2.94	2.07	4.28	5.30	3.27
3.726	2.84	3.45	2.23	2.49	2.92	2.06	4.11	5.08	3.14
3.727	2.84	3.47	2.22	2.47	2.90	2.04	4.12	5.11	3.13
3.728	2.83	3.45	2.21	2.46	2.89	2.04	4.10	5.09	3.12
3.729	2.81	3.42	2.19	2.45	2.88	2.02	4.07	5.06	3.08
3.73	2.78	3.40	2.16	2.44	2.87	2.01	4.03	5.02	3.05
3.731	2.74	3.36	2.12	2.43	2.86	2.00	3.99	4.98	3.00
3.732	2.65	3.22	2.07	2.41	2.83	1.98	3.87	4.79	2.94
3.733	2.74	3.34	2.14	2.41	2.84	1.98	3.99	4.95	3.04
3.734	2.71	3.35	2.08	2.41	2.85	1.98	3.96	4.97	2.94
3.735	2.73	3.37	2.10	2.43	2.86	1.99	3.99	5.00	2.98
3.736	2.78	3.42	2.15	2.45	2.88	2.01	4.05	5.07	3.04
3.737	2.77	3.39	2.15	2.44	2.87	2.01	4.04	5.02	3.06
3.738	2.75	3.36	2.15	2.43	2.85	2.01	4.02	4.99	3.05
3.739	2.77	3.38	2.17	2.44	2.86	2.02	4.05	5.01	3.09
3.74	2.72	3.31	2.13	2.45	2.87	2.04	3.98	4.92	3.04
3.741	2.83	3.43	2.23	2.47	2.89	2.05	4.12	5.08	3.17
3.742	2.86	3.47	2.26	2.49	2.91	2.07	4.17	5.13	3.20
3.743	2.87	3.54	2.20	2.50	2.92	2.08	4.17	5.23	3.12
3.744	2.87	3.54	2.19	2.50	2.92	2.07	4.16	5.23	3.10
3.745	3.04	3.75	2.33	2.49	2.91	2.06	4.38	5.50	3.27
3.746	2.84	3.52	2.15	2.48	2.91	2.06	4.12	5.21	3.04
3.747	2.86	3.56	2.17	2.50	2.93	2.06	4.16	5.25	3.06
3.748	2.90	3.60	2.20	2.52	2.96	2.08	4.20	5.31	3.10
3.749	2.92	3.60	2.25	2.50	2.94	2.06	4.24	5.31	3.16
3.75	2.78	3.48	2.09	2.48	2.92	2.04	4.06	5.16	2.96
3.751	2.84	3.55	2.13	2.48	2.93	2.04	4.12	5.24	3.00
3.752	2.57	3.30	1.84	2.49	2.94	2.04	3.76	4.91	2.62
3.753	2.87	3.60	2.14	2.50	2.95	2.05	4.14	5.29	3.00
3.754	2.88	3.61	2.15	2.51	2.96	2.06	4.15	5.30	3.01
3.755	2.90	3.63	2.16	2.52	2.98	2.07	4.17	5.32	3.02
3.756	3.00	3.68	2.31	2.53	2.99	2.07	4.29	5.37	3.21
3.757	2.91	3.62	2.20	2.54	3.00	2.09	4.18	5.30	3.06
3.758	2.90	3.63	2.17	2.54	3.00	2.08	4.16	5.31	3.01
3.759	2.92	3.67	2.16	2.55	3.02	2.08	4.17	5.35	2.99
3.76	3.06	3.74	2.37	2.57	3.04	2.11	4.35	5.44	3.26
3.761	3.02	3.75	2.29	2.59	3.05	2.13	4.30	5.45	3.15
3.762	3.01	3.70	2.32	2.60	3.06	2.15	4.30	5.39	3.20
3.763	3.08	3.79	2.37	2.64	3.09	2.19	4.40	5.52	3.28
3.764	3.13	3.83	2.42	2.67	3.12	2.22	4.46	5.57	3.35
3.765	3.14	3.84	2.44	2.69	3.13	2.24	4.49	5.59	3.39
3.766	3.13	3.83	2.42	2.69	3.13	2.24	4.48	5.60	3.37
3.767	3.12	3.83	2.40	2.69	3.14	2.24	4.48	5.61	3.35
3.768	3.11	3.84	2.38	2.69	3.14	2.24	4.48	5.62	3.33
3.769	3.07	3.78	2.35	2.70	3.15	2.25	4.43	5.55	3.30
3.77	3.17	3.88	2.46	2.72	3.16	2.27	4.56	5.68	3.44
3.771	3.16	3.87	2.44	2.71	3.16	2.26	4.54	5.67	3.42
3.772	3.01	3.70	2.32	2.71	3.16	2.26	4.35	5.44	3.27
3.773	3.12	3.79	2.45	2.71	3.16	2.26	4.48	5.54	3.42
3.774	3.12	3.83	2.41	2.70	3.15	2.25	4.48	5.60	3.36
3.775	3.11	3.81	2.40	2.70	3.15	2.25	4.46	5.58	3.35
3.776	3.10	3.80	2.40	2.70	3.14	2.26	4.44	5.55	3.34
3.777	3.07	3.76	2.37	2.69	3.13	2.25	4.40	5.50	3.30
3.778	3.03	3.72	2.34	2.68	3.12	2.23	4.35	5.43	3.26
3.779	2.99	3.67	2.31	2.66	3.11	2.22	4.29	5.37	3.21
3.78	2.95	3.63	2.27	2.65	3.09	2.21	4.24	5.31	3.16
3.781	2.90	3.58	2.22	2.64	3.08	2.19	4.18	5.25	3.10
3.782	2.85	3.54	2.17	2.62	3.07	2.17	4.11	5.20	3.03
3.783	2.83	3.51	2.15	2.61	3.06	2.16	4.09	5.16	3.02
3.784	2.82	3.51	2.14	2.61	3.06	2.16	4.09	5.16	3.01
3.785	2.87	3.53	2.21	2.63	3.08	2.19	4.14	5.19	3.10
3.786	2.87	3.53	2.22	2.64	3.08	2.19	4.15	5.19	3.12
3.787	2.86	3.51	2.21	2.63	3.07	2.19	4.14	5.17	3.11
3.788	2.84	3.49	2.20	2.61	3.05	2.18	4.12	5.14	3.09
3.789	2.84	3.48	2.20	2.61	3.05	2.17	4.12	5.14	3.09
3.79	2.84	3.48	2.19	2.61	3.05	2.17	4.12	5.14	3.09
3.791	2.89	3.60	2.17	2.59	3.04	2.14	4.18	5.31	3.06
3.792	2.89	3.61	2.17	2.59	3.04	2.14	4.19	5.32	3.05
3.793	2.89	3.62	2.16	2.59	3.04	2.14	4.20	5.34	3.05
3.794	2.90	3.64	2.17	2.60	3.05	2.15	4.22	5.37	3.06
3.795	2.91	3.65	2.17	2.61	3.06	2.15	4.23	5.40	3.07
3.796	2.93	3.67	2.18	2.62	3.08	2.16	4.25	5.42	3.08
3.797	2.96	3.70	2.22	2.62	3.08	2.16	4.29	5.45	3.12
3.798	3.17	3.97	2.37	2.61	3.07	2.16	4.56	5.81	3.31
3.799	2.91	3.66	2.16	2.61	3.07	2.15	4.23	5.41	3.05
3.8	2.90	3.65	2.15	2.61	3.06	2.15	4.22	5.40	3.04
3.801	2.88	3.63	2.13	2.60	3.06	2.14	4.19	5.37	3.01
3.802	2.87	3.62	2.11	2.60	3.06	2.14	4.17	5.35	2.99
3.803	2.85	3.60	2.10	2.59	3.05	2.13	4.14	5.32	2.96
3.804	2.83	3.58	2.08	2.58	3.04	2.12	4.11	5.29	2.94
3.805	2.92	3.62	2.23	2.59	3.05	2.14	4.22	5.32	3.12
3.806	2.89	3.62	2.16	2.61	3.07	2.16	4.18	5.33	3.02
3.807	2.90	3.63	2.18	2.63	3.07	2.18	4.18	5.32	3.04
3.808	2.91	3.62	2.20	2.61	3.05	2.17	4.17	5.30	3.05
3.809	2.88	3.58	2.18	2.60	3.03	2.17	4.13	5.23	3.02
3.81	2.81	3.41	2.21	2.61	3.04	2.17	4.04	5.00	3.08
3.811	2.90	3.60	2.20	2.61	3.04	2.18	4.15	5.26	3.05
3.812	2.92	3.63	2.22	2.63	3.06	2.19	4.18	5.30	3.07
3.813	2.98	3.66	2.29	2.63	3.07	2.20	4.26	5.35	3.18
3.814	2.90	3.60	2.20	2.63	3.06	2.20	4.17	5.28	3.07
3.815	2.89	3.59	2.19	2.62	3.05	2.20	4.16	5.27	3.05
3.816	2.78	3.45	2.10	2.62	3.06	2.19	4.02	5.09	2.96
3.817	2.86	3.62	2.09	2.64	3.08	2.20	4.13	5.33	2.94
3.818	2.80	3.54	2.06	2.63	3.07	2.20	4.06	5.23	2.90
3.819	2.84	3.59	2.09	2.63	3.07	2.20	4.12	5.30	2.94
3.82	2.84	3.59	2.09	2.63	3.07	2.20	4.12	5.30	2.95
3.821	2.90	3.65	2.14	2.64	3.07	2.21	4.19	5.38	3.00
3.822	2.90	3.66	2.15	2.64	3.07	2.21	4.19	5.38	3.01
3.823	2.85	3.61	2.10	2.62	3.04	2.20	4.13	5.31	2.95
3.824	2.82	3.57	2.08	2.60	3.02	2.19	4.08	5.25	2.91
3.825	2.85	3.53	2.16	2.61	3.02	2.20	4.08	5.17	3.00
3.826	2.93	3.66	2.20	2.62	3.02	2.22	4.18	5.33	3.03
3.827	2.92	3.66	2.19	2.62	3.02	2.22	4.16	5.32	3.01
3.828	2.91	3.66	2.17	2.61	3.01	2.22	4.14	5.31	2.98
3.829	2.89	3.64	2.14	2.61	3.01	2.21	4.11	5.29	2.93
3.83	2.92	3.67	2.16	2.62	3.02	2.22	4.14	5.32	2.95
3.831	2.94	3.70	2.18	2.63	3.03	2.23	4.18	5.37	2.99
3.832	2.92	3.70	2.13	2.62	3.02	2.22	4.15	5.38	2.93
3.833	3.03	3.84	2.22	2.61	3.01	2.20	4.31	5.57	3.05
3.834	2.89	3.70	2.08	2.61	3.02	2.20	4.14	5.40	2.87
3.835	2.89	3.71	2.08	2.62	3.03	2.21	4.15	5.43	2.88
3.836	2.89	3.73	2.05	2.62	3.03	2.21	4.16	5.47	2.85
3.837	2.98	3.81	2.15	2.63	3.06	2.21	4.28	5.58	2.99
3.838	2.92	3.82	2.03	2.64	3.07	2.21	4.22	5.61	2.84
3.839	2.91	3.83	2.00	2.64	3.07	2.20	4.22	5.64	2.80
3.84	2.88	3.78	1.99	2.64	3.08	2.20	4.19	5.57	2.80
3.841	2.97	3.88	2.06	2.66	3.09	2.23	4.30	5.71	2.90
3.842	3.05	3.93	2.18	2.69	3.12	2.27	4.40	5.76	3.04
3.843	3.07	3.94	2.20	2.69	3.11	2.27	4.41	5.77	3.06
3.844	3.10	3.97	2.23	2.70	3.12	2.28	4.45	5.81	3.09
3.845	3.13	4.01	2.25	2.71	3.13	2.29	4.48	5.85	3.12
3.846	3.11	3.97	2.26	2.71	3.13	2.29	4.46	5.79	3.13
3.847	3.13	4.01	2.25	2.70	3.12	2.28	4.47	5.84	3.10
3.848	3.12	4.00	2.24	2.68	3.11	2.26	4.45	5.82	3.08
3.849	3.11	4.00	2.22	2.67	3.10	2.25	4.43	5.81	3.05
3.85	3.03	3.87	2.20	2.69	3.11	2.27	4.36	5.66	3.06
3.851	3.06	3.89	2.24	2.70	3.12	2.28	4.39	5.68	3.10
3.852	3.05	3.81	2.29	2.71	3.13	2.29	4.37	5.57	3.18
3.853	3.11	3.91	2.31	2.71	3.14	2.29	4.45	5.70	3.20
3.854	3.18	3.96	2.40	2.71	3.14	2.29	4.54	5.77	3.32
3.855	3.21	3.99	2.43	2.73	3.15	2.30	4.58	5.81	3.36
3.856	3.24	4.03	2.46	2.74	3.17	2.31	4.62	5.85	3.40
3.857	3.27	4.05	2.49	2.75	3.18	2.32	4.66	5.88	3.44
3.858	3.28	4.06	2.51	2.76	3.19	2.33	4.68	5.90	3.46
3.859	3.22	3.97	2.47	2.75	3.18	2.33	4.61	5.78	3.43
3.86	3.15	3.85	2.44	2.75	3.17	2.33	4.52	5.63	3.41
3.861	3.23	3.99	2.48	2.74	3.17	2.32	4.62	5.81	3.43
3.862	3.20	3.97	2.43	2.73	3.15	2.31	4.58	5.79	3.38
3.863	3.13	3.90	2.36	2.70	3.11	2.28	4.50	5.70	3.29
3.864	3.11	3.86	2.37	2.69	3.10	2.29	4.47	5.64	3.30
3.865	3.08	3.81	2.35	2.68	3.08	2.28	4.43	5.58	3.28
3.866	3.05	3.77	2.33	2.67	3.06	2.28	4.39	5.52	3.26
3.867	3.06	3.77	2.35	2.68	3.06	2.29	4.41	5.52	3.29
3.868	2.88	3.44	2.31	2.68	3.06	2.29	4.17	5.07	3.26
3.869	2.97	3.74	2.19	2.66	3.04	2.27	4.28	5.49	3.07
3.87	2.93	3.72	2.14	2.64	3.03	2.25	4.23	5.47	3.00
3.871	2.89	3.70	2.08	2.62	3.00	2.23	4.18	5.44	2.92
3.872	2.86	3.68	2.03	2.60	2.99	2.21	4.14	5.43	2.85
3.873	2.87	3.70	2.03	2.60	2.99	2.21	4.15	5.45	2.85
3.874	2.88	3.72	2.04	2.60	3.00	2.21	4.17	5.48	2.86
3.875	2.89	3.75	2.04	2.61	3.01	2.21	4.19	5.52	2.86
3.876	2.92	3.78	2.07	2.62	3.02	2.21	4.23	5.57	2.90
3.877	2.94	3.81	2.08	2.62	3.03	2.22	4.26	5.60	2.91
3.878	2.91	3.69	2.12	2.63	3.03	2.22	4.22	5.44	2.99
3.879	2.98	3.85	2.10	2.63	3.04	2.22	4.31	5.67	2.94
3.88	2.98	3.86	2.11	2.63	3.04	2.21	4.32	5.68	2.96
3.881	3.02	3.91	2.13	2.64	3.05	2.23	4.36	5.74	2.98
3.882	3.04	3.92	2.16	2.66	3.07	2.25	4.39	5.76	3.02
3.883	3.09	3.97	2.20	2.68	3.09	2.26	4.45	5.83	3.08
3.884	3.12	4.01	2.24	2.69	3.10	2.28	4.50	5.87	3.12
3.885	3.20	4.09	2.31	2.73	3.15	2.31	4.59	5.97	3.20
3.886	3.24	4.14	2.35	2.75	3.17	2.33	4.64	6.02	3.26
3.887	3.28	4.17	2.38	2.77	3.19	2.34	4.68	6.07	3.29
3.888	3.32	4.21	2.43	2.79	3.21	2.36	4.73	6.11	3.35
3.889	3.33	4.21	2.45	2.80	3.22	2.37	4.74	6.11	3.38
3.89	3.35	4.22	2.48	2.81	3.24	2.39	4.76	6.12	3.41
3.891	3.32	4.19	2.44	2.81	3.23	2.38	4.72	6.08	3.37
3.892	3.18	3.95	2.41	2.78	3.20	2.36	4.55	5.76	3.35
3.893	3.18	3.96	2.39	2.79	3.22	2.36	4.55	5.77	3.33
3.894	3.18	4.05	2.31	2.76	3.19	2.33	4.55	5.91	3.20
3.895	3.10	3.98	2.23	2.73	3.15	2.30	4.46	5.82	3.10
3.896	3.04	3.91	2.17	2.70	3.13	2.27	4.39	5.74	3.03
3.897	3.29	4.15	2.43	2.69	3.12	2.26	4.69	6.03	3.36
3.898	3.11	3.96	2.26	2.69	3.13	2.26	4.47	5.80	3.15
3.899	3.13	3.98	2.28	2.70	3.15	2.26	4.50	5.82	3.17
3.9	3.13	3.96	2.29	2.71	3.15	2.27	4.49	5.80	3.19
3.901	3.18	3.99	2.38	2.74	3.18	2.31	4.56	5.82	3.30
3.902	3.18	3.98	2.39	2.75	3.19	2.32	4.56	5.80	3.32
3.903	3.18	3.96	2.39	2.76	3.19	2.32	4.55	5.78	3.33
3.904	3.18	3.96	2.40	2.76	3.20	2.33	4.56	5.77	3.34
3.905	3.08	3.86	2.29	2.77	3.21	2.33	4.43	5.66	3.20
3.906	3.06	3.84	2.28	2.77	3.21	2.34	4.41	5.63	3.19
3.907	3.05	3.82	2.27	2.78	3.22	2.34	4.39	5.60	3.18
3.908	3.02	3.78	2.25	2.78	3.22	2.34	4.36	5.56	3.16
3.909	2.99	3.75	2.23	2.78	3.22	2.34	4.33	5.52	3.13
3.91	2.95	3.65	2.25	2.78	3.22	2.34	4.27	5.38	3.17
3.911	2.96	3.72	2.21	2.77	3.21	2.32	4.29	5.48	3.10
3.912	2.93	3.68	2.17	2.75	3.19	2.30	4.24	5.42	3.06
3.913	2.91	3.67	2.15	2.73	3.18	2.29	4.22	5.41	3.03
3.914	3.09	3.88	2.30	2.72	3.17	2.28	4.44	5.68	3.21
3.915	3.04	3.82	2.26	2.70	3.13	2.26	4.38	5.60	3.16
3.916	2.88	3.57	2.19	2.68	3.11	2.25	4.18	5.27	3.09
3.917	2.84	3.52	2.16	2.66	3.08	2.23	4.12	5.21	3.04
3.918	2.97	3.66	2.28	2.63	3.05	2.21	4.29	5.38	3.20
3.919	2.75	3.43	2.07	2.60	3.02	2.18	4.01	5.08	2.93
3.92	2.67	3.33	2.01	2.58	3.00	2.16	3.90	4.95	2.86
3.921	2.68	3.36	2.00	2.56	2.99	2.14	3.93	5.00	2.85
3.922	2.71	3.39	2.02	2.57	3.00	2.15	3.96	5.04	2.89
3.923	2.72	3.41	2.04	2.57	3.00	2.14	3.99	5.07	2.91
3.924	2.73	3.43	2.04	2.56	3.00	2.13	4.01	5.11	2.91
3.925	2.80	3.49	2.10	2.57	3.01	2.13	4.09	5.19	2.99
3.926	2.78	3.49	2.08	2.57	3.00	2.13	4.08	5.19	2.97
3.927	2.93	3.64	2.23	2.55	2.99	2.12	4.28	5.39	3.16
3.928	3.13	3.90	2.35	2.54	2.98	2.11	4.53	5.75	3.31
3.929	3.13	3.91	2.35	2.55	2.99	2.12	4.54	5.75	3.32
3.93	3.12	3.90	2.33	2.54	2.98	2.11	4.53	5.75	3.30
3.931	2.90	3.61	2.19	2.55	2.98	2.11	4.25	5.37	3.13
3.932	3.14	3.94	2.34	2.56	2.99	2.12	4.56	5.80	3.31
3.933	3.14	3.86	2.42	2.57	3.01	2.14	4.55	5.68	3.43
3.934	3.16	3.87	2.45	2.58	3.02	2.15	4.56	5.69	3.44
3.935	3.31	4.12	2.50	2.61	3.05	2.17	4.76	6.02	3.49
3.936	3.33	4.15	2.51	2.62	3.06	2.18	4.78	6.05	3.50
3.937	3.37	4.18	2.55	2.65	3.09	2.21	4.82	6.10	3.55
3.938	3.38	4.19	2.56	2.66	3.09	2.22	4.84	6.11	3.57
3.939	3.34	4.15	2.53	2.64	3.07	2.21	4.79	6.06	3.53
3.94	3.31	4.11	2.50	2.62	3.04	2.20	4.74	6.01	3.48
3.941	3.30	4.11	2.50	2.62	3.03	2.20	4.74	6.00	3.48
3.942	3.32	4.13	2.51	2.62	3.04	2.20	4.75	6.01	3.49
3.943	3.33	4.14	2.52	2.63	3.04	2.21	4.76	6.03	3.50
3.944	3.35	4.16	2.54	2.64	3.05	2.22	4.78	6.05	3.52
3.945	3.35	4.16	2.54	2.64	3.05	2.22	4.78	6.05	3.51
3.946	3.38	4.20	2.57	2.66	3.08	2.24	4.82	6.09	3.55
3.947	3.38	4.19	2.56	2.66	3.08	2.23	4.81	6.08	3.54
3.948	3.38	4.20	2.57	2.66	3.09	2.24	4.81	6.08	3.54
3.949	3.38	4.20	2.57	2.67	3.10	2.24	4.81	6.09	3.54
3.95	3.15	3.97	2.32	2.64	3.07	2.21	4.52	5.81	3.23
3.951	2.94	3.66	2.22	2.64	3.07	2.21	4.27	5.40	3.13
3.952	3.20	3.99	2.42	2.64	3.07	2.21	4.60	5.83	3.37
3.953	3.20	3.98	2.43	2.65	3.07	2.22	4.60	5.82	3.39
3.954	3.19	3.97	2.41	2.64	3.07	2.21	4.59	5.81	3.37
3.955	3.18	3.96	2.40	2.64	3.06	2.21	4.59	5.81	3.37
3.956	3.19	3.98	2.41	2.62	3.05	2.19	4.60	5.83	3.38
3.957	3.24	4.02	2.46	2.65	3.08	2.22	4.67	5.89	3.45
3.958	3.24	4.04	2.45	2.65	3.09	2.21	4.68	5.92	3.43
3.959	3.21	4.02	2.41	2.64	3.08	2.19	4.65	5.90	3.39
3.96	3.10	3.86	2.34	2.63	3.08	2.18	4.50	5.68	3.31
3.961	3.24	4.02	2.46	2.62	3.08	2.17	4.68	5.90	3.46
3.962	3.20	4.03	2.37	2.62	3.08	2.17	4.62	5.92	3.33
3.963	3.18	4.02	2.35	2.61	3.07	2.15	4.59	5.90	3.29
3.964	3.16	4.00	2.31	2.59	3.05	2.13	4.56	5.87	3.24
3.965	3.14	3.99	2.29	2.58	3.04	2.12	4.53	5.85	3.21
3.966	3.12	3.97	2.27	2.56	3.02	2.10	4.50	5.83	3.18
3.967	3.09	3.95	2.24	2.54	3.01	2.08	4.46	5.80	3.13
3.968	3.08	3.95	2.22	2.53	3.00	2.07	4.44	5.78	3.09
3.969	3.07	3.94	2.20	2.53	2.99	2.06	4.42	5.78	3.06
3.97	3.04	3.92	2.16	2.51	2.98	2.04	4.38	5.75	3.01
3.971	3.01	3.91	2.12	2.50	2.97	2.02	4.34	5.73	2.95
3.972	2.99	3.90	2.09	2.48	2.96	2.00	4.31	5.72	2.91
3.973	2.78	3.61	1.95	2.47	2.95	1.98	4.04	5.33	2.74
3.974	2.69	3.55	1.83	2.45	2.94	1.96	3.92	5.26	2.59
3.975	2.91	3.82	1.99	2.44	2.93	1.94	4.20	5.61	2.78
3.976	2.90	3.87	1.94	2.43	2.93	1.94	4.19	5.68	2.70
3.977	2.91	3.88	1.93	2.43	2.93	1.94	4.19	5.70	2.69
3.978	2.89	3.88	1.91	2.42	2.92	1.92	4.17	5.69	2.66
3.979	2.93	3.92	1.95	2.43	2.93	1.93	4.22	5.75	2.70
3.98	2.91	3.88	1.94	2.43	2.93	1.94	4.20	5.70	2.71
3.981	2.88	3.84	1.92	2.43	2.92	1.94	4.16	5.65	2.68
3.982	2.14	2.96	1.32	2.45	2.94	1.97	3.18	4.46	1.90
3.983	2.14	2.95	1.33	2.45	2.93	1.97	3.18	4.44	1.91
3.984	1.92	2.60	1.25	2.47	2.94	1.99	2.87	3.93	1.80
3.985	2.23	3.04	1.43	2.46	2.93	1.99	3.29	4.55	2.04
3.986	2.29	3.06	1.51	2.46	2.93	2.00	3.38	4.59	2.17
3.987	2.28	3.07	1.49	2.49	2.95	2.02	3.38	4.61	2.14
3.988	2.39	3.14	1.64	2.50	2.96	2.05	3.52	4.70	2.35
3.989	2.44	3.21	1.66	2.51	2.97	2.06	3.57	4.79	2.35
3.99	2.55	3.31	1.78	2.55	3.00	2.10	3.72	4.92	2.52
3.991	2.61	3.38	1.85	2.56	3.01	2.11	3.80	4.99	2.60
3.992	2.68	3.44	1.92	2.57	3.01	2.12	3.87	5.07	2.68
3.993	2.72	3.49	1.96	2.57	3.02	2.13	3.92	5.12	2.72
3.994	2.77	3.54	2.00	2.58	3.02	2.14	3.98	5.18	2.77
3.995	2.81	3.59	2.04	2.58	3.02	2.14	4.03	5.24	2.81
3.996	2.88	3.66	2.10	2.60	3.04	2.16	4.10	5.33	2.88
3.997	2.94	3.73	2.16	2.61	3.05	2.18	4.18	5.41	2.95
3.998	2.92	3.74	2.10	2.62	3.06	2.19	4.15	5.43	2.87
3.999	2.98	3.84	2.13	2.62	3.05	2.18	4.19	5.52	2.85
4	3.11	3.86	2.36	2.63	3.07	2.20	4.39	5.56	3.21
4.001	3.05	3.93	2.17	2.63	3.07	2.20	4.27	5.64	2.91
4.002	3.40	4.38	2.42	2.64	3.08	2.21	4.71	6.23	3.20
4.003	3.05	3.94	2.17	2.63	3.06	2.19	4.29	5.67	2.91
4.004	3.20	4.09	2.30	2.62	3.06	2.18	4.47	5.86	3.08
4.005	2.75	3.47	2.03	2.61	3.05	2.17	3.91	5.03	2.78
4.006	2.84	3.62	2.05	2.63	3.07	2.19	4.03	5.26	2.80
4.007	2.81	3.59	2.02	2.62	3.07	2.18	3.99	5.22	2.76
4.008	2.73	3.53	1.94	2.60	3.04	2.15	3.90	5.14	2.67
4.009	2.72	3.49	1.95	2.61	3.05	2.16	3.91	5.12	2.70
4.01	2.72	3.57	1.87	2.60	3.05	2.15	3.88	5.20	2.55
4.011	2.71	3.56	1.85	2.60	3.04	2.15	3.86	5.19	2.53
4.012	2.81	3.65	1.98	2.63	3.08	2.18	4.00	5.30	2.70
4.013	2.78	3.63	1.93	2.63	3.08	2.19	3.95	5.28	2.63
4.014	2.83	3.67	1.98	2.65	3.09	2.21	4.02	5.34	2.70
4.015	2.90	3.70	2.10	2.66	3.10	2.22	4.12	5.36	2.87
4.016	2.67	3.41	1.94	2.68	3.11	2.24	3.84	5.00	2.68
4.017	2.85	3.56	2.14	2.69	3.12	2.26	4.05	5.17	2.94
4.018	2.88	3.63	2.13	2.71	3.13	2.28	4.15	5.32	2.97
4.019	3.00	3.78	2.22	2.74	3.17	2.32	4.25	5.47	3.03
4.02	3.03	3.81	2.25	2.76	3.19	2.34	4.29	5.51	3.07
4.021	3.10	3.89	2.31	2.80	3.22	2.37	4.39	5.62	3.15
4.022	3.13	3.92	2.33	2.81	3.24	2.38	4.42	5.67	3.18
4.023	3.50	4.38	2.63	2.81	3.24	2.39	4.89	6.25	3.53
4.024	3.59	4.49	2.69	2.82	3.24	2.39	5.00	6.40	3.60
4.025	3.55	4.48	2.62	2.83	3.26	2.40	4.96	6.39	3.53
4.026	3.56	4.50	2.63	2.83	3.27	2.40	4.98	6.42	3.54
4.027	3.28	4.30	2.26	2.80	3.24	2.36	4.64	6.21	3.07
4.028	3.28	4.24	2.33	2.80	3.24	2.36	4.65	6.12	3.18
4.029	3.23	4.25	2.21	2.79	3.23	2.34	4.58	6.15	3.02
4.03	3.15	4.12	2.19	2.77	3.22	2.33	4.51	6.00	3.02
4.031	3.14	4.16	2.13	2.76	3.20	2.31	4.49	6.05	2.92
4.032	3.13	4.24	2.02	2.74	3.19	2.30	4.45	6.15	2.75
4.033	3.05	4.16	1.94	2.71	3.16	2.27	4.36	6.06	2.66
4.034	3.01	4.12	1.90	2.70	3.15	2.25	4.32	6.02	2.62
4.035	2.97	4.08	1.86	2.68	3.13	2.23	4.28	5.98	2.57
4.036	2.94	4.05	1.83	2.67	3.12	2.22	4.24	5.95	2.54
4.037	2.70	3.69	1.71	2.66	3.12	2.20	3.95	5.47	2.42
4.038	2.87	4.00	1.75	2.65	3.11	2.19	4.18	5.90	2.46
4.039	2.75	3.76	1.73	2.65	3.11	2.19	4.03	5.59	2.46
4.04	2.87	3.88	1.87	2.64	3.10	2.18	4.20	5.74	2.65
4.041	2.74	3.86	1.62	2.64	3.10	2.17	4.02	5.73	2.30
4.042	2.66	3.70	1.63	2.63	3.10	2.17	3.92	5.52	2.33
4.043	2.67	3.79	1.54	2.63	3.09	2.16	3.91	5.64	2.19
4.044	2.71	3.78	1.64	2.63	3.09	2.16	3.97	5.61	2.33
4.045	2.64	3.78	1.50	2.63	3.10	2.16	3.87	5.61	2.13
4.046	2.87	4.04	1.70	2.63	3.11	2.16	4.16	5.95	2.37
4.047	2.65	3.73	1.57	2.64	3.12	2.17	3.86	5.51	2.20
4.048	2.66	3.74	1.58	2.65	3.13	2.17	3.86	5.52	2.21
4.049	2.74	3.80	1.68	2.67	3.14	2.20	3.96	5.59	2.34
4.05	2.83	3.87	1.79	2.69	3.16	2.22	4.08	5.67	2.48
4.051	2.55	3.47	1.62	2.71	3.18	2.25	3.70	5.13	2.27
4.052	2.99	4.00	1.98	2.74	3.20	2.28	4.28	5.84	2.72
4.053	3.05	3.98	2.12	2.77	3.22	2.31	4.37	5.80	2.93
4.054	3.12	4.11	2.12	2.80	3.25	2.34	4.44	5.97	2.90
4.055	3.17	4.16	2.17	2.83	3.28	2.37	4.50	6.03	2.96
4.056	3.21	4.20	2.22	2.85	3.30	2.40	4.55	6.08	3.02
4.057	3.25	4.25	2.26	2.87	3.33	2.42	4.60	6.14	3.07
4.058	3.28	4.27	2.29	2.89	3.34	2.44	4.64	6.17	3.10
4.059	3.43	4.40	2.46	2.92	3.37	2.47	4.82	6.32	3.32
4.06	3.27	4.18	2.37	2.93	3.38	2.48	4.67	6.07	3.26
4.061	3.38	4.36	2.40	2.93	3.38	2.48	4.76	6.27	3.25
4.062	3.34	4.32	2.36	2.93	3.38	2.48	4.71	6.23	3.20
4.063	3.28	4.27	2.30	2.92	3.38	2.47	4.65	6.16	3.13
4.064	3.25	4.23	2.27	2.92	3.37	2.46	4.61	6.11	3.10
4.065	3.24	4.21	2.26	2.92	3.37	2.47	4.59	6.09	3.09
4.066	3.26	4.16	2.37	2.93	3.38	2.47	4.63	6.02	3.24
4.067	3.20	4.16	2.24	2.93	3.38	2.47	4.56	6.04	3.07
4.068	3.19	4.14	2.23	2.93	3.39	2.48	4.54	6.01	3.06
4.069	3.17	4.12	2.23	2.94	3.39	2.48	4.53	5.99	3.06
4.07	3.14	4.08	2.20	2.93	3.38	2.48	4.49	5.94	3.03
4.071	3.12	4.05	2.18	2.93	3.38	2.48	4.45	5.89	3.00
4.072	3.14	4.02	2.26	2.92	3.38	2.47	4.46	5.83	3.09
4.073	3.19	4.10	2.27	2.92	3.38	2.47	4.51	5.93	3.08
4.074	3.03	3.91	2.15	2.92	3.38	2.47	4.35	5.72	2.97
4.075	3.12	4.07	2.18	2.93	3.38	2.48	4.40	5.87	2.94
4.076	2.87	3.71	2.03	2.93	3.39	2.48	4.07	5.38	2.77
4.077	3.20	4.15	2.25	2.94	3.40	2.49	4.49	5.95	3.02
4.078	3.17	4.02	2.32	2.96	3.41	2.50	4.44	5.76	3.11
4.079	3.25	4.21	2.30	2.95	3.41	2.49	4.53	6.01	3.05
4.08	3.24	4.12	2.36	2.93	3.39	2.46	4.52	5.89	3.15
4.081	3.17	4.15	2.19	2.92	3.38	2.46	4.41	5.92	2.90
4.082	3.13	4.12	2.15	2.91	3.38	2.45	4.36	5.88	2.85
4.083	3.09	4.08	2.10	2.90	3.37	2.44	4.31	5.83	2.78
4.084	3.23	4.16	2.30	2.90	3.37	2.43	4.48	5.91	3.05
4.085	3.00	3.92	2.07	2.90	3.36	2.43	4.27	5.70	2.83
4.086	3.06	4.05	2.07	2.89	3.36	2.42	4.26	5.79	2.73
4.087	3.05	4.04	2.06	2.90	3.37	2.43	4.24	5.77	2.71
4.088	3.00	3.95	2.04	2.91	3.38	2.44	4.17	5.65	2.69
4.089	3.03	4.02	2.04	2.92	3.39	2.45	4.21	5.74	2.69
4.09	2.94	3.87	2.00	2.94	3.41	2.47	4.19	5.63	2.74
4.091	3.05	4.03	2.06	2.96	3.43	2.49	4.24	5.76	2.72
4.092	3.04	4.03	2.05	2.97	3.44	2.49	4.24	5.76	2.71
4.093	3.03	4.03	2.04	2.98	3.45	2.50	4.23	5.77	2.70
4.094	3.01	4.01	2.01	2.97	3.44	2.49	4.21	5.75	2.68
4.095	2.99	3.99	1.99	2.96	3.44	2.48	4.20	5.74	2.65
4.096	2.95	3.95	1.95	2.94	3.42	2.46	4.15	5.70	2.61
4.097	2.95	3.96	1.94	2.94	3.42	2.46	4.15	5.71	2.60
4.098	2.94	3.96	1.93	2.93	3.42	2.45	4.16	5.72	2.59
4.099	2.99	4.01	1.97	2.94	3.43	2.45	4.22	5.79	2.65
4.1	3.04	4.06	2.01	2.95	3.44	2.46	4.29	5.87	2.72
4.101	3.08	4.11	2.05	2.95	3.44	2.46	4.34	5.92	2.76
4.102	3.14	4.16	2.11	2.96	3.46	2.47	4.41	5.99	2.83
4.103	3.00	4.06	1.94	2.95	3.44	2.45	4.24	5.86	2.61
4.104	3.02	4.08	1.96	2.95	3.46	2.45	4.26	5.89	2.62
4.105	3.23	4.19	2.28	2.96	3.47	2.46	4.52	6.00	3.04
4.106	3.05	4.12	1.98	2.97	3.48	2.46	4.29	5.93	2.64
4.107	3.05	4.12	1.98	2.97	3.48	2.47	4.29	5.92	2.65
4.108	2.86	3.87	1.84	2.97	3.48	2.46	4.15	5.71	2.58
4.109	2.85	3.86	1.84	2.96	3.47	2.46	4.14	5.70	2.58
4.11	2.79	3.75	1.83	2.96	3.47	2.45	4.08	5.56	2.59
4.111	3.04	4.14	1.95	2.95	3.46	2.43	4.26	5.94	2.59
4.112	3.13	4.31	1.95	2.93	3.44	2.42	4.37	6.17	2.57
4.113	3.08	4.26	1.91	2.91	3.42	2.40	4.30	6.10	2.51
4.114	3.02	4.08	1.96	2.90	3.41	2.39	4.27	5.90	2.64
4.115	2.98	4.09	1.87	2.88	3.39	2.37	4.16	5.86	2.46
4.116	2.90	4.06	1.73	2.86	3.37	2.35	4.05	5.83	2.27
4.117	2.55	3.57	1.54	2.84	3.36	2.33	3.59	5.15	2.03
4.118	2.53	3.55	1.51	2.84	3.35	2.33	3.56	5.13	1.98
4.119	2.43	3.38	1.49	2.84	3.35	2.33	3.42	4.88	1.96
4.12	2.71	3.59	1.83	2.85	3.36	2.34	3.90	5.26	2.53
4.121	2.66	3.60	1.72	2.86	3.37	2.35	3.82	5.28	2.37
4.122	2.66	3.61	1.71	2.86	3.37	2.35	3.83	5.30	2.37
4.123	2.68	3.64	1.72	2.87	3.38	2.36	3.87	5.35	2.39
4.124	2.70	3.67	1.74	2.89	3.40	2.37	3.91	5.40	2.42
4.125	2.71	3.68	1.73	2.89	3.40	2.38	3.92	5.43	2.42
4.126	2.58	3.56	1.61	2.89	3.40	2.38	3.77	5.27	2.27
4.127	2.59	3.57	1.61	2.89	3.40	2.38	3.78	5.29	2.27
4.128	2.58	3.57	1.59	2.89	3.40	2.38	3.78	5.31	2.25
4.129	2.61	3.60	1.61	2.89	3.40	2.38	3.82	5.36	2.29
4.13	2.61	3.49	1.73	2.88	3.39	2.37	3.85	5.22	2.48
4.131	2.81	3.92	1.70	2.87	3.38	2.36	4.10	5.79	2.40
4.132	2.88	3.91	1.86	2.86	3.37	2.36	4.19	5.77	2.62
4.133	2.80	3.90	1.70	2.86	3.37	2.35	4.08	5.77	2.40
4.134	2.80	3.83	1.77	2.87	3.38	2.36	4.09	5.68	2.50
4.135	2.85	3.94	1.76	2.87	3.38	2.37	4.15	5.81	2.48
4.136	2.87	3.95	1.78	2.88	3.39	2.37	4.16	5.82	2.51
4.137	2.88	3.95	1.80	2.89	3.39	2.38	4.18	5.83	2.53
4.138	2.84	3.84	1.84	2.89	3.39	2.38	4.13	5.67	2.59
4.139	2.87	3.94	1.80	2.89	3.39	2.38	4.17	5.81	2.53
4.14	2.74	3.76	1.71	2.89	3.40	2.38	4.00	5.57	2.42
4.141	2.85	3.95	1.76	2.92	3.42	2.41	4.08	5.76	2.41
4.142	2.86	3.96	1.77	2.92	3.43	2.42	4.10	5.77	2.42
4.143	3.00	4.06	1.94	2.94	3.44	2.43	4.26	5.90	2.63
4.144	2.91	4.00	1.82	2.95	3.45	2.44	4.15	5.82	2.48
4.145	2.93	4.03	1.84	2.95	3.46	2.45	4.18	5.85	2.50
4.146	2.96	4.05	1.87	2.96	3.47	2.46	4.21	5.88	2.53
4.147	2.96	3.97	1.95	2.98	3.48	2.47	4.24	5.80	2.68
4.148	2.97	3.99	1.96	2.98	3.48	2.48	4.25	5.82	2.69
4.149	2.97	4.00	1.95	2.97	3.48	2.47	4.25	5.83	2.67
4.15	2.97	4.01	1.94	2.97	3.47	2.46	4.25	5.84	2.66
4.151	2.98	4.02	1.93	2.96	3.47	2.46	4.25	5.86	2.64
4.152	2.97	4.02	1.92	2.96	3.46	2.45	4.24	5.85	2.62
4.153	2.97	4.03	1.91	2.95	3.47	2.44	4.24	5.87	2.61
4.154	2.98	4.05	1.91	2.95	3.47	2.44	4.25	5.89	2.61
4.155	2.98	4.06	1.90	2.95	3.47	2.43	4.24	5.90	2.59
4.156	2.85	4.00	1.71	2.95	3.47	2.44	4.07	5.82	2.32
4.157	2.88	4.02	1.74	2.96	3.48	2.44	4.10	5.84	2.36
4.158	2.84	3.92	1.77	2.97	3.48	2.45	4.09	5.74	2.44
4.159	2.92	4.05	1.79	2.97	3.48	2.45	4.15	5.88	2.42
4.16	2.93	3.86	2.01	2.98	3.50	2.47	4.17	5.60	2.74
4.161	2.74	3.75	1.74	2.99	3.51	2.48	3.92	5.47	2.37
4.162	2.77	3.78	1.77	3.00	3.52	2.49	3.96	5.51	2.41
4.163	2.76	3.77	1.76	2.99	3.51	2.48	3.94	5.49	2.40
4.164	2.75	3.76	1.75	2.99	3.50	2.47	3.93	5.48	2.39
4.165	2.74	3.74	1.74	2.98	3.49	2.47	3.92	5.46	2.37
4.166	2.97	4.09	1.86	2.98	3.49	2.46	4.21	5.92	2.51
4.167	2.97	4.04	1.91	2.98	3.49	2.46	4.21	5.84	2.58
4.168	3.06	4.10	2.02	2.98	3.50	2.46	4.31	5.91	2.71
4.169	3.14	4.18	2.10	2.98	3.50	2.46	4.40	6.01	2.80
4.17	3.21	4.18	2.25	2.99	3.51	2.47	4.49	5.98	3.00
4.171	3.25	4.23	2.28	3.00	3.52	2.48	4.53	6.03	3.02
4.172	3.36	4.32	2.40	3.00	3.53	2.48	4.66	6.14	3.17
4.173	3.24	4.27	2.21	3.00	3.52	2.48	4.50	6.08	2.92
4.174	3.25	4.27	2.22	3.00	3.52	2.47	4.49	6.07	2.91
4.175	3.09	4.11	2.06	3.01	3.54	2.49	4.28	5.86	2.71
4.176	3.18	4.22	2.14	3.02	3.54	2.49	4.39	5.98	2.79
4.177	3.08	4.16	2.00	3.02	3.54	2.49	4.25	5.91	2.59
4.178	2.82	3.80	1.84	3.02	3.54	2.50	3.91	5.42	2.40
4.179	2.97	4.02	1.93	3.03	3.55	2.50	4.19	5.79	2.59
4.18	3.16	4.24	2.08	3.04	3.56	2.52	4.33	5.98	2.67
4.181	3.20	4.27	2.13	3.05	3.57	2.54	4.37	6.01	2.73
4.182	3.23	4.30	2.17	3.06	3.58	2.55	4.41	6.05	2.78
4.183	3.28	4.35	2.22	3.08	3.59	2.57	4.47	6.10	2.84
4.184	3.33	4.39	2.27	3.10	3.61	2.59	4.53	6.16	2.90
4.185	3.32	4.36	2.27	3.10	3.60	2.59	4.53	6.14	2.93
4.186	3.29	4.30	2.27	3.09	3.59	2.58	4.52	6.09	2.95
4.187	3.23	4.24	2.23	3.08	3.58	2.58	4.48	6.03	2.93
4.188	3.15	4.16	2.15	3.06	3.56	2.56	4.40	5.95	2.86
4.189	3.07	4.07	2.06	3.04	3.54	2.54	4.32	5.86	2.77
4.19	2.98	3.98	1.97	3.02	3.51	2.52	4.23	5.78	2.68
4.191	2.88	3.89	1.87	2.99	3.49	2.49	4.13	5.69	2.57
4.192	2.78	3.80	1.75	2.96	3.45	2.46	4.01	5.59	2.43
4.193	2.66	3.64	1.69	2.92	3.42	2.43	3.88	5.39	2.38
4.194	2.53	3.52	1.55	2.88	3.38	2.39	3.73	5.25	2.21
4.195	2.43	3.42	1.44	2.85	3.34	2.35	3.62	5.15	2.09
4.196	2.38	3.37	1.38	2.83	3.32	2.34	3.57	5.10	2.03
4.197	2.32	3.32	1.32	2.81	3.30	2.32	3.50	5.05	1.96
4.198	2.28	3.30	1.26	2.80	3.29	2.31	3.47	5.04	1.90
4.199	2.25	3.29	1.20	2.79	3.28	2.30	3.45	5.05	1.85
4.2	2.76	3.62	1.91	2.81	3.30	2.32	4.03	5.36	2.70
4.201	2.71	3.68	1.74	2.83	3.31	2.34	3.86	5.36	2.36
4.202	2.69	3.66	1.72	2.81	3.29	2.32	3.82	5.32	2.32
4.203	2.65	3.63	1.67	2.78	3.27	2.30	3.76	5.27	2.25
4.204	2.64	3.62	1.65	2.78	3.27	2.29	3.74	5.25	2.22
4.205	2.94	3.90	1.98	2.77	3.26	2.29	4.12	5.60	2.65
4.206	2.69	3.74	1.64	2.74	3.24	2.25	3.79	5.41	2.18
4.207	2.68	3.73	1.63	2.75	3.24	2.26	3.77	5.38	2.16
4.208	2.85	3.82	1.88	2.80	3.29	2.30	4.08	5.58	2.58
4.209	2.77	3.74	1.79	2.82	3.30	2.33	3.87	5.37	2.36
4.21	2.83	3.81	1.86	2.80	3.29	2.31	3.94	5.44	2.44
4.211	2.77	3.75	1.79	2.79	3.27	2.30	3.87	5.38	2.36
4.212	2.77	3.75	1.80	2.78	3.26	2.30	3.88	5.38	2.37
4.213	2.78	3.75	1.81	2.78	3.26	2.30	3.89	5.38	2.40
4.214	2.97	3.90	2.03	2.77	3.25	2.30	4.14	5.59	2.70
4.215	2.92	3.85	1.98	2.77	3.25	2.30	4.08	5.52	2.64
4.216	2.91	3.84	1.97	2.77	3.25	2.30	4.08	5.52	2.63
4.217	2.91	3.85	1.97	2.78	3.26	2.30	4.09	5.55	2.64
4.218	2.83	3.81	1.85	2.79	3.26	2.31	3.99	5.51	2.48
4.219	2.85	3.83	1.86	2.79	3.27	2.32	4.02	5.54	2.50
4.22	2.86	3.85	1.87	2.80	3.28	2.32	4.04	5.57	2.52
4.221	2.89	3.87	1.91	2.81	3.29	2.33	4.08	5.60	2.56
4.222	2.90	3.83	1.98	2.82	3.30	2.34	4.09	5.52	2.66
4.223	3.08	4.11	2.05	2.84	3.32	2.36	4.32	5.91	2.74
4.224	3.10	4.12	2.07	2.84	3.32	2.37	4.34	5.92	2.76
4.225	3.11	4.13	2.09	2.85	3.33	2.37	4.35	5.93	2.78
4.226	3.04	3.98	2.10	2.84	3.32	2.37	4.32	5.77	2.86
4.227	3.04	3.98	2.09	2.84	3.32	2.36	4.31	5.77	2.85
4.228	3.04	3.99	2.09	2.84	3.32	2.36	4.30	5.77	2.84
4.229	3.21	4.11	2.31	2.90	3.36	2.43	4.51	5.91	3.12
4.23	3.15	4.00	2.31	2.89	3.36	2.42	4.47	5.79	3.15
4.231	3.19	4.08	2.30	2.88	3.35	2.42	4.48	5.86	3.09
4.232	3.18	4.07	2.29	2.88	3.35	2.41	4.46	5.84	3.08
4.233	3.18	4.07	2.29	2.88	3.34	2.41	4.46	5.84	3.08
4.234	3.18	4.08	2.29	2.87	3.34	2.40	4.46	5.85	3.07
4.235	3.02	3.87	2.16	2.83	3.33	2.33	4.25	5.58	2.91
4.236	2.99	3.88	2.11	2.84	3.33	2.34	4.22	5.59	2.84
4.237	3.16	4.01	2.30	2.85	3.34	2.35	4.42	5.75	3.08
4.238	3.10	3.97	2.23	2.87	3.37	2.38	4.34	5.70	2.99
4.239	3.14	4.00	2.27	2.88	3.38	2.39	4.39	5.74	3.04
4.24	3.18	4.04	2.31	2.90	3.39	2.40	4.43	5.78	3.09
4.241	3.20	4.15	2.26	2.91	3.40	2.41	4.41	5.87	2.95
4.242	3.19	4.14	2.24	2.91	3.41	2.41	4.41	5.88	2.94
4.243	3.23	4.12	2.34	2.90	3.40	2.41	4.46	5.84	3.08
4.244	3.13	4.10	2.16	2.90	3.39	2.40	4.34	5.84	2.85
4.245	2.98	3.85	2.11	2.89	3.39	2.40	4.18	5.53	2.83
4.246	3.08	4.06	2.09	2.89	3.38	2.40	4.30	5.81	2.78
4.247	3.05	4.05	2.06	2.89	3.38	2.39	4.27	5.80	2.75
4.248	3.03	4.03	2.03	2.88	3.37	2.39	4.25	5.79	2.71
4.249	3.00	4.01	2.00	2.88	3.37	2.39	4.22	5.77	2.68
4.25	3.01	3.92	2.10	2.87	3.36	2.38	4.26	5.67	2.85
4.251	2.94	3.96	1.92	2.87	3.36	2.38	4.17	5.74	2.61
4.252	2.92	3.94	1.89	2.86	3.35	2.38	4.16	5.74	2.58
4.253	2.89	3.92	1.85	2.86	3.35	2.37	4.14	5.73	2.55
4.254	2.74	3.62	1.85	2.86	3.35	2.37	3.96	5.33	2.58
4.255	2.86	3.93	1.78	2.89	3.37	2.40	4.12	5.77	2.47
4.256	3.01	4.07	1.95	2.91	3.40	2.43	4.31	5.94	2.68
4.257	3.22	4.16	2.27	2.95	3.43	2.47	4.56	6.03	3.10
4.258	3.02	4.09	1.96	2.93	3.41	2.44	4.31	5.94	2.68
4.259	3.00	4.07	1.94	2.93	3.41	2.44	4.27	5.91	2.63
4.26	2.91	3.90	1.92	2.93	3.41	2.44	4.20	5.72	2.67
4.261	2.97	4.05	1.88	2.93	3.41	2.44	4.20	5.87	2.53
4.262	2.94	4.03	1.84	2.93	3.41	2.44	4.15	5.83	2.47
4.263	3.02	4.10	1.95	2.94	3.43	2.46	4.25	5.90	2.59
4.264	3.11	4.17	2.05	2.96	3.44	2.48	4.34	5.97	2.71
4.265	3.19	4.23	2.15	2.98	3.46	2.50	4.43	6.03	2.83
4.266	3.27	4.30	2.24	2.99	3.47	2.51	4.52	6.10	2.94
4.267	3.23	4.19	2.26	2.99	3.47	2.51	4.45	5.94	2.95
4.268	3.22	4.25	2.18	2.99	3.47	2.51	4.42	6.02	2.83
4.269	3.16	4.11	2.21	2.99	3.48	2.51	4.42	5.89	2.95
4.27	3.21	4.26	2.16	3.00	3.49	2.52	4.39	6.00	2.78
4.271	3.13	4.18	2.08	3.02	3.50	2.54	4.35	5.96	2.73
4.272	3.13	4.31	1.95	3.03	3.51	2.54	4.29	6.09	2.49
4.273	3.12	4.30	1.94	3.03	3.52	2.55	4.29	6.09	2.48
4.274	3.11	4.30	1.93	3.04	3.53	2.56	4.28	6.09	2.47
4.275	3.13	4.31	1.96	3.05	3.54	2.57	4.31	6.11	2.52
4.276	3.16	4.33	1.99	3.06	3.55	2.58	4.35	6.14	2.56
4.277	3.19	4.35	2.02	3.08	3.56	2.60	4.39	6.18	2.61
4.278	3.21	4.38	2.05	3.09	3.58	2.61	4.44	6.22	2.65
4.279	3.17	4.35	1.99	3.10	3.58	2.61	4.39	6.20	2.58
4.28	3.35	4.37	2.33	3.11	3.59	2.63	4.62	6.19	3.05
4.281	3.36	4.37	2.35	3.12	3.60	2.63	4.63	6.18	3.07
4.282	3.37	4.37	2.36	3.12	3.60	2.64	4.63	6.18	3.08
4.283	3.35	4.36	2.34	3.12	3.60	2.64	4.61	6.17	3.05
4.284	3.23	4.26	2.20	3.12	3.60	2.64	4.45	6.03	2.87
4.285	3.22	4.25	2.18	3.12	3.60	2.64	4.43	6.02	2.83
4.286	3.05	4.03	2.06	3.12	3.60	2.63	4.33	5.85	2.80
4.287	3.08	4.05	2.10	3.12	3.60	2.63	4.34	5.85	2.84
4.288	3.18	4.24	2.13	3.12	3.60	2.63	4.36	5.98	2.73
4.289	3.18	4.22	2.13	3.12	3.60	2.63	4.34	5.95	2.73
4.29	3.34	4.18	2.50	3.11	3.60	2.63	4.57	5.88	3.25
4.291	3.17	4.20	2.14	3.12	3.60	2.63	4.31	5.90	2.73
4.292	3.17	4.20	2.15	3.12	3.60	2.63	4.31	5.89	2.73
4.293	3.18	4.20	2.15	3.12	3.61	2.64	4.31	5.88	2.74
4.294	3.28	4.41	2.15	3.12	3.61	2.64	4.44	6.17	2.71
4.295	3.16	4.06	2.26	3.13	3.61	2.64	4.32	5.72	2.92
4.296	3.36	4.36	2.35	3.13	3.61	2.64	4.53	6.08	2.98
4.297	3.40	4.38	2.42	3.15	3.63	2.66	4.58	6.09	3.07
4.298	3.44	4.40	2.48	3.17	3.65	2.69	4.63	6.11	3.14
4.299	3.28	4.15	2.41	3.17	3.65	2.69	4.42	5.77	3.06
4.3	3.49	4.52	2.46	3.17	3.65	2.69	4.68	6.26	3.10
4.301	3.12	3.93	2.32	3.18	3.66	2.69	4.23	5.48	2.97
4.302	3.35	4.16	2.55	3.18	3.66	2.70	4.52	5.78	3.26
4.303	3.29	4.11	2.47	3.17	3.65	2.69	4.46	5.74	3.18
4.304	3.25	4.08	2.41	3.16	3.64	2.68	4.42	5.72	3.12
4.305	3.21	4.06	2.36	3.15	3.63	2.67	4.39	5.72	3.06
4.306	3.22	4.06	2.38	3.16	3.64	2.68	4.42	5.73	3.11
4.307	3.23	4.07	2.40	3.17	3.64	2.70	4.45	5.74	3.15
4.308	3.24	4.07	2.42	3.18	3.65	2.71	4.47	5.76	3.19
4.309	3.26	4.08	2.43	3.19	3.65	2.72	4.50	5.79	3.22
4.31	3.26	4.07	2.44	3.19	3.66	2.73	4.52	5.80	3.24
4.311	3.25	4.02	2.47	3.19	3.65	2.73	4.51	5.72	3.30
4.312	3.19	4.00	2.39	3.18	3.64	2.71	4.44	5.70	3.19
4.313	3.05	3.92	2.19	3.15	3.62	2.68	4.27	5.62	2.93
4.314	2.97	3.80	2.15	3.17	3.63	2.70	4.22	5.52	2.93
4.315	3.07	3.93	2.22	3.18	3.64	2.72	4.30	5.62	2.98
4.316	2.94	3.69	2.18	3.17	3.63	2.71	4.12	5.30	2.94
4.317	3.03	3.90	2.16	3.16	3.62	2.70	4.24	5.59	2.89
4.318	3.06	3.91	2.20	3.15	3.61	2.69	4.28	5.62	2.95
4.319	3.13	4.03	2.24	3.14	3.60	2.68	4.38	5.77	2.99
4.32	3.03	3.88	2.18	3.10	3.56	2.63	4.27	5.59	2.94
4.321	2.98	3.89	2.07	3.05	3.52	2.58	4.20	5.61	2.78
4.322	2.78	3.77	1.80	3.04	3.51	2.57	3.96	5.47	2.44
4.323	2.78	3.76	1.80	3.02	3.49	2.56	3.97	5.48	2.45
4.324	2.78	3.76	1.80	3.01	3.48	2.54	3.98	5.49	2.46
4.325	2.78	3.76	1.79	2.99	3.46	2.53	3.99	5.51	2.47
4.326	2.76	3.75	1.77	2.97	3.44	2.51	3.98	5.50	2.46
4.327	2.74	3.74	1.75	2.95	3.41	2.49	3.97	5.50	2.44
4.328	2.69	3.70	1.68	2.91	3.38	2.45	3.91	5.46	2.36
4.329	2.64	3.67	1.62	2.88	3.35	2.41	3.85	5.43	2.28
4.33	2.65	3.65	1.65	2.85	3.32	2.38	3.87	5.41	2.33
4.331	2.66	3.66	1.66	2.84	3.31	2.37	3.89	5.43	2.35
4.332	2.67	3.67	1.68	2.82	3.29	2.36	3.90	5.44	2.36
4.333	2.89	3.92	1.86	2.81	3.28	2.34	4.18	5.77	2.60
4.334	2.69	3.69	1.70	2.80	3.27	2.33	3.93	5.46	2.40
4.335	2.79	3.70	1.88	2.79	3.26	2.32	4.03	5.43	2.62
4.336	2.69	3.69	1.69	2.77	3.24	2.30	3.93	5.47	2.39
4.337	2.67	3.67	1.67	2.74	3.22	2.27	3.91	5.46	2.37
4.338	2.45	3.32	1.58	2.72	3.19	2.24	3.62	4.97	2.27
4.339	2.73	3.67	1.79	2.71	3.18	2.24	3.99	5.45	2.54
4.34	2.55	3.43	1.66	2.70	3.17	2.22	3.76	5.13	2.39
4.341	2.60	3.54	1.67	2.69	3.16	2.21	3.84	5.28	2.39
4.342	2.62	3.51	1.74	2.66	3.14	2.18	3.83	5.20	2.45
4.343	2.55	3.57	1.54	2.66	3.14	2.18	3.77	5.33	2.21
4.344	2.29	3.06	1.52	2.66	3.13	2.18	3.41	4.62	2.21
4.345	2.52	3.53	1.50	2.65	3.13	2.17	3.72	5.29	2.16
4.346	2.52	3.53	1.50	2.65	3.13	2.17	3.72	5.29	2.16
4.347	2.54	3.55	1.53	2.65	3.13	2.17	3.74	5.30	2.18
4.348	2.58	3.58	1.58	2.66	3.14	2.18	3.78	5.32	2.24
4.349	2.62	3.61	1.63	2.67	3.15	2.19	3.83	5.35	2.30
4.35	2.67	3.65	1.70	2.69	3.17	2.21	3.88	5.39	2.38
4.351	2.72	3.68	1.76	2.71	3.19	2.23	3.93	5.41	2.44
4.352	2.76	3.67	1.86	2.73	3.20	2.25	3.97	5.37	2.56
4.353	2.84	3.77	1.91	2.75	3.23	2.28	4.04	5.48	2.61
4.354	2.81	3.74	1.89	2.74	3.22	2.27	4.00	5.43	2.56
4.355	2.79	3.72	1.86	2.73	3.21	2.25	3.95	5.39	2.51
4.356	3.11	4.11	2.10	2.75	3.22	2.27	4.34	5.88	2.79
4.357	2.85	3.75	1.95	2.76	3.23	2.28	3.99	5.39	2.59
4.358	2.92	3.80	2.05	2.79	3.26	2.31	4.07	5.43	2.71
4.359	3.00	3.85	2.14	2.81	3.29	2.34	4.14	5.47	2.81
4.36	2.85	3.51	2.18	2.83	3.30	2.36	3.96	5.01	2.91
4.361	2.82	3.48	2.16	2.85	3.31	2.38	3.96	5.01	2.92
4.362	2.88	3.57	2.19	2.86	3.32	2.39	4.00	5.09	2.91
4.363	2.89	3.57	2.21	2.87	3.33	2.41	4.03	5.11	2.96
4.364	2.87	3.55	2.18	2.86	3.32	2.40	4.03	5.10	2.95
4.365	2.78	3.46	2.09	2.85	3.31	2.39	3.93	5.01	2.85
4.366	2.83	3.53	2.13	2.85	3.31	2.39	4.02	5.12	2.92
4.367	2.78	3.49	2.07	2.83	3.29	2.37	3.97	5.09	2.86
4.368	2.76	3.47	2.05	2.83	3.29	2.37	3.97	5.08	2.85
4.369	2.74	3.45	2.03	2.83	3.29	2.37	3.96	5.08	2.85
4.37	2.73	3.44	2.02	2.83	3.28	2.37	3.97	5.09	2.84
4.371	2.71	3.43	2.00	2.82	3.28	2.37	3.94	5.07	2.82
4.372	2.74	3.45	2.04	2.84	3.29	2.39	3.98	5.09	2.87
4.373	2.79	3.49	2.10	2.86	3.31	2.41	4.04	5.13	2.94
4.374	2.84	3.47	2.20	2.88	3.33	2.44	4.10	5.11	3.09
4.375	2.73	3.44	2.01	2.84	3.28	2.39	3.94	5.07	2.82
4.376	2.72	3.44	1.99	2.83	3.28	2.38	3.92	5.06	2.79
4.377	2.73	3.45	2.01	2.84	3.28	2.39	3.93	5.06	2.80
4.378	2.77	3.48	2.06	2.85	3.30	2.40	3.97	5.09	2.85
4.379	2.81	3.51	2.11	2.86	3.31	2.42	4.00	5.11	2.90
4.38	3.04	3.83	2.26	2.89	3.33	2.44	4.29	5.52	3.07
4.381	3.10	3.87	2.32	2.91	3.35	2.46	4.36	5.57	3.15
4.382	3.10	3.87	2.32	2.91	3.35	2.46	4.37	5.58	3.16
4.383	3.08	3.85	2.30	2.90	3.35	2.45	4.35	5.56	3.14
4.384	3.08	3.85	2.30	2.90	3.35	2.45	4.35	5.56	3.14
4.385	3.07	3.85	2.30	2.90	3.35	2.45	4.35	5.56	3.14
4.386	3.07	3.79	2.35	2.90	3.35	2.45	4.35	5.48	3.21
4.387	3.08	3.82	2.35	2.89	3.35	2.44	4.37	5.52	3.21
4.388	3.07	3.81	2.34	2.89	3.35	2.43	4.36	5.52	3.21
4.389	3.06	3.74	2.38	2.89	3.35	2.43	4.35	5.42	3.27
4.39	3.04	3.71	2.36	2.90	3.36	2.45	4.33	5.40	3.26
4.391	3.15	3.86	2.43	2.91	3.37	2.46	4.45	5.59	3.32
4.392	3.14	3.82	2.45	2.93	3.38	2.47	4.44	5.52	3.36
4.393	2.90	3.53	2.28	2.92	3.38	2.45	4.15	5.15	3.15
4.394	2.98	3.65	2.32	2.90	3.37	2.43	4.28	5.33	3.22
4.395	3.01	3.71	2.31	2.89	3.36	2.42	4.27	5.37	3.16
4.396	2.97	3.68	2.26	2.88	3.36	2.40	4.21	5.32	3.09
4.397	2.93	3.65	2.21	2.87	3.35	2.38	4.15	5.28	3.02
4.398	2.92	3.65	2.20	2.87	3.36	2.38	4.14	5.28	3.00
4.399	2.92	3.65	2.19	2.88	3.37	2.38	4.14	5.28	2.99
4.4	2.90	3.67	2.13	2.88	3.38	2.38	4.10	5.31	2.90
4.401	3.19	4.17	2.22	2.86	3.37	2.36	4.46	5.97	2.96
4.402	2.73	3.60	1.85	2.85	3.36	2.33	3.86	5.22	2.50
4.403	2.67	3.57	1.77	2.83	3.35	2.31	3.78	5.17	2.38
4.404	2.75	3.71	1.79	2.81	3.34	2.28	3.87	5.36	2.39
4.405	2.61	3.56	1.66	2.81	3.33	2.28	3.68	5.15	2.22
4.406	2.56	3.49	1.62	2.79	3.32	2.26	3.63	5.07	2.18
4.407	2.50	3.39	1.61	2.80	3.32	2.28	3.56	4.93	2.18
4.408	2.61	3.49	1.74	2.82	3.34	2.31	3.72	5.08	2.36
4.409	2.58	3.44	1.72	2.81	3.32	2.30	3.68	5.03	2.34
4.41	2.53	3.33	1.73	2.80	3.31	2.29	3.63	4.88	2.37
4.411	2.71	3.55	1.86	2.80	3.31	2.29	3.88	5.19	2.57
4.412	2.50	3.34	1.66	2.79	3.30	2.29	3.63	4.94	2.32
4.413	2.47	3.31	1.63	2.79	3.29	2.28	3.61	4.92	2.30
4.414	2.45	3.29	1.60	2.78	3.28	2.28	3.60	4.91	2.29
4.415	2.44	3.28	1.59	2.78	3.28	2.28	3.60	4.92	2.29
4.416	2.43	3.28	1.57	2.78	3.28	2.28	3.61	4.93	2.28
4.417	2.38	3.33	1.43	2.79	3.29	2.29	3.62	5.09	2.14
4.418	2.40	3.35	1.45	2.80	3.29	2.30	3.64	5.12	2.17
4.419	2.41	3.36	1.45	2.80	3.30	2.30	3.66	5.13	2.18
4.42	2.52	3.39	1.66	2.81	3.31	2.31	3.80	5.15	2.46
4.421	2.47	3.43	1.51	2.83	3.33	2.33	3.74	5.22	2.26
4.422	2.48	3.36	1.60	2.80	3.30	2.30	3.75	5.12	2.38
4.423	2.50	3.38	1.63	2.81	3.31	2.31	3.77	5.13	2.41
4.424	2.78	3.62	1.94	2.82	3.32	2.32	4.09	5.39	2.78
4.425	2.91	3.91	1.90	2.82	3.32	2.32	4.28	5.83	2.73
4.426	2.57	3.43	1.72	2.83	3.33	2.34	3.84	5.17	2.51
4.427	2.60	3.45	1.75	2.84	3.34	2.35	3.87	5.20	2.55
4.428	2.68	3.57	1.79	2.85	3.35	2.36	3.97	5.36	2.59
4.429	2.69	3.58	1.80	2.85	3.35	2.36	3.98	5.36	2.60
4.43	2.71	3.59	1.82	2.86	3.35	2.36	3.99	5.37	2.62
4.431	2.60	3.48	1.72	2.85	3.35	2.35	3.84	5.21	2.47
4.432	2.72	3.59	1.84	2.86	3.36	2.36	3.98	5.34	2.62
4.433	2.73	3.59	1.86	2.87	3.36	2.37	3.99	5.33	2.64
4.434	2.70	3.43	1.96	2.88	3.37	2.38	3.94	5.09	2.79
4.435	2.75	3.61	1.90	2.88	3.38	2.39	4.00	5.32	2.67
4.436	2.76	3.61	1.91	2.89	3.38	2.40	3.99	5.31	2.67
4.437	2.75	3.60	1.90	2.89	3.38	2.40	3.96	5.29	2.64
4.438	2.74	3.59	1.89	2.89	3.38	2.40	3.94	5.26	2.61
4.439	2.79	3.56	2.03	2.88	3.37	2.39	3.98	5.17	2.78
4.44	2.69	3.46	1.92	2.90	3.39	2.41	3.90	5.11	2.70
4.441	2.82	3.59	2.05	2.90	3.39	2.42	4.02	5.23	2.81
4.442	2.81	3.59	2.04	2.91	3.39	2.42	4.01	5.22	2.80
4.443	2.69	3.37	2.00	2.91	3.40	2.43	3.86	4.95	2.77
4.444	2.82	3.59	2.04	2.92	3.40	2.43	4.02	5.24	2.81
4.445	2.82	3.60	2.05	2.92	3.40	2.44	4.03	5.25	2.82
4.446	3.21	4.08	2.33	2.92	3.40	2.45	4.55	5.91	3.18
4.447	2.82	3.59	2.04	2.93	3.40	2.45	4.04	5.25	2.82
4.448	2.75	3.49	2.00	2.93	3.40	2.46	3.99	5.16	2.82
4.449	2.76	3.51	2.02	2.94	3.41	2.47	4.01	5.18	2.84
4.45	2.59	3.16	2.02	2.94	3.41	2.48	3.78	4.70	2.87
4.451	2.66	3.35	1.98	2.95	3.41	2.48	3.86	4.94	2.78
4.452	2.60	3.36	1.84	2.94	3.41	2.48	3.81	5.00	2.62
4.453	2.64	3.42	1.85	2.94	3.40	2.47	3.85	5.09	2.62
4.454	2.63	3.42	1.85	2.93	3.39	2.47	3.85	5.08	2.62
4.455	2.63	3.41	1.85	2.92	3.38	2.46	3.84	5.07	2.62
4.456	2.62	3.41	1.84	2.91	3.37	2.45	3.84	5.06	2.61
4.457	2.51	3.29	1.74	2.88	3.35	2.42	3.69	4.91	2.47
4.458	2.40	3.18	1.63	2.85	3.32	2.38	3.54	4.76	2.33
4.459	2.29	3.07	1.51	2.82	3.30	2.34	3.39	4.61	2.16
4.46	2.24	2.98	1.50	2.81	3.30	2.33	3.32	4.48	2.17
4.461	2.26	3.04	1.49	2.81	3.30	2.33	3.35	4.57	2.14
4.462	2.26	3.04	1.48	2.81	3.31	2.32	3.34	4.56	2.13
4.463	2.31	3.09	1.54	2.83	3.32	2.34	3.41	4.62	2.20
4.464	2.37	3.14	1.59	2.84	3.33	2.35	3.48	4.68	2.27
4.465	2.44	3.21	1.67	2.86	3.34	2.37	3.57	4.78	2.36
4.466	2.47	3.23	1.70	2.86	3.34	2.38	3.61	4.81	2.41
4.467	2.49	3.25	1.72	2.87	3.35	2.39	3.63	4.83	2.43
4.468	2.51	3.27	1.75	2.87	3.35	2.40	3.65	4.85	2.46
4.469	2.94	3.91	1.96	2.88	3.35	2.41	4.21	5.72	2.71
4.47	2.58	3.34	1.82	2.89	3.36	2.43	3.74	4.94	2.55
4.471	2.86	3.75	1.97	2.91	3.37	2.44	4.11	5.49	2.73
4.472	2.90	3.79	2.01	2.92	3.38	2.46	4.15	5.54	2.77
4.473	2.96	3.86	2.07	2.94	3.40	2.48	4.23	5.61	2.84
4.474	3.03	3.93	2.14	2.96	3.42	2.50	4.31	5.70	2.93
4.475	3.11	3.97	2.24	2.97	3.43	2.52	4.40	5.74	3.06
4.476	3.10	3.90	2.30	2.98	3.44	2.53	4.42	5.67	3.18
4.477	3.09	3.88	2.30	2.98	3.44	2.53	4.41	5.65	3.17
4.478	3.09	3.84	2.34	2.98	3.44	2.52	4.40	5.58	3.22
4.479	3.15	3.95	2.35	2.98	3.45	2.52	4.47	5.72	3.22
4.48	2.99	3.62	2.37	2.99	3.45	2.52	4.27	5.27	3.28
4.481	3.05	3.83	2.27	2.98	3.45	2.51	4.33	5.55	3.11
4.482	2.97	3.71	2.23	2.97	3.45	2.50	4.26	5.41	3.10
4.483	2.99	3.76	2.21	2.97	3.44	2.49	4.25	5.46	3.03
4.484	2.96	3.74	2.18	2.96	3.44	2.48	4.20	5.42	2.99
4.485	2.93	3.71	2.15	2.95	3.44	2.47	4.17	5.39	2.95
4.486	2.92	3.70	2.14	2.95	3.44	2.46	4.15	5.37	2.93
4.487	2.91	3.68	2.13	2.95	3.44	2.45	4.13	5.34	2.91
4.488	2.88	3.66	2.10	2.94	3.43	2.44	4.09	5.30	2.87
4.489	2.88	3.65	2.11	2.94	3.43	2.44	4.08	5.30	2.87
4.49	2.84	3.60	2.07	2.93	3.42	2.43	4.04	5.24	2.84
4.491	2.70	3.44	1.95	2.92	3.41	2.42	3.92	5.09	2.75
4.492	2.77	3.53	2.02	2.91	3.40	2.41	3.98	5.16	2.79
4.493	2.44	3.01	1.86	2.90	3.40	2.41	3.56	4.48	2.63
4.494	2.72	3.41	2.02	2.89	3.39	2.40	3.93	5.03	2.83
4.495	2.69	3.45	1.93	2.89	3.38	2.39	3.90	5.10	2.71
4.496	2.64	3.51	1.77	2.87	3.37	2.38	3.85	5.21	2.50
4.497	2.59	3.48	1.70	2.86	3.35	2.36	3.79	5.17	2.41
4.498	2.53	3.44	1.62	2.84	3.34	2.34	3.73	5.14	2.32
4.499	2.50	3.43	1.56	2.83	3.33	2.33	3.69	5.13	2.25
4.5	2.50	3.43	1.58	2.83	3.33	2.33	3.69	5.12	2.25

